> Task :runtime:retropack-runtime-fbneo:preBuild UP-TO-DATE
> Task :runtime:retropack-runtime-fbneo:preDebugBuild UP-TO-DATE
> Task :runtime:retropack-runtime-fbneo:configureCMakeDebug[arm64-v8a]

> Task :runtime:retropack-runtime-fbneo:buildCMakeDebug[arm64-v8a] FAILED
C/C++: ninja: Entering directory `/home/runner/work/retro-manager/retro-manager/runtime/retropack-runtime-fbneo/.cxx/Debug/1b1s4j3o/arm64-v8a'
C/C++: In file included from /home/runner/work/retro-manager/retro-manager/runtime/retropack-runtime-fbneo/submodules/fbneo/src/burn/burn_memory.cpp:7:
C/C++: In file included from /home/runner/work/retro-manager/retro-manager/runtime/retropack-runtime-fbneo/submodules/fbneo/src/burn/burnint.h:17:
C/C++: /home/runner/work/retro-manager/retro-manager/runtime/retropack-runtime-fbneo/submodules/fbneo/src/burn/devices/joyprocess.h:70:3: warning: ISO C++11 does not allow conversion from string literal to 'char *' [-Wwritable-strings]
C/C++:    70 |                 SCAN_VAR(state);
C/C++:       |                 ^
C/C++: /home/runner/work/retro-manager/retro-manager/runtime/retropack-runtime-fbneo/submodules/fbneo/src/burn/state.h:72:44: note: expanded from macro 'SCAN_VAR'
C/C++:    72 | #define SCAN_VAR(x) ScanVar(&x, sizeof(x), #x)
C/C++:       |                                            ^
C/C++: /home/runner/work/retro-manager/retro-manager/runtime/retropack-runtime-fbneo/.cxx/Debug/1b1s4j3o/arm64-v8a/<scratch space>:117:1: note: expanded from here
C/C++:   117 | "state"
C/C++:       | ^
C/C++: In file included from /home/runner/work/retro-manager/retro-manager/runtime/retropack-runtime-fbneo/submodules/fbneo/src/burn/burn_memory.cpp:7:
C/C++: In file included from /home/runner/work/retro-manager/retro-manager/runtime/retropack-runtime-fbneo/submodules/fbneo/src/burn/burnint.h:17:
C/C++: /home/runner/work/retro-manager/retro-manager/runtime/retropack-runtime-fbneo/submodules/fbneo/src/burn/devices/joyprocess.h:71:3: warning: ISO C++11 does not allow conversion from string literal to 'char *' [-Wwritable-strings]
C/C++:    71 |                 SCAN_VAR(last_state);
C/C++:       |                 ^
C/C++: /home/runner/work/retro-manager/retro-manager/runtime/retropack-runtime-fbneo/submodules/fbneo/src/burn/state.h:72:44: note: expanded from macro 'SCAN_VAR'
C/C++:    72 | #define SCAN_VAR(x) ScanVar(&x, sizeof(x), #x)
C/C++:       |                                            ^
C/C++: /home/runner/work/retro-manager/retro-manager/runtime/retropack-runtime-fbneo/.cxx/Debug/1b1s4j3o/arm64-v8a/<scratch space>:118:1: note: expanded from here
C/C++:   118 | "last_state"
C/C++:       | ^
C/C++: /home/runner/work/retro-manager/retro-manager/runtime/retropack-runtime-fbneo/submodules/fbneo/src/burn/burn_memory.cpp:38:20: warning: ISO C++11 does not allow conversion from string literal to 'TCHAR *' (aka 'char *') [-Wwritable-strings]
C/C++:    38 |                                 bprintf (0, _T("BurnMalloc failed to allocate %d bytes of memory!\n"), size);
C/C++:       |                                                ^
C/C++: /home/runner/work/retro-manager/retro-manager/runtime/retropack-runtime-fbneo/submodules/fbneo/src/burn/burn_memory.cpp:55:17: warning: ISO C++11 does not allow conversion from string literal to 'TCHAR *' (aka 'char *') [-Wwritable-strings]
C/C++:    55 |         bprintf (0, _T("BurnMalloc called too many times!\n"));
C/C++:       |                        ^
C/C++: /home/runner/work/retro-manager/retro-manager/runtime/retropack-runtime-fbneo/submodules/fbneo/src/burn/burn_memory.cpp:76:18: warning: ISO C++11 does not allow conversion from string literal to 'TCHAR *' (aka 'char *') [-Wwritable-strings]
C/C++:    76 |                         bprintf(0, _T("burn_memory.cpp(%s): OOB detected in allocated index %d @ %x!!\n"), (type == MEM_FREE) ? _T("BurnFree()") : _T("BurnRealloc()"), i, z);
C/C++:       |                                       ^
C/C++: /home/runner/work/retro-manager/retro-manager/runtime/retropack-runtime-fbneo/submodules/fbneo/src/burn/burn_memory.cpp:82:17: warning: ISO C++11 does not allow conversion from string literal to 'TCHAR *' (aka 'char *') [-Wwritable-strings]
C/C++:    82 |                 bprintf(0, _T("->OOB memory issue detected in allocated index %d, please let FBNeo team know!\n"), i);
C/C++:       |                               ^
C/C++: /home/runner/work/retro-manager/retro-manager/runtime/retropack-runtime-fbneo/submodules/fbneo/src/burn/burn_memory.cpp:132:16: warning: ISO C++11 does not allow conversion from string literal to 'char *' [-Wwritable-strings]
C/C++:   132 |         UINT8 *temp = BurnMalloc(size);
C/C++:       |                       ^
C/C++: /home/runner/work/retro-manager/retro-manager/runtime/retropack-runtime-fbneo/submodules/fbneo/src/burn/burnint.h:199:38: note: expanded from macro 'BurnMalloc'
C/C++:   199 | #define BurnMalloc(x) _BurnMalloc(x, __FILE__, __LINE__)
C/C++:       |                                      ^
C/C++: /home/runner/work/retro-manager/retro-manager/runtime/retropack-runtime-fbneo/.cxx/Debug/1b1s4j3o/arm64-v8a/<scratch space>:124:1: note: expanded from here
C/C++:   124 | "/home/runner/work/retro-manager/retro-manager/runtime/retropack-runtime-fbneo/submodules/fbneo/src/burn/burn_memory.cpp"
C/C++:       | ^
C/C++: 7 warnings generated.
C/C++: /usr/local/lib/android/sdk/ndk/27.0.12077973/toolchains/llvm/prebuilt/linux-x86_64/bin/clang --target=aarch64-none-linux-android26 --sysroot=/usr/local/lib/android/sdk/ndk/27.0.12077973/toolchains/llvm/prebuilt/linux-x86_64/sysroot -DBUILD_NEOGEO=1 -DHAVE_FBNEO_CORE=1 -DINLINE=inline -DSUPPORT_SPLIT_DRIVER=1 -D__LIBRETRO_OPTIMIZATIONS__=1 -D__LIBRETRO__=1 -Dretropack_runtime_fbneo_EXPORTS -I/home/runner/work/retro-manager/retro-manager/runtime/retropack-runtime-fbneo/src/main/cpp -I/home/runner/work/retro-manager/retro-manager/runtime/retropack-runtime-fbneo/../retropack-runtime-common/src/main/cpp -I/home/runner/work/retro-manager/retro-manager/runtime/retropack-runtime-fbneo/submodules/fbneo -I/home/runner/work/retro-manager/retro-manager/runtime/retropack-runtime-fbneo/submodules/fbneo/src -I/home/runner/work/retro-manager/retro-manager/runtime/retropack-runtime-fbneo/submodules/fbneo/src/burn -I/home/runner/work/retro-manager/retro-manager/runtime/retropack-runtime-fbneo/submodules/fbneo/src/burn/devices -I/home/runner/work/retro-manager/retro-manager/runtime/retropack-runtime-fbneo/submodules/fbneo/src/burn/snd -I/home/runner/work/retro-manager/retro-manager/runtime/retropack-runtime-fbneo/submodules/fbneo/src/burn/drv/neogeo -I/home/runner/work/retro-manager/retro-manager/runtime/retropack-runtime-fbneo/submodules/fbneo/src/burner -I/home/runner/work/retro-manager/retro-manager/runtime/retropack-runtime-fbneo/submodules/fbneo/src/burner/libretro -I/home/runner/work/retro-manager/retro-manager/runtime/retropack-runtime-fbneo/submodules/fbneo/src/burner/libretro/libretro-common/include -I/home/runner/work/retro-manager/retro-manager/runtime/retropack-runtime-fbneo/submodules/fbneo/src/cpu -I/home/runner/work/retro-manager/retro-manager/runtime/retropack-runtime-fbneo/submodules/fbneo/src/cpu/m68k -I/home/runner/work/retro-manager/retro-manager/runtime/retropack-runtime-fbneo/submodules/fbneo/src/cpu/z80 -I/home/runner/work/retro-manager/retro-manager/runtime/retropack-runtime-fbneo/submodules/fbneo/src/dep/libs/zlib -g -DANDROID -fdata-sections -ffunction-sections -funwind-tables -fstack-protector-strong -no-canonical-prefixes -D_FORTIFY_SOURCE=2 -Wformat -Werror=format-security  -fno-limit-debug-info  -fPIC -std=gnu11 -MD -MT CMakeFiles/retropack-runtime-fbneo.dir/src/main/cpp/fbneo-jni.c.o -MF CMakeFiles/retropack-runtime-fbneo.dir/src/main/cpp/fbneo-jni.c.o.d -o CMakeFiles/retropack-runtime-fbneo.dir/src/main/cpp/fbneo-jni.c.o -c /home/runner/work/retro-manager/retro-manager/runtime/retropack-runtime-fbneo/src/main/cpp/fbneo-jni.c
C/C++: In file included from /home/runner/work/retro-manager/retro-manager/runtime/retropack-runtime-fbneo/src/main/cpp/fbneo-jni.c:43:
C/C++: In file included from /home/runner/work/retro-manager/retro-manager/runtime/retropack-runtime-fbneo/submodules/fbneo/src/burner/burner.h:27:
C/C++: In file included from /home/runner/work/retro-manager/retro-manager/runtime/retropack-runtime-fbneo/submodules/fbneo/src/burn/burn.h:124:
C/C++: /home/runner/work/retro-manager/retro-manager/runtime/retropack-runtime-fbneo/submodules/fbneo/src/burn/cheat.h:50:8: error: must use 'struct' tag to refer to type 'CheatInfo'
C/C++:    50 | extern CheatInfo* pCheatInfo;
C/C++:       |        ^
C/C++:       |        struct 
C/C++: In file included from /home/runner/work/retro-manager/retro-manager/runtime/retropack-runtime-fbneo/src/main/cpp/fbneo-jni.c:43:
C/C++: In file included from /home/runner/work/retro-manager/retro-manager/runtime/retropack-runtime-fbneo/submodules/fbneo/src/burner/burner.h:27:
C/C++: In file included from /home/runner/work/retro-manager/retro-manager/runtime/retropack-runtime-fbneo/submodules/fbneo/src/burn/burn.h:125:
C/C++: /home/runner/work/retro-manager/retro-manager/runtime/retropack-runtime-fbneo/submodules/fbneo/src/burn/hiscore.h:15:41: error: C does not support default arguments
C/C++:    15 | void HiscoreReset(INT32 nHiscoreOptions = 0);
C/C++:       |                                         ^ ~
C/C++: In file included from /home/runner/work/retro-manager/retro-manager/runtime/retropack-runtime-fbneo/src/main/cpp/fbneo-jni.c:43:
C/C++: In file included from /home/runner/work/retro-manager/retro-manager/runtime/retropack-runtime-fbneo/submodules/fbneo/src/burner/burner.h:27:
C/C++: /home/runner/work/retro-manager/retro-manager/runtime/retropack-runtime-fbneo/submodules/fbneo/src/burn/burn.h:142:55: error: must use 'enum' tag to refer to type 'BurnCartrigeCommand'
C/C++:   142 | extern INT32 (__cdecl *BurnExtCartridgeSetupCallback)(BurnCartrigeCommand nCommand);
C/C++:       |                                                       ^
C/C++:       |                                                       enum 
C/C++: /home/runner/work/retro-manager/retro-manager/runtime/retropack-runtime-fbneo/submodules/fbneo/src/burn/burn.h:226:8: error: must use 'struct' tag to refer to type 'RomDataInfo'
C/C++:   226 | extern RomDataInfo* pRDI;
C/C++:       |        ^
C/C++:       |        struct 
C/C++: /home/runner/work/retro-manager/retro-manager/runtime/retropack-runtime-fbneo/submodules/fbneo/src/burn/burn.h:227:8: error: must use 'struct' tag to refer to type 'BurnRomInfo'
C/C++:   227 | extern BurnRomInfo* pDataRomDesc;
C/C++:       |        ^
C/C++:       |        struct 
C/C++: /home/runner/work/retro-manager/retro-manager/runtime/retropack-runtime-fbneo/submodules/fbneo/src/burn/burn.h:407:29: error: must use 'enum' tag to refer to type 'BurnCartrigeCommand'
C/C++:   407 | INT32 BurnDrvCartridgeSetup(BurnCartrigeCommand nCommand);
C/C++:       |                             ^
C/C++:       |                             enum 
C/C++: /home/runner/work/retro-manager/retro-manager/runtime/retropack-runtime-fbneo/submodules/fbneo/src/burn/burn.h:419:23: error: must use 'struct' tag to refer to type 'tm'
C/C++:   419 | void BurnGetLocalTime(tm *nTime);                   // Retrieve local-time of machine w/tweaks for netgame and input recordings
C/C++:       |                       ^
C/C++:       |                       struct 
C/C++: /home/runner/work/retro-manager/retro-manager/runtime/retropack-runtime-fbneo/submodules/fbneo/src/burn/burn.h:533:81: error: C does not support default arguments
C/C++:   533 | void IpsApplyPatches(UINT8* base, char* rom_name, UINT32 rom_crc, bool readonly = false);
C/C++:       |                                                                                 ^ ~~~~~
C/C++: In file included from /home/runner/work/retro-manager/retro-manager/runtime/retropack-runtime-fbneo/src/main/cpp/fbneo-jni.c:43:
C/C++: In file included from /home/runner/work/retro-manager/retro-manager/runtime/retropack-runtime-fbneo/submodules/fbneo/src/burner/burner.h:28:
C/C++: /home/runner/work/retro-manager/retro-manager/runtime/retropack-runtime-fbneo/submodules/fbneo/src/burn/devices/joyprocess.h:40:7: error: conflicting types for 'ProcessAnalog'
C/C++:    40 | UINT8 ProcessAnalog(INT16 anaval, INT32 reversed, INT32 flags, UINT8 scalemin, UINT8 scalemax, UINT8 centerval);
C/C++:       |       ^
C/C++: /home/runner/work/retro-manager/retro-manager/runtime/retropack-runtime-fbneo/submodules/fbneo/src/burn/devices/joyprocess.h:39:7: note: previous declaration is here
C/C++:    39 | UINT8 ProcessAnalog(INT16 anaval, INT32 reversed, INT32 flags, UINT8 scalemin, UINT8 scalemax);
C/C++:       |       ^
C/C++: /home/runner/work/retro-manager/retro-manager/runtime/retropack-runtime-fbneo/submodules/fbneo/src/burn/devices/joyprocess.h:42:45: error: C does not support default arguments
C/C++:    42 | INT32 AnalogDeadZone(INT32 anaval, INT32 dz = 4);
C/C++:       |                                             ^ ~
C/C++: /home/runner/work/retro-manager/retro-manager/runtime/retropack-runtime-fbneo/submodules/fbneo/src/burn/devices/joyprocess.h:52:2: error: type name requires a specifier or qualifier
C/C++:    52 |         ButtonToggle() {
C/C++:       |         ^
C/C++: /home/runner/work/retro-manager/retro-manager/runtime/retropack-runtime-fbneo/submodules/fbneo/src/burn/devices/joyprocess.h:52:16: error: expected ';' at end of declaration list
C/C++:    52 |         ButtonToggle() {
C/C++:       |                       ^
C/C++:       |                       ;
C/C++: /home/runner/work/retro-manager/retro-manager/runtime/retropack-runtime-fbneo/submodules/fbneo/src/burn/devices/joyprocess.h:76:1: error: unknown type name 'template'
C/C++:    76 | template <int N, typename T = UINT8>
C/C++:       | ^
C/C++: /home/runner/work/retro-manager/retro-manager/runtime/retropack-runtime-fbneo/submodules/fbneo/src/burn/devices/joyprocess.h:76:10: error: expected identifier or '('
C/C++:    76 | template <int N, typename T = UINT8>
C/C++:       |          ^
C/C++: /home/runner/work/retro-manager/retro-manager/runtime/retropack-runtime-fbneo/submodules/fbneo/src/burn/devices/joyprocess.h:122:1: error: unknown type name 'template'
C/C++:   122 | template <int N, typename T>
C/C++:       | ^
C/C++: /home/runner/work/retro-manager/retro-manager/runtime/retropack-runtime-fbneo/submodules/fbneo/src/burn/devices/joyprocess.h:122:10: error: expected identifier or '('
C/C++:   122 | template <int N, typename T>
C/C++:       |          ^
C/C++: In file included from /home/runner/work/retro-manager/retro-manager/runtime/retropack-runtime-fbneo/src/main/cpp/fbneo-jni.c:43:
C/C++: In file included from /home/runner/work/retro-manager/retro-manager/runtime/retropack-runtime-fbneo/submodules/fbneo/src/burner/burner.h:51:
C/C++: /home/runner/work/retro-manager/retro-manager/runtime/retropack-runtime-fbneo/submodules/fbneo/src/burner/libretro/burner_libretro.h:5:10: fatal error: 'cd_interface.h' file not found
C/C++:     5 | #include "cd_interface.h"
C/C++:       |          ^~~~~~~~~~~~~~~~
C/C++: 17 errors generated.
C/C++: /usr/local/lib/android/sdk/ndk/27.0.12077973/toolchains/llvm/prebuilt/linux-x86_64/bin/clang++ --target=aarch64-none-linux-android26 --sysroot=/usr/local/lib/android/sdk/ndk/27.0.12077973/toolchains/llvm/prebuilt/linux-x86_64/sysroot -DBUILD_NEOGEO=1 -DHAVE_FBNEO_CORE=1 -DINLINE=inline -DSUPPORT_SPLIT_DRIVER=1 -D__LIBRETRO_OPTIMIZATIONS__=1 -D__LIBRETRO__=1 -Dretropack_runtime_fbneo_EXPORTS -I/home/runner/work/retro-manager/retro-manager/runtime/retropack-runtime-fbneo/src/main/cpp -I/home/runner/work/retro-manager/retro-manager/runtime/retropack-runtime-fbneo/../retropack-runtime-common/src/main/cpp -I/home/runner/work/retro-manager/retro-manager/runtime/retropack-runtime-fbneo/submodules/fbneo -I/home/runner/work/retro-manager/retro-manager/runtime/retropack-runtime-fbneo/submodules/fbneo/src -I/home/runner/work/retro-manager/retro-manager/runtime/retropack-runtime-fbneo/submodules/fbneo/src/burn -I/home/runner/work/retro-manager/retro-manager/runtime/retropack-runtime-fbneo/submodules/fbneo/src/burn/devices -I/home/runner/work/retro-manager/retro-manager/runtime/retropack-runtime-fbneo/submodules/fbneo/src/burn/snd -I/home/runner/work/retro-manager/retro-manager/runtime/retropack-runtime-fbneo/submodules/fbneo/src/burn/drv/neogeo -I/home/runner/work/retro-manager/retro-manager/runtime/retropack-runtime-fbneo/submodules/fbneo/src/burner -I/home/runner/work/retro-manager/retro-manager/runtime/retropack-runtime-fbneo/submodules/fbneo/src/burner/libretro -I/home/runner/work/retro-manager/retro-manager/runtime/retropack-runtime-fbneo/submodules/fbneo/src/burner/libretro/libretro-common/include -I/home/runner/work/retro-manager/retro-manager/runtime/retropack-runtime-fbneo/submodules/fbneo/src/cpu -I/home/runner/work/retro-manager/retro-manager/runtime/retropack-runtime-fbneo/submodules/fbneo/src/cpu/m68k -I/home/runner/work/retro-manager/retro-manager/runtime/retropack-runtime-fbneo/submodules/fbneo/src/cpu/z80 -I/home/runner/work/retro-manager/retro-manager/runtime/retropack-runtime-fbneo/submodules/fbneo/src/dep/libs/zlib -g -DANDROID -fdata-sections -ffunction-sections -funwind-tables -fstack-protector-strong -no-canonical-prefixes -D_FORTIFY_SOURCE=2 -Wformat -Werror=format-security   -fno-limit-debug-info  -fPIC -MD -MT CMakeFiles/retropack-runtime-fbneo.dir/submodules/fbneo/src/burn/burn.cpp.o -MF CMakeFiles/retropack-runtime-fbneo.dir/submodules/fbneo/src/burn/burn.cpp.o.d -o CMakeFiles/retropack-runtime-fbneo.dir/submodules/fbneo/src/burn/burn.cpp.o -c /home/runner/work/retro-manager/retro-manager/runtime/retropack-runtime-fbneo/submodules/fbneo/src/burn/burn.cpp
C/C++: In file included from /home/runner/work/retro-manager/retro-manager/runtime/retropack-runtime-fbneo/submodules/fbneo/src/burn/burn.cpp:4:
C/C++: In file included from /home/runner/work/retro-manager/retro-manager/runtime/retropack-runtime-fbneo/submodules/fbneo/src/burn/burnint.h:17:
C/C++: /home/runner/work/retro-manager/retro-manager/runtime/retropack-runtime-fbneo/submodules/fbneo/src/burn/devices/joyprocess.h:70:3: warning: ISO C++11 does not allow conversion from string literal to 'char *' [-Wwritable-strings]
C/C++:    70 |                 SCAN_VAR(state);
C/C++:       |                 ^
C/C++: /home/runner/work/retro-manager/retro-manager/runtime/retropack-runtime-fbneo/submodules/fbneo/src/burn/state.h:72:44: note: expanded from macro 'SCAN_VAR'
C/C++:    72 | #define SCAN_VAR(x) ScanVar(&x, sizeof(x), #x)
C/C++:       |                                            ^
C/C++: /home/runner/work/retro-manager/retro-manager/runtime/retropack-runtime-fbneo/.cxx/Debug/1b1s4j3o/arm64-v8a/<scratch space>:117:1: note: expanded from here
C/C++:   117 | "state"
C/C++:       | ^
C/C++: In file included from /home/runner/work/retro-manager/retro-manager/runtime/retropack-runtime-fbneo/submodules/fbneo/src/burn/burn.cpp:4:
C/C++: In file included from /home/runner/work/retro-manager/retro-manager/runtime/retropack-runtime-fbneo/submodules/fbneo/src/burn/burnint.h:17:
C/C++: /home/runner/work/retro-manager/retro-manager/runtime/retropack-runtime-fbneo/submodules/fbneo/src/burn/devices/joyprocess.h:71:3: warning: ISO C++11 does not allow conversion from string literal to 'char *' [-Wwritable-strings]
C/C++:    71 |                 SCAN_VAR(last_state);
C/C++:       |                 ^
C/C++: /home/runner/work/retro-manager/retro-manager/runtime/retropack-runtime-fbneo/submodules/fbneo/src/burn/state.h:72:44: note: expanded from macro 'SCAN_VAR'
C/C++:    72 | #define SCAN_VAR(x) ScanVar(&x, sizeof(x), #x)
C/C++:       |                                            ^
C/C++: /home/runner/work/retro-manager/retro-manager/runtime/retropack-runtime-fbneo/.cxx/Debug/1b1s4j3o/arm64-v8a/<scratch space>:118:1: note: expanded from here
C/C++:   118 | "last_state"
C/C++:       | ^
C/C++: /home/runner/work/retro-manager/retro-manager/runtime/retropack-runtime-fbneo/submodules/fbneo/src/burn/burn.cpp:7:10: fatal error: 'driverlist.h' file not found
C/C++:     7 | #include "driverlist.h"
C/C++:       |          ^~~~~~~~~~~~~~
C/C++: 2 warnings and 1 error generated.
C/C++: In file included from /home/runner/work/retro-manager/retro-manager/runtime/retropack-runtime-fbneo/submodules/fbneo/src/burn/burn_sound.cpp:1:
C/C++: In file included from /home/runner/work/retro-manager/retro-manager/runtime/retropack-runtime-fbneo/submodules/fbneo/src/burn/burnint.h:17:
C/C++: /home/runner/work/retro-manager/retro-manager/runtime/retropack-runtime-fbneo/submodules/fbneo/src/burn/devices/joyprocess.h:70:3: warning: ISO C++11 does not allow conversion from string literal to 'char *' [-Wwritable-strings]
C/C++:    70 |                 SCAN_VAR(state);
C/C++:       |                 ^
C/C++: /home/runner/work/retro-manager/retro-manager/runtime/retropack-runtime-fbneo/submodules/fbneo/src/burn/state.h:72:44: note: expanded from macro 'SCAN_VAR'
C/C++:    72 | #define SCAN_VAR(x) ScanVar(&x, sizeof(x), #x)
C/C++:       |                                            ^
C/C++: /home/runner/work/retro-manager/retro-manager/runtime/retropack-runtime-fbneo/.cxx/Debug/1b1s4j3o/arm64-v8a/<scratch space>:117:1: note: expanded from here
C/C++:   117 | "state"
C/C++:       | ^
C/C++: In file included from /home/runner/work/retro-manager/retro-manager/runtime/retropack-runtime-fbneo/submodules/fbneo/src/burn/burn_sound.cpp:1:
C/C++: In file included from /home/runner/work/retro-manager/retro-manager/runtime/retropack-runtime-fbneo/submodules/fbneo/src/burn/burnint.h:17:
C/C++: /home/runner/work/retro-manager/retro-manager/runtime/retropack-runtime-fbneo/submodules/fbneo/src/burn/devices/joyprocess.h:71:3: warning: ISO C++11 does not allow conversion from string literal to 'char *' [-Wwritable-strings]
C/C++:    71 |                 SCAN_VAR(last_state);
C/C++:       |                 ^
C/C++: /home/runner/work/retro-manager/retro-manager/runtime/retropack-runtime-fbneo/submodules/fbneo/src/burn/state.h:72:44: note: expanded from macro 'SCAN_VAR'
C/C++:    72 | #define SCAN_VAR(x) ScanVar(&x, sizeof(x), #x)
C/C++:       |                                            ^
C/C++: /home/runner/work/retro-manager/retro-manager/runtime/retropack-runtime-fbneo/.cxx/Debug/1b1s4j3o/arm64-v8a/<scratch space>:118:1: note: expanded from here
C/C++:   118 | "last_state"
C/C++:       | ^
C/C++: /home/runner/work/retro-manager/retro-manager/runtime/retropack-runtime-fbneo/submodules/fbneo/src/burn/burn_sound.cpp:75:26: warning: ISO C++11 does not allow conversion from string literal to 'TCHAR *' (aka 'char *') [-Wwritable-strings]
C/C++:    75 |         if (clip) bprintf(0, _T("BurnSoundTweakVolume(): CLIPPING @ frame %x\n"), nCurrentFrame);
C/C++:       |                                 ^
C/C++: 3 warnings generated.
C/C++: In file included from /home/runner/work/retro-manager/retro-manager/runtime/retropack-runtime-fbneo/submodules/fbneo/src/burn/debug_track.cpp:3:
C/C++: In file included from /home/runner/work/retro-manager/retro-manager/runtime/retropack-runtime-fbneo/submodules/fbneo/src/burn/burnint.h:17:
C/C++: /home/runner/work/retro-manager/retro-manager/runtime/retropack-runtime-fbneo/submodules/fbneo/src/burn/devices/joyprocess.h:70:3: warning: ISO C++11 does not allow conversion from string literal to 'char *' [-Wwritable-strings]
C/C++:    70 |                 SCAN_VAR(state);
C/C++:       |                 ^
C/C++: /home/runner/work/retro-manager/retro-manager/runtime/retropack-runtime-fbneo/submodules/fbneo/src/burn/state.h:72:44: note: expanded from macro 'SCAN_VAR'
C/C++:    72 | #define SCAN_VAR(x) ScanVar(&x, sizeof(x), #x)
C/C++:       |                                            ^
C/C++: /home/runner/work/retro-manager/retro-manager/runtime/retropack-runtime-fbneo/.cxx/Debug/1b1s4j3o/arm64-v8a/<scratch space>:117:1: note: expanded from here
C/C++:   117 | "state"
C/C++:       | ^
C/C++: In file included from /home/runner/work/retro-manager/retro-manager/runtime/retropack-runtime-fbneo/submodules/fbneo/src/burn/debug_track.cpp:3:
C/C++: In file included from /home/runner/work/retro-manager/retro-manager/runtime/retropack-runtime-fbneo/submodules/fbneo/src/burn/burnint.h:17:
C/C++: /home/runner/work/retro-manager/retro-manager/runtime/retropack-runtime-fbneo/submodules/fbneo/src/burn/devices/joyprocess.h:71:3: warning: ISO C++11 does not allow conversion from string literal to 'char *' [-Wwritable-strings]
C/C++:    71 |                 SCAN_VAR(last_state);
C/C++:       |                 ^
C/C++: /home/runner/work/retro-manager/retro-manager/runtime/retropack-runtime-fbneo/submodules/fbneo/src/burn/state.h:72:44: note: expanded from macro 'SCAN_VAR'
C/C++:    72 | #define SCAN_VAR(x) ScanVar(&x, sizeof(x), #x)
C/C++:       |                                            ^
C/C++: /home/runner/work/retro-manager/retro-manager/runtime/retropack-runtime-fbneo/.cxx/Debug/1b1s4j3o/arm64-v8a/<scratch space>:118:1: note: expanded from here
C/C++:   118 | "last_state"
C/C++:       | ^
C/C++: /home/runner/work/retro-manager/retro-manager/runtime/retropack-runtime-fbneo/submodules/fbneo/src/burn/debug_track.cpp:85:59: warning: ISO C++11 does not allow conversion from string literal to 'TCHAR *' (aka 'char *') [-Wwritable-strings]
C/C++:    85 |         if (Debug_BurnTransferInitted)          bprintf(PRINT_ERROR, _T("BurnTransfer Not Exited\n"));
C/C++:       |                                                                         ^
C/C++: /home/runner/work/retro-manager/retro-manager/runtime/retropack-runtime-fbneo/submodules/fbneo/src/burn/debug_track.cpp:86:55: warning: ISO C++11 does not allow conversion from string literal to 'TCHAR *' (aka 'char *') [-Wwritable-strings]
C/C++:    86 |         if (Debug_BurnGunInitted)                       bprintf(PRINT_ERROR, _T("BurnGun Not Exited\n"));
C/C++:       |                                                                                 ^
C/C++: /home/runner/work/retro-manager/retro-manager/runtime/retropack-runtime-fbneo/submodules/fbneo/src/burn/debug_track.cpp:87:55: warning: ISO C++11 does not allow conversion from string literal to 'TCHAR *' (aka 'char *') [-Wwritable-strings]
C/C++:    87 |         if (Debug_BurnLedInitted)                       bprintf(PRINT_ERROR, _T("BurnLed Not Exited\n"));
C/C++:       |                                                                                 ^
C/C++: /home/runner/work/retro-manager/retro-manager/runtime/retropack-runtime-fbneo/submodules/fbneo/src/burn/debug_track.cpp:88:56: warning: ISO C++11 does not allow conversion from string literal to 'TCHAR *' (aka 'char *') [-Wwritable-strings]
C/C++:    88 |         if (Debug_BurnShiftInitted)             bprintf(PRINT_ERROR, _T("BurnShit Not Exited\n"));
C/C++:       |                                                                         ^
C/C++: /home/runner/work/retro-manager/retro-manager/runtime/retropack-runtime-fbneo/submodules/fbneo/src/burn/debug_track.cpp:89:55: warning: ISO C++11 does not allow conversion from string literal to 'TCHAR *' (aka 'char *') [-Wwritable-strings]
C/C++:    89 |         if (Debug_HiscoreInitted)                       bprintf(PRINT_ERROR, _T("Hiscore Not Exited\n"));
C/C++:       |                                                                                 ^
C/C++: /home/runner/work/retro-manager/retro-manager/runtime/retropack-runtime-fbneo/submodules/fbneo/src/burn/debug_track.cpp:90:59: warning: ISO C++11 does not allow conversion from string literal to 'TCHAR *' (aka 'char *') [-Wwritable-strings]
C/C++:    90 |         if (Debug_GenericTilesInitted)          bprintf(PRINT_ERROR, _T("GenericTiles Not Exited\n"));
C/C++:       |                                                                         ^
C/C++: /home/runner/work/retro-manager/retro-manager/runtime/retropack-runtime-fbneo/submodules/fbneo/src/burn/debug_track.cpp:92:57: warning: ISO C++11 does not allow conversion from string literal to 'TCHAR *' (aka 'char *') [-Wwritable-strings]
C/C++:    92 |         if (DebugDev_8255PPIInitted)            bprintf(PRINT_ERROR, _T("Device 8255PPI Not Exited\n"));
C/C++:       |                                                                         ^
C/C++: /home/runner/work/retro-manager/retro-manager/runtime/retropack-runtime-fbneo/submodules/fbneo/src/burn/debug_track.cpp:93:57: warning: ISO C++11 does not allow conversion from string literal to 'TCHAR *' (aka 'char *') [-Wwritable-strings]
C/C++:    93 |         if (DebugDev_8257DMAInitted)            bprintf(PRINT_ERROR, _T("Device 8257DMA Not Exited\n"));
C/C++:       |                                                                         ^
C/C++: /home/runner/work/retro-manager/retro-manager/runtime/retropack-runtime-fbneo/submodules/fbneo/src/burn/debug_track.cpp:94:56: warning: ISO C++11 does not allow conversion from string literal to 'TCHAR *' (aka 'char *') [-Wwritable-strings]
C/C++:    94 |         if (DebugDev_EEPROMInitted)             bprintf(PRINT_ERROR, _T("Device EEPROM Not Exited\n"));
C/C++:       |                                                                         ^
C/C++: /home/runner/work/retro-manager/retro-manager/runtime/retropack-runtime-fbneo/submodules/fbneo/src/burn/debug_track.cpp:95:57: warning: ISO C++11 does not allow conversion from string literal to 'TCHAR *' (aka 'char *') [-Wwritable-strings]
C/C++:    95 |         if (DebugDev_PandoraInitted)            bprintf(PRINT_ERROR, _T("Device Pandora Not Exited\n"));
C/C++:       |                                                                         ^
C/C++: /home/runner/work/retro-manager/retro-manager/runtime/retropack-runtime-fbneo/submodules/fbneo/src/burn/debug_track.cpp:96:58: warning: ISO C++11 does not allow conversion from string literal to 'TCHAR *' (aka 'char *') [-Wwritable-strings]
C/C++:    96 |         if (DebugDev_SeibuSndInitted)           bprintf(PRINT_ERROR, _T("Device SeibuSnd Not Exited\n"));
C/C++:       |                                                                         ^
C/C++: /home/runner/work/retro-manager/retro-manager/runtime/retropack-runtime-fbneo/submodules/fbneo/src/burn/debug_track.cpp:97:57: warning: ISO C++11 does not allow conversion from string literal to 'TCHAR *' (aka 'char *') [-Wwritable-strings]
C/C++:    97 |         if (DebugDev_SknsSprInitted)            bprintf(PRINT_ERROR, _T("Device SknsSpr Not Exited\n"));
C/C++:       |                                                                         ^
C/C++: /home/runner/work/retro-manager/retro-manager/runtime/retropack-runtime-fbneo/submodules/fbneo/src/burn/debug_track.cpp:98:58: warning: ISO C++11 does not allow conversion from string literal to 'TCHAR *' (aka 'char *') [-Wwritable-strings]
C/C++:    98 |         if (DebugDev_SlapsticInitted)           bprintf(PRINT_ERROR, _T("Device Slapstic Not Exited\n"));
C/C++:       |                                                                         ^
C/C++: /home/runner/work/retro-manager/retro-manager/runtime/retropack-runtime-fbneo/submodules/fbneo/src/burn/debug_track.cpp:99:56: warning: ISO C++11 does not allow conversion from string literal to 'TCHAR *' (aka 'char *') [-Wwritable-strings]
C/C++:    99 |         if (DebugDev_T5182Initted)                      bprintf(PRINT_ERROR, _T("Device T5182 Not Exited\n"));
C/C++:       |                                                                                 ^
C/C++: /home/runner/work/retro-manager/retro-manager/runtime/retropack-runtime-fbneo/submodules/fbneo/src/burn/debug_track.cpp:100:57: warning: ISO C++11 does not allow conversion from string literal to 'TCHAR *' (aka 'char *') [-Wwritable-strings]
C/C++:   100 |         if (DebugDev_TimeKprInitted)            bprintf(PRINT_ERROR, _T("Device TimeKpr Not Exited\n"));
C/C++:       |                                                                         ^
C/C++: /home/runner/work/retro-manager/retro-manager/runtime/retropack-runtime-fbneo/submodules/fbneo/src/burn/debug_track.cpp:101:58: warning: ISO C++11 does not allow conversion from string literal to 'TCHAR *' (aka 'char *') [-Wwritable-strings]
C/C++:   101 |         if (DebugDev_Tms34061Initted)           bprintf(PRINT_ERROR, _T("Device TMS34061 Not Exited\n"));
C/C++:       |                                                                         ^
C/C++: /home/runner/work/retro-manager/retro-manager/runtime/retropack-runtime-fbneo/submodules/fbneo/src/burn/debug_track.cpp:102:56: warning: ISO C++11 does not allow conversion from string literal to 'TCHAR *' (aka 'char *') [-Wwritable-strings]
C/C++:   102 |         if (DebugDev_V3021Initted)                      bprintf(PRINT_ERROR, _T("Device V3021 Not Exited\n"));
C/C++:       |                                                                                 ^
C/C++: /home/runner/work/retro-manager/retro-manager/runtime/retropack-runtime-fbneo/submodules/fbneo/src/burn/debug_track.cpp:103:54: warning: ISO C++11 does not allow conversion from string literal to 'TCHAR *' (aka 'char *') [-Wwritable-strings]
C/C++:   103 |         if (DebugDev_VDCInitted)                        bprintf(PRINT_ERROR, _T("Device VDC Not Exited\n"));
C/C++:       |                                                                                 ^
C/C++: /home/runner/work/retro-manager/retro-manager/runtime/retropack-runtime-fbneo/submodules/fbneo/src/burn/debug_track.cpp:105:56: warning: ISO C++11 does not allow conversion from string literal to 'TCHAR *' (aka 'char *') [-Wwritable-strings]
C/C++:   105 |         if (DebugSnd_AY8910Initted)             bprintf(PRINT_ERROR, _T("Sound Module AY8910 Not Exited\n"));
C/C++:       |                                                                         ^
C/C++: /home/runner/work/retro-manager/retro-manager/runtime/retropack-runtime-fbneo/submodules/fbneo/src/burn/debug_track.cpp:106:56: warning: ISO C++11 does not allow conversion from string literal to 'TCHAR *' (aka 'char *') [-Wwritable-strings]
C/C++:   106 |         if (DebugSnd_Y8950Initted)                      bprintf(PRINT_ERROR, _T("Sound Module Y8950 Not Exited\n"));
C/C++:       |                                                                                 ^
C/C++: /home/runner/work/retro-manager/retro-manager/runtime/retropack-runtime-fbneo/submodules/fbneo/src/burn/debug_track.cpp:107:56: warning: ISO C++11 does not allow conversion from string literal to 'TCHAR *' (aka 'char *') [-Wwritable-strings]
C/C++:   107 |         if (DebugSnd_YM2151Initted)             bprintf(PRINT_ERROR, _T("Sound Module YM2151 Not Exited\n"));
C/C++:       |                                                                         ^
C/C++: /home/runner/work/retro-manager/retro-manager/runtime/retropack-runtime-fbneo/submodules/fbneo/src/burn/debug_track.cpp:108:56: warning: ISO C++11 does not allow conversion from string literal to 'TCHAR *' (aka 'char *') [-Wwritable-strings]
C/C++:   108 |         if (DebugSnd_YM2203Initted)             bprintf(PRINT_ERROR, _T("Sound Module YM2203 Not Exited\n"));
C/C++:       |                                                                         ^
C/C++: /home/runner/work/retro-manager/retro-manager/runtime/retropack-runtime-fbneo/submodules/fbneo/src/burn/debug_track.cpp:109:56: warning: ISO C++11 does not allow conversion from string literal to 'TCHAR *' (aka 'char *') [-Wwritable-strings]
C/C++:   109 |         if (DebugSnd_YM2413Initted)             bprintf(PRINT_ERROR, _T("Sound Module YM2413 Not Exited\n"));
C/C++:       |                                                                         ^
C/C++: /home/runner/work/retro-manager/retro-manager/runtime/retropack-runtime-fbneo/submodules/fbneo/src/burn/debug_track.cpp:110:56: warning: ISO C++11 does not allow conversion from string literal to 'TCHAR *' (aka 'char *') [-Wwritable-strings]
C/C++:   110 |         if (DebugSnd_YM2608Initted)             bprintf(PRINT_ERROR, _T("Sound Module YM2608 Not Exited\n"));
C/C++:       |                                                                         ^
C/C++: /home/runner/work/retro-manager/retro-manager/runtime/retropack-runtime-fbneo/submodules/fbneo/src/burn/debug_track.cpp:111:56: warning: ISO C++11 does not allow conversion from string literal to 'TCHAR *' (aka 'char *') [-Wwritable-strings]
C/C++:   111 |         if (DebugSnd_YM2610Initted)             bprintf(PRINT_ERROR, _T("Sound Module YM2610 Not Exited\n"));
C/C++:       |                                                                         ^
C/C++: /home/runner/work/retro-manager/retro-manager/runtime/retropack-runtime-fbneo/submodules/fbneo/src/burn/debug_track.cpp:112:56: warning: ISO C++11 does not allow conversion from string literal to 'TCHAR *' (aka 'char *') [-Wwritable-strings]
C/C++:   112 |         if (DebugSnd_YM2612Initted)             bprintf(PRINT_ERROR, _T("Sound Module YM2612 Not Exited\n"));
C/C++:       |                                                                         ^
C/C++: /home/runner/work/retro-manager/retro-manager/runtime/retropack-runtime-fbneo/submodules/fbneo/src/burn/debug_track.cpp:113:56: warning: ISO C++11 does not allow conversion from string literal to 'TCHAR *' (aka 'char *') [-Wwritable-strings]
C/C++:   113 |         if (DebugSnd_YM3526Initted)             bprintf(PRINT_ERROR, _T("Sound Module YM3526 Not Exited\n"));
C/C++:       |                                                                         ^
C/C++: /home/runner/work/retro-manager/retro-manager/runtime/retropack-runtime-fbneo/submodules/fbneo/src/burn/debug_track.cpp:114:56: warning: ISO C++11 does not allow conversion from string literal to 'TCHAR *' (aka 'char *') [-Wwritable-strings]
C/C++:   114 |         if (DebugSnd_YM3812Initted)             bprintf(PRINT_ERROR, _T("Sound Module YM3812 Not Exited\n"));
C/C++:       |                                                                         ^
C/C++: /home/runner/work/retro-manager/retro-manager/runtime/retropack-runtime-fbneo/submodules/fbneo/src/burn/debug_track.cpp:115:57: warning: ISO C++11 does not allow conversion from string literal to 'TCHAR *' (aka 'char *') [-Wwritable-strings]
C/C++:   115 |         if (DebugSnd_YMF278BInitted)            bprintf(PRINT_ERROR, _T("Sound Module YMF278B Not Exited\n"));
C/C++:       |                                                                         ^
C/C++: /home/runner/work/retro-manager/retro-manager/runtime/retropack-runtime-fbneo/submodules/fbneo/src/burn/debug_track.cpp:116:56: warning: ISO C++11 does not allow conversion from string literal to 'TCHAR *' (aka 'char *') [-Wwritable-strings]
C/C++:   116 |         if (DebugSnd_YMF262Initted)             bprintf(PRINT_ERROR, _T("Sound Module YMF262 Not Exited\n"));
C/C++:       |                                                                         ^
C/C++: /home/runner/work/retro-manager/retro-manager/runtime/retropack-runtime-fbneo/submodules/fbneo/src/burn/debug_track.cpp:117:56: warning: ISO C++11 does not allow conversion from string literal to 'TCHAR *' (aka 'char *') [-Wwritable-strings]
C/C++:   117 |         if (DebugSnd_YMF271Initted)             bprintf(PRINT_ERROR, _T("Sound Module YMF271 Not Exited\n"));
C/C++:       |                                                                         ^
C/C++: /home/runner/work/retro-manager/retro-manager/runtime/retropack-runtime-fbneo/submodules/fbneo/src/burn/debug_track.cpp:118:56: warning: ISO C++11 does not allow conversion from string literal to 'TCHAR *' (aka 'char *') [-Wwritable-strings]
C/C++:   118 |         if (DebugSnd_C6280Initted)                      bprintf(PRINT_ERROR, _T("Sound Module C6280 Not Exited\n"));
C/C++:       |                                                                                 ^
C/C++: /home/runner/work/retro-manager/retro-manager/runtime/retropack-runtime-fbneo/submodules/fbneo/src/burn/debug_track.cpp:119:54: warning: ISO C++11 does not allow conversion from string literal to 'TCHAR *' (aka 'char *') [-Wwritable-strings]
C/C++:   119 |         if (DebugSnd_DACInitted)                        bprintf(PRINT_ERROR, _T("Sound Module DAC Not Exited\n"));
C/C++:       |                                                                                 ^
C/C++: /home/runner/work/retro-manager/retro-manager/runtime/retropack-runtime-fbneo/submodules/fbneo/src/burn/debug_track.cpp:120:56: warning: ISO C++11 does not allow conversion from string literal to 'TCHAR *' (aka 'char *') [-Wwritable-strings]
C/C++:   120 |         if (DebugSnd_ES5506Initted)             bprintf(PRINT_ERROR, _T("Sound Module ES5506 Not Exited\n"));
C/C++:       |                                                                         ^
C/C++: /home/runner/work/retro-manager/retro-manager/runtime/retropack-runtime-fbneo/submodules/fbneo/src/burn/debug_track.cpp:121:56: warning: ISO C++11 does not allow conversion from string literal to 'TCHAR *' (aka 'char *') [-Wwritable-strings]
C/C++:   121 |         if (DebugSnd_ES8712Initted)             bprintf(PRINT_ERROR, _T("Sound Module ES8712 Not Exited\n"));
C/C++:       |                                                                         ^
C/C++: /home/runner/work/retro-manager/retro-manager/runtime/retropack-runtime-fbneo/submodules/fbneo/src/burn/debug_track.cpp:122:57: warning: ISO C++11 does not allow conversion from string literal to 'TCHAR *' (aka 'char *') [-Wwritable-strings]
C/C++:   122 |         if (DebugSnd_FilterRCInitted)           bprintf(PRINT_ERROR, _T("Sound Module Filter RC Not Exited\n"));
C/C++:       |                                                                         ^
C/C++: /home/runner/work/retro-manager/retro-manager/runtime/retropack-runtime-fbneo/submodules/fbneo/src/burn/debug_track.cpp:123:57: warning: ISO C++11 does not allow conversion from string literal to 'TCHAR *' (aka 'char *') [-Wwritable-strings]
C/C++:   123 |         if (DebugSnd_ICS2115Initted)            bprintf(PRINT_ERROR, _T("Sound Module ICS2115 Not Exited\n"));
C/C++:       |                                                                         ^
C/C++: /home/runner/work/retro-manager/retro-manager/runtime/retropack-runtime-fbneo/submodules/fbneo/src/burn/debug_track.cpp:124:58: warning: ISO C++11 does not allow conversion from string literal to 'TCHAR *' (aka 'char *') [-Wwritable-strings]
C/C++:   124 |         if (DebugSnd_IremGA20Initted)           bprintf(PRINT_ERROR, _T("Sound Module IremGA20 Not Exited\n"));
C/C++:       |                                                                         ^
C/C++: /home/runner/work/retro-manager/retro-manager/runtime/retropack-runtime-fbneo/submodules/fbneo/src/burn/debug_track.cpp:125:57: warning: ISO C++11 does not allow conversion from string literal to 'TCHAR *' (aka 'char *') [-Wwritable-strings]
C/C++:   125 |         if (DebugSnd_K005289Initted)            bprintf(PRINT_ERROR, _T("Sound Module K005289 Not Exited\n"));
C/C++:       |                                                                         ^
C/C++: /home/runner/work/retro-manager/retro-manager/runtime/retropack-runtime-fbneo/submodules/fbneo/src/burn/debug_track.cpp:126:57: warning: ISO C++11 does not allow conversion from string literal to 'TCHAR *' (aka 'char *') [-Wwritable-strings]
C/C++:   126 |         if (DebugSnd_K007232Initted)            bprintf(PRINT_ERROR, _T("Sound Module K007232 Not Exited\n"));
C/C++:       |                                                                         ^
C/C++: /home/runner/work/retro-manager/retro-manager/runtime/retropack-runtime-fbneo/submodules/fbneo/src/burn/debug_track.cpp:127:57: warning: ISO C++11 does not allow conversion from string literal to 'TCHAR *' (aka 'char *') [-Wwritable-strings]
C/C++:   127 |         if (DebugSnd_K051649Initted)            bprintf(PRINT_ERROR, _T("Sound Module K051649 Not Exited\n"));
C/C++:       |                                                                         ^
C/C++: /home/runner/work/retro-manager/retro-manager/runtime/retropack-runtime-fbneo/submodules/fbneo/src/burn/debug_track.cpp:128:57: warning: ISO C++11 does not allow conversion from string literal to 'TCHAR *' (aka 'char *') [-Wwritable-strings]
C/C++:   128 |         if (DebugSnd_K053260Initted)            bprintf(PRINT_ERROR, _T("Sound Module K053260 Not Exited\n"));
C/C++:       |                                                                         ^
C/C++: /home/runner/work/retro-manager/retro-manager/runtime/retropack-runtime-fbneo/submodules/fbneo/src/burn/debug_track.cpp:129:57: warning: ISO C++11 does not allow conversion from string literal to 'TCHAR *' (aka 'char *') [-Wwritable-strings]
C/C++:   129 |         if (DebugSnd_K054539Initted)            bprintf(PRINT_ERROR, _T("Sound Module K054539 Not Exited\n"));
C/C++:       |                                                                         ^
C/C++: /home/runner/work/retro-manager/retro-manager/runtime/retropack-runtime-fbneo/submodules/fbneo/src/burn/debug_track.cpp:130:57: warning: ISO C++11 does not allow conversion from string literal to 'TCHAR *' (aka 'char *') [-Wwritable-strings]
C/C++:   130 |         if (DebugSnd_MSM5205Initted)            bprintf(PRINT_ERROR, _T("Sound Module MSM5205 Not Exited\n"));
C/C++:       |                                                                         ^
C/C++: /home/runner/work/retro-manager/retro-manager/runtime/retropack-runtime-fbneo/submodules/fbneo/src/burn/debug_track.cpp:131:57: warning: ISO C++11 does not allow conversion from string literal to 'TCHAR *' (aka 'char *') [-Wwritable-strings]
C/C++:   131 |         if (DebugSnd_MSM5232Initted)            bprintf(PRINT_ERROR, _T("Sound Module MSM5232 Not Exited\n"));
C/C++:       |                                                                         ^
C/C++: /home/runner/work/retro-manager/retro-manager/runtime/retropack-runtime-fbneo/submodules/fbneo/src/burn/debug_track.cpp:132:57: warning: ISO C++11 does not allow conversion from string literal to 'TCHAR *' (aka 'char *') [-Wwritable-strings]
C/C++:   132 |         if (DebugSnd_MSM6295Initted)            bprintf(PRINT_ERROR, _T("Sound Module MSM6295 Not Exited\n"));
C/C++:       |                                                                         ^
C/C++: /home/runner/work/retro-manager/retro-manager/runtime/retropack-runtime-fbneo/submodules/fbneo/src/burn/debug_track.cpp:133:58: warning: ISO C++11 does not allow conversion from string literal to 'TCHAR *' (aka 'char *') [-Wwritable-strings]
C/C++:   133 |         if (DebugSnd_NamcoSndInitted)           bprintf(PRINT_ERROR, _T("Sound Module NamcoSnd Not Exited\n"));
C/C++:       |                                                                         ^
C/C++: /home/runner/work/retro-manager/retro-manager/runtime/retropack-runtime-fbneo/submodules/fbneo/src/burn/debug_track.cpp:134:59: warning: ISO C++11 does not allow conversion from string literal to 'TCHAR *' (aka 'char *') [-Wwritable-strings]
C/C++:   134 |         if (DebugSnd_NESAPUSndInitted)          bprintf(PRINT_ERROR, _T("Sound Module NESAPUSnd Not Exited\n"));
C/C++:       |                                                                         ^
C/C++: /home/runner/work/retro-manager/retro-manager/runtime/retropack-runtime-fbneo/submodules/fbneo/src/burn/debug_track.cpp:135:57: warning: ISO C++11 does not allow conversion from string literal to 'TCHAR *' (aka 'char *') [-Wwritable-strings]
C/C++:   135 |         if (DebugSnd_SAA1099Initted)            bprintf(PRINT_ERROR, _T("Sound Module SAA1099 Not Exited\n"));
C/C++:       |                                                                         ^
C/C++: /home/runner/work/retro-manager/retro-manager/runtime/retropack-runtime-fbneo/submodules/fbneo/src/burn/debug_track.cpp:136:57: warning: ISO C++11 does not allow conversion from string literal to 'TCHAR *' (aka 'char *') [-Wwritable-strings]
C/C++:   136 |         if (DebugSnd_SamplesInitted)            bprintf(PRINT_ERROR, _T("Sound Module Samples Not Exited\n"));
C/C++:       |                                                                         ^
C/C++: /home/runner/work/retro-manager/retro-manager/runtime/retropack-runtime-fbneo/submodules/fbneo/src/burn/debug_track.cpp:137:57: warning: ISO C++11 does not allow conversion from string literal to 'TCHAR *' (aka 'char *') [-Wwritable-strings]
C/C++:   137 |         if (DebugSnd_SegaPCMInitted)            bprintf(PRINT_ERROR, _T("Sound Module SegaPCM Not Exited\n"));
C/C++:       |                                                                         ^
C/C++: /home/runner/work/retro-manager/retro-manager/runtime/retropack-runtime-fbneo/submodules/fbneo/src/burn/debug_track.cpp:138:57: warning: ISO C++11 does not allow conversion from string literal to 'TCHAR *' (aka 'char *') [-Wwritable-strings]
C/C++:   138 |         if (DebugSnd_SN76496Initted)            bprintf(PRINT_ERROR, _T("Sound Module SN76496 Not Exited\n"));
C/C++:       |                                                                         ^
C/C++: /home/runner/work/retro-manager/retro-manager/runtime/retropack-runtime-fbneo/submodules/fbneo/src/burn/debug_track.cpp:139:57: warning: ISO C++11 does not allow conversion from string literal to 'TCHAR *' (aka 'char *') [-Wwritable-strings]
C/C++:   139 |         if (DebugSnd_UPD7759Initted)            bprintf(PRINT_ERROR, _T("Sound Module UPD7759 Not Exited\n"));
C/C++:       |                                                                         ^
C/C++: /home/runner/work/retro-manager/retro-manager/runtime/retropack-runtime-fbneo/submodules/fbneo/src/burn/debug_track.cpp:140:57: warning: ISO C++11 does not allow conversion from string literal to 'TCHAR *' (aka 'char *') [-Wwritable-strings]
C/C++:   140 |         if (DebugSnd_VLM5030Initted)            bprintf(PRINT_ERROR, _T("Sound Module VLM5030 Not Exited\n"));
C/C++:       |                                                                         ^
C/C++: /home/runner/work/retro-manager/retro-manager/runtime/retropack-runtime-fbneo/submodules/fbneo/src/burn/debug_track.cpp:141:56: warning: ISO C++11 does not allow conversion from string literal to 'TCHAR *' (aka 'char *') [-Wwritable-strings]
C/C++:   141 |         if (DebugSnd_X1010Initted)                      bprintf(PRINT_ERROR, _T("Sound Module X1010 Not Exited\n"));
C/C++:       |                                                                                 ^
C/C++: /home/runner/work/retro-manager/retro-manager/runtime/retropack-runtime-fbneo/submodules/fbneo/src/burn/debug_track.cpp:142:57: warning: ISO C++11 does not allow conversion from string literal to 'TCHAR *' (aka 'char *') [-Wwritable-strings]
C/C++:   142 |         if (DebugSnd_YMZ280BInitted)            bprintf(PRINT_ERROR, _T("Sound Module YMZ280B Not Exited\n"));
C/C++:       |                                                                         ^
C/C++: /home/runner/work/retro-manager/retro-manager/runtime/retropack-runtime-fbneo/submodules/fbneo/src/burn/debug_track.cpp:144:55: warning: ISO C++11 does not allow conversion from string literal to 'TCHAR *' (aka 'char *') [-Wwritable-strings]
C/C++:   144 |         if (DebugCPU_ARM7Initted)                       bprintf(PRINT_ERROR, _T("CPU ARM7 Not Exited\n"));
C/C++:       |                                                                                 ^
C/C++: /home/runner/work/retro-manager/retro-manager/runtime/retropack-runtime-fbneo/submodules/fbneo/src/burn/debug_track.cpp:145:55: warning: ISO C++11 does not allow conversion from string literal to 'TCHAR *' (aka 'char *') [-Wwritable-strings]
C/C++:   145 |         if (DebugCPU_ARM9Initted)                       bprintf(PRINT_ERROR, _T("CPU ARM9 Not Exited\n"));
C/C++:       |                                                                                 ^
C/C++: /home/runner/work/retro-manager/retro-manager/runtime/retropack-runtime-fbneo/submodules/fbneo/src/burn/debug_track.cpp:146:54: warning: ISO C++11 does not allow conversion from string literal to 'TCHAR *' (aka 'char *') [-Wwritable-strings]
C/C++:   146 |         if (DebugCPU_ARMInitted)                        bprintf(PRINT_ERROR, _T("CPU ARM Not Exited\n"));
C/C++:       |                                                                                 ^
C/C++: /home/runner/work/retro-manager/retro-manager/runtime/retropack-runtime-fbneo/submodules/fbneo/src/burn/debug_track.cpp:147:56: warning: ISO C++11 does not allow conversion from string literal to 'TCHAR *' (aka 'char *') [-Wwritable-strings]
C/C++:   147 |         if (DebugCPU_H6280Initted)                      bprintf(PRINT_ERROR, _T("CPU H6280 Not Exited\n"));
C/C++:       |                                                                                 ^
C/C++: /home/runner/work/retro-manager/retro-manager/runtime/retropack-runtime-fbneo/submodules/fbneo/src/burn/debug_track.cpp:148:56: warning: ISO C++11 does not allow conversion from string literal to 'TCHAR *' (aka 'char *') [-Wwritable-strings]
C/C++:   148 |         if (DebugCPU_HD6309Initted)             bprintf(PRINT_ERROR, _T("CPU HD6309 Not Exited\n"));
C/C++:       |                                                                         ^
C/C++: /home/runner/work/retro-manager/retro-manager/runtime/retropack-runtime-fbneo/submodules/fbneo/src/burn/debug_track.cpp:149:56: warning: ISO C++11 does not allow conversion from string literal to 'TCHAR *' (aka 'char *') [-Wwritable-strings]
C/C++:   149 |         if (DebugCPU_KonamiInitted)             bprintf(PRINT_ERROR, _T("CPU Konami Not Exited\n"));
C/C++:       |                                                                         ^
C/C++: /home/runner/work/retro-manager/retro-manager/runtime/retropack-runtime-fbneo/submodules/fbneo/src/burn/debug_track.cpp:150:56: warning: ISO C++11 does not allow conversion from string literal to 'TCHAR *' (aka 'char *') [-Wwritable-strings]
C/C++:   150 |         if (DebugCPU_M6502Initted)                      bprintf(PRINT_ERROR, _T("CPU M6502 Not Exited\n"));
C/C++:       |                                                                                 ^
C/C++: /home/runner/work/retro-manager/retro-manager/runtime/retropack-runtime-fbneo/submodules/fbneo/src/burn/debug_track.cpp:151:56: warning: ISO C++11 does not allow conversion from string literal to 'TCHAR *' (aka 'char *') [-Wwritable-strings]
C/C++:   151 |         if (DebugCPU_M6800Initted)                      bprintf(PRINT_ERROR, _T("CPU M6800 Not Exited\n"));
C/C++:       |                                                                                 ^
C/C++: /home/runner/work/retro-manager/retro-manager/runtime/retropack-runtime-fbneo/submodules/fbneo/src/burn/debug_track.cpp:152:56: warning: ISO C++11 does not allow conversion from string literal to 'TCHAR *' (aka 'char *') [-Wwritable-strings]
C/C++:   152 |         if (DebugCPU_M6805Initted)                      bprintf(PRINT_ERROR, _T("CPU M6805 Not Exited\n"));
C/C++:       |                                                                                 ^
C/C++: /home/runner/work/retro-manager/retro-manager/runtime/retropack-runtime-fbneo/submodules/fbneo/src/burn/debug_track.cpp:153:56: warning: ISO C++11 does not allow conversion from string literal to 'TCHAR *' (aka 'char *') [-Wwritable-strings]
C/C++:   153 |         if (DebugCPU_M6809Initted)                      bprintf(PRINT_ERROR, _T("CPU M6809 Not Exited\n"));
C/C++:       |                                                                                 ^
C/C++: /home/runner/work/retro-manager/retro-manager/runtime/retropack-runtime-fbneo/submodules/fbneo/src/burn/debug_track.cpp:154:56: warning: ISO C++11 does not allow conversion from string literal to 'TCHAR *' (aka 'char *') [-Wwritable-strings]
C/C++:   154 |         if (DebugCPU_S2650Initted)                      bprintf(PRINT_ERROR, _T("CPU S2650 Not Exited\n"));
C/C++:       |                                                                                 ^
C/C++: /home/runner/work/retro-manager/retro-manager/runtime/retropack-runtime-fbneo/submodules/fbneo/src/burn/debug_track.cpp:155:54: warning: ISO C++11 does not allow conversion from string literal to 'TCHAR *' (aka 'char *') [-Wwritable-strings]
C/C++:   155 |         if (DebugCPU_SekInitted)                        bprintf(PRINT_ERROR, _T("CPU Sek Not Exited\n"));
C/C++:       |                                                                                 ^
C/C++: /home/runner/work/retro-manager/retro-manager/runtime/retropack-runtime-fbneo/submodules/fbneo/src/burn/debug_track.cpp:156:54: warning: ISO C++11 does not allow conversion from string literal to 'TCHAR *' (aka 'char *') [-Wwritable-strings]
C/C++:   156 |         if (DebugCPU_VezInitted)                        bprintf(PRINT_ERROR, _T("CPU Vez Not Exited\n"));
C/C++:       |                                                                                 ^
C/C++: /home/runner/work/retro-manager/retro-manager/runtime/retropack-runtime-fbneo/submodules/fbneo/src/burn/debug_track.cpp:157:54: warning: ISO C++11 does not allow conversion from string literal to 'TCHAR *' (aka 'char *') [-Wwritable-strings]
C/C++:   157 |         if (DebugCPU_ZetInitted)                        bprintf(PRINT_ERROR, _T("CPU Zet Not Exited\n"));
C/C++:       |                                                                                 ^
C/C++: /home/runner/work/retro-manager/retro-manager/runtime/retropack-runtime-fbneo/submodules/fbneo/src/burn/debug_track.cpp:158:57: warning: ISO C++11 does not allow conversion from string literal to 'TCHAR *' (aka 'char *') [-Wwritable-strings]
C/C++:   158 |         if (DebugCPU_PIC16C5XInitted)           bprintf(PRINT_ERROR, _T("CPU PIC16C5X Not Exited\n"));
C/C++:       |                                                                         ^
C/C++: /home/runner/work/retro-manager/retro-manager/runtime/retropack-runtime-fbneo/submodules/fbneo/src/burn/debug_track.cpp:159:56: warning: ISO C++11 does not allow conversion from string literal to 'TCHAR *' (aka 'char *') [-Wwritable-strings]
C/C++:   159 |         if (DebugCPU_I8039Initted)                      bprintf(PRINT_ERROR, _T("CPU I8039 Not Exited\n"));
C/C++:       |                                                                                 ^
C/C++: /home/runner/work/retro-manager/retro-manager/runtime/retropack-runtime-fbneo/submodules/fbneo/src/burn/debug_track.cpp:160:54: warning: ISO C++11 does not allow conversion from string literal to 'TCHAR *' (aka 'char *') [-Wwritable-strings]
C/C++:   160 |         if (DebugCPU_SH2Initted)                        bprintf(PRINT_ERROR, _T("CPU SH2 Not Exited\n"));
C/C++:       |                                                                                 ^
C/C++: 75 warnings generated.
C/C++: In file included from /home/runner/work/retro-manager/retro-manager/runtime/retropack-runtime-fbneo/submodules/fbneo/src/burn/cheat.cpp:4:
C/C++: In file included from /home/runner/work/retro-manager/retro-manager/runtime/retropack-runtime-fbneo/submodules/fbneo/src/burn/burnint.h:17:
C/C++: /home/runner/work/retro-manager/retro-manager/runtime/retropack-runtime-fbneo/submodules/fbneo/src/burn/devices/joyprocess.h:70:3: warning: ISO C++11 does not allow conversion from string literal to 'char *' [-Wwritable-strings]
C/C++:    70 |                 SCAN_VAR(state);
C/C++:       |                 ^
C/C++: /home/runner/work/retro-manager/retro-manager/runtime/retropack-runtime-fbneo/submodules/fbneo/src/burn/state.h:72:44: note: expanded from macro 'SCAN_VAR'
C/C++:    72 | #define SCAN_VAR(x) ScanVar(&x, sizeof(x), #x)
C/C++:       |                                            ^
C/C++: /home/runner/work/retro-manager/retro-manager/runtime/retropack-runtime-fbneo/.cxx/Debug/1b1s4j3o/arm64-v8a/<scratch space>:117:1: note: expanded from here
C/C++:   117 | "state"
C/C++:       | ^
C/C++: In file included from /home/runner/work/retro-manager/retro-manager/runtime/retropack-runtime-fbneo/submodules/fbneo/src/burn/cheat.cpp:4:
C/C++: In file included from /home/runner/work/retro-manager/retro-manager/runtime/retropack-runtime-fbneo/submodules/fbneo/src/burn/burnint.h:17:
C/C++: /home/runner/work/retro-manager/retro-manager/runtime/retropack-runtime-fbneo/submodules/fbneo/src/burn/devices/joyprocess.h:71:3: warning: ISO C++11 does not allow conversion from string literal to 'char *' [-Wwritable-strings]
C/C++:    71 |                 SCAN_VAR(last_state);
C/C++:       |                 ^
C/C++: /home/runner/work/retro-manager/retro-manager/runtime/retropack-runtime-fbneo/submodules/fbneo/src/burn/state.h:72:44: note: expanded from macro 'SCAN_VAR'
C/C++:    72 | #define SCAN_VAR(x) ScanVar(&x, sizeof(x), #x)
C/C++:       |                                            ^
C/C++: /home/runner/work/retro-manager/retro-manager/runtime/retropack-runtime-fbneo/.cxx/Debug/1b1s4j3o/arm64-v8a/<scratch space>:118:1: note: expanded from here
C/C++:   118 | "last_state"
C/C++:       | ^
C/C++: /home/runner/work/retro-manager/retro-manager/runtime/retropack-runtime-fbneo/submodules/fbneo/src/burn/cheat.cpp:86:16: warning: ISO C++11 does not allow conversion from string literal to 'TCHAR *' (aka 'char *') [-Wwritable-strings]
C/C++:    86 |         bprintf(0, _T("CPU-registry: %s cpu #%d ...\n"), s_ptr->cpuconfig->cpu_name, nCPU);
C/C++:       |                       ^
C/C++: /home/runner/work/retro-manager/retro-manager/runtime/retropack-runtime-fbneo/submodules/fbneo/src/burn/cheat.cpp:132:18: warning: ISO C++11 does not allow conversion from string literal to 'TCHAR *' (aka 'char *') [-Wwritable-strings]
C/C++:   132 |                         bprintf(0, _T("NES-Cheat #%d, option #%d: "), nCheat, pCurrentCheat->nCurrent);
C/C++:       |                                       ^
C/C++: /home/runner/work/retro-manager/retro-manager/runtime/retropack-runtime-fbneo/submodules/fbneo/src/burn/cheat.cpp:199:22: warning: ISO C++11 does not allow conversion from string literal to 'TCHAR *' (aka 'char *') [-Wwritable-strings]
C/C++:   199 |                                                         bprintf(0, _T("Cheat #%d, option #%d. action: "), nCheat, nOption);
C/C++:       |                                                                       ^
C/C++: /home/runner/work/retro-manager/retro-manager/runtime/retropack-runtime-fbneo/submodules/fbneo/src/burn/cheat.cpp:200:22: warning: ISO C++11 does not allow conversion from string literal to 'TCHAR *' (aka 'char *') [-Wwritable-strings]
C/C++:   200 |                                                         bprintf(0, _T("Undo cheat @ 0x%X -> 0x%X.\n"), pAddressInfo->nAddress, pAddressInfo->nOriginalValue);
C/C++:       |                                                                       ^
C/C++: /home/runner/work/retro-manager/retro-manager/runtime/retropack-runtime-fbneo/submodules/fbneo/src/burn/cheat.cpp:225:21: warning: ISO C++11 does not allow conversion from string literal to 'TCHAR *' (aka 'char *') [-Wwritable-strings]
C/C++:   225 |                                                 bprintf(0, _T("NES-Cheat #%d, option #%d: "), nCheat, nOption);
C/C++:       |                                                               ^
C/C++: /home/runner/work/retro-manager/retro-manager/runtime/retropack-runtime-fbneo/submodules/fbneo/src/burn/cheat.cpp:242:21: warning: ISO C++11 does not allow conversion from string literal to 'TCHAR *' (aka 'char *') [-Wwritable-strings]
C/C++:   242 |                                                 bprintf(0, _T("Cheat #%d, option #%d. action: "), nCheat, nOption);
C/C++:       |                                                               ^
C/C++: /home/runner/work/retro-manager/retro-manager/runtime/retropack-runtime-fbneo/submodules/fbneo/src/burn/cheat.cpp:245:22: warning: ISO C++11 does not allow conversion from string literal to 'TCHAR *' (aka 'char *') [-Wwritable-strings]
C/C++:   245 |                                                         bprintf(0, _T("Watch memory @ 0x%X (0x%X)\n"), pAddressInfo->nAddress, pAddressInfo->nOriginalValue);
C/C++:       |                                                                       ^
C/C++: /home/runner/work/retro-manager/retro-manager/runtime/retropack-runtime-fbneo/submodules/fbneo/src/burn/cheat.cpp:248:23: warning: ISO C++11 does not allow conversion from string literal to 'TCHAR *' (aka 'char *') [-Wwritable-strings]
C/C++:   248 |                                                                 bprintf(0, _T("Apply cheat @ 0x%X -> 0x%X. (Before 0x%X - One-Shot mode)\n"), pAddressInfo->nAddress, pAddressInfo->nValue, pAddressInfo->nOriginalValue);
C/C++:       |                                                                               ^
C/C++: /home/runner/work/retro-manager/retro-manager/runtime/retropack-runtime-fbneo/submodules/fbneo/src/burn/cheat.cpp:254:25: warning: ISO C++11 does not allow conversion from string literal to 'TCHAR *' (aka 'char *') [-Wwritable-strings]
C/C++:   254 |                                                                                 bprintf(0, _T("Apply cheat @ %s pointer ([0x%X] + 0x%x + %x) -> 0x%X.\n"), nBits[pAddressInfo->nRelAddressBits & 3], pAddressInfo->nAddress, pAddressInfo->nRelAddressOffset, pAddressInfo->nMultiByte, pAddressInfo->nValue);
C/C++:       |                                                                                               ^
C/C++: /home/runner/work/retro-manager/retro-manager/runtime/retropack-runtime-fbneo/submodules/fbneo/src/burn/cheat.cpp:256:25: warning: ISO C++11 does not allow conversion from string literal to 'TCHAR *' (aka 'char *') [-Wwritable-strings]
C/C++:   256 |                                                                                 bprintf(0, _T("Apply cheat @ %s pointer ([0x%X] + 0x%x) -> 0x%X.\n"), nBits[pAddressInfo->nRelAddressBits & 3], pAddressInfo->nAddress, pAddressInfo->nRelAddressOffset, pAddressInfo->nValue);
C/C++:       |                                                                                               ^
C/C++: /home/runner/work/retro-manager/retro-manager/runtime/retropack-runtime-fbneo/submodules/fbneo/src/burn/cheat.cpp:260:24: warning: ISO C++11 does not allow conversion from string literal to 'TCHAR *' (aka 'char *') [-Wwritable-strings]
C/C++:   260 |                                                                         bprintf(0, _T("Apply cheat @ 0x%X -> 0x%X. (Undo 0x%X)\n"), pAddressInfo->nAddress, pAddressInfo->nValue, pAddressInfo->nOriginalValue);
C/C++:       |                                                                                       ^
C/C++: /home/runner/work/retro-manager/retro-manager/runtime/retropack-runtime-fbneo/submodules/fbneo/src/burn/cheat.cpp:264:22: warning: ISO C++11 does not allow conversion from string literal to 'TCHAR *' (aka 'char *') [-Wwritable-strings]
C/C++:   264 |                                                         bprintf(0, _T(" - Triggered by: Waiting for modification!\n"));
C/C++:       |                                                                       ^
C/C++: /home/runner/work/retro-manager/retro-manager/runtime/retropack-runtime-fbneo/submodules/fbneo/src/burn/cheat.cpp:266:22: warning: ISO C++11 does not allow conversion from string literal to 'TCHAR *' (aka 'char *') [-Wwritable-strings]
C/C++:   266 |                                                         bprintf(0, _T(" - Triggered by: Waiting for Match memory with extended!\n"));
C/C++:       |                                                                       ^
C/C++: /home/runner/work/retro-manager/retro-manager/runtime/retropack-runtime-fbneo/submodules/fbneo/src/burn/cheat.cpp:366:22: warning: ISO C++11 does not allow conversion from string literal to 'TCHAR *' (aka 'char *') [-Wwritable-strings]
C/C++:   366 |                                                         bprintf(0, _T(" - Address modified! previous = %X now = %X\n"),pAddressInfo->nOriginalValue, nValNow);
C/C++:       |                                                                       ^
C/C++: /home/runner/work/retro-manager/retro-manager/runtime/retropack-runtime-fbneo/submodules/fbneo/src/burn/cheat.cpp:375:22: warning: ISO C++11 does not allow conversion from string literal to 'TCHAR *' (aka 'char *') [-Wwritable-strings]
C/C++:   375 |                                                         bprintf(0, _T(" - Address Matched! previous = %X now = %X\n"),pAddressInfo->nOriginalValue, nValNow);
C/C++:       |                                                                       ^
C/C++: /home/runner/work/retro-manager/retro-manager/runtime/retropack-runtime-fbneo/submodules/fbneo/src/burn/cheat.cpp:431:20: warning: ISO C++11 does not allow conversion from string literal to 'TCHAR *' (aka 'char *') [-Wwritable-strings]
C/C++:   431 |                                         bprintf(0, _T("One-Shot cheat #%d ends.\n"), nCurrentCheat);
C/C++:       |                                                       ^
C/C++: /home/runner/work/retro-manager/retro-manager/runtime/retropack-runtime-fbneo/submodules/fbneo/src/burn/cheat.cpp:454:16: warning: ISO C++11 does not allow conversion from string literal to 'TCHAR *' (aka 'char *') [-Wwritable-strings]
C/C++:   454 |         bprintf(0, _T("Cheat cpu-register INIT.\n"));
C/C++:       |                       ^
C/C++: /home/runner/work/retro-manager/retro-manager/runtime/retropack-runtime-fbneo/submodules/fbneo/src/burn/cheat.cpp:523:17: warning: ISO C++11 does not allow conversion from string literal to 'TCHAR *' (aka 'char *') [-Wwritable-strings]
C/C++:   523 |                 bprintf(0, _T("*  CPU memory range too huge, can't cheat search.\n"));
C/C++:       |                               ^
C/C++: /home/runner/work/retro-manager/retro-manager/runtime/retropack-runtime-fbneo/submodules/fbneo/src/burn/cheat.cpp:536:25: warning: ISO C++11 does not allow conversion from string literal to 'char *' [-Wwritable-strings]
C/C++:   536 |         MemoryValues = (UINT8*)BurnMalloc(nMemorySize);
C/C++:       |                                ^
C/C++: /home/runner/work/retro-manager/retro-manager/runtime/retropack-runtime-fbneo/submodules/fbneo/src/burn/burnint.h:199:38: note: expanded from macro 'BurnMalloc'
C/C++:   199 | #define BurnMalloc(x) _BurnMalloc(x, __FILE__, __LINE__)
C/C++:       |                                      ^
C/C++: /home/runner/work/retro-manager/retro-manager/runtime/retropack-runtime-fbneo/.cxx/Debug/1b1s4j3o/arm64-v8a/<scratch space>:124:1: note: expanded from here
C/C++:   124 | "/home/runner/work/retro-manager/retro-manager/runtime/retropack-runtime-fbneo/submodules/fbneo/src/burn/cheat.cpp"
C/C++:       | ^
C/C++: /home/runner/work/retro-manager/retro-manager/runtime/retropack-runtime-fbneo/submodules/fbneo/src/burn/cheat.cpp:537:25: warning: ISO C++11 does not allow conversion from string literal to 'char *' [-Wwritable-strings]
C/C++:   537 |         MemoryStatus = (UINT8*)BurnMalloc(nMemorySize);
C/C++:       |                                ^
C/C++: /home/runner/work/retro-manager/retro-manager/runtime/retropack-runtime-fbneo/submodules/fbneo/src/burn/burnint.h:199:38: note: expanded from macro 'BurnMalloc'
C/C++:   199 | #define BurnMalloc(x) _BurnMalloc(x, __FILE__, __LINE__)
C/C++:       |                                      ^
C/C++: /home/runner/work/retro-manager/retro-manager/runtime/retropack-runtime-fbneo/.cxx/Debug/1b1s4j3o/arm64-v8a/<scratch space>:126:1: note: expanded from here
C/C++:   126 | "/home/runner/work/retro-manager/retro-manager/runtime/retropack-runtime-fbneo/submodules/fbneo/src/burn/cheat.cpp"
C/C++:       | ^
C/C++: 22 warnings generated.
C/C++: In file included from /home/runner/work/retro-manager/retro-manager/runtime/retropack-runtime-fbneo/submodules/fbneo/src/burn/burn_gun.cpp:1:
C/C++: In file included from /home/runner/work/retro-manager/retro-manager/runtime/retropack-runtime-fbneo/submodules/fbneo/src/burn/burnint.h:17:
C/C++: /home/runner/work/retro-manager/retro-manager/runtime/retropack-runtime-fbneo/submodules/fbneo/src/burn/devices/joyprocess.h:70:3: warning: ISO C++11 does not allow conversion from string literal to 'char *' [-Wwritable-strings]
C/C++:    70 |                 SCAN_VAR(state);
C/C++:       |                 ^
C/C++: /home/runner/work/retro-manager/retro-manager/runtime/retropack-runtime-fbneo/submodules/fbneo/src/burn/state.h:72:44: note: expanded from macro 'SCAN_VAR'
C/C++:    72 | #define SCAN_VAR(x) ScanVar(&x, sizeof(x), #x)
C/C++:       |                                            ^
C/C++: /home/runner/work/retro-manager/retro-manager/runtime/retropack-runtime-fbneo/.cxx/Debug/1b1s4j3o/arm64-v8a/<scratch space>:117:1: note: expanded from here
C/C++:   117 | "state"
C/C++:       | ^
C/C++: In file included from /home/runner/work/retro-manager/retro-manager/runtime/retropack-runtime-fbneo/submodules/fbneo/src/burn/burn_gun.cpp:1:
C/C++: In file included from /home/runner/work/retro-manager/retro-manager/runtime/retropack-runtime-fbneo/submodules/fbneo/src/burn/burnint.h:17:
C/C++: /home/runner/work/retro-manager/retro-manager/runtime/retropack-runtime-fbneo/submodules/fbneo/src/burn/devices/joyprocess.h:71:3: warning: ISO C++11 does not allow conversion from string literal to 'char *' [-Wwritable-strings]
C/C++:    71 |                 SCAN_VAR(last_state);
C/C++:       |                 ^
C/C++: /home/runner/work/retro-manager/retro-manager/runtime/retropack-runtime-fbneo/submodules/fbneo/src/burn/state.h:72:44: note: expanded from macro 'SCAN_VAR'
C/C++:    72 | #define SCAN_VAR(x) ScanVar(&x, sizeof(x), #x)
C/C++:       |                                            ^
C/C++: /home/runner/work/retro-manager/retro-manager/runtime/retropack-runtime-fbneo/.cxx/Debug/1b1s4j3o/arm64-v8a/<scratch space>:118:1: note: expanded from here
C/C++:   118 | "last_state"
C/C++:       | ^
C/C++: /home/runner/work/retro-manager/retro-manager/runtime/retropack-runtime-fbneo/submodules/fbneo/src/burn/burn_gun.cpp:450:17: warning: ISO C++11 does not allow conversion from string literal to 'TCHAR *' (aka 'char *') [-Wwritable-strings]
C/C++:   450 |                 bprintf(0, _T("BurnTrackballReadInterpolated(): Max_Scanlines not set!\n"));
C/C++:       |                               ^
C/C++: /home/runner/work/retro-manager/retro-manager/runtime/retropack-runtime-fbneo/submodules/fbneo/src/burn/burn_gun.cpp:695:3: warning: ISO C++11 does not allow conversion from string literal to 'char *' [-Wwritable-strings]
C/C++:   695 |                 SCAN_VAR(BurnPaddleX);
C/C++:       |                 ^
C/C++: /home/runner/work/retro-manager/retro-manager/runtime/retropack-runtime-fbneo/submodules/fbneo/src/burn/state.h:72:44: note: expanded from macro 'SCAN_VAR'
C/C++:    72 | #define SCAN_VAR(x) ScanVar(&x, sizeof(x), #x)
C/C++:       |                                            ^
C/C++: /home/runner/work/retro-manager/retro-manager/runtime/retropack-runtime-fbneo/.cxx/Debug/1b1s4j3o/arm64-v8a/<scratch space>:423:1: note: expanded from here
C/C++:   423 | "BurnPaddleX"
C/C++:       | ^
C/C++: /home/runner/work/retro-manager/retro-manager/runtime/retropack-runtime-fbneo/submodules/fbneo/src/burn/burn_gun.cpp:696:3: warning: ISO C++11 does not allow conversion from string literal to 'char *' [-Wwritable-strings]
C/C++:   696 |                 SCAN_VAR(BurnPaddleY);
C/C++:       |                 ^
C/C++: /home/runner/work/retro-manager/retro-manager/runtime/retropack-runtime-fbneo/submodules/fbneo/src/burn/state.h:72:44: note: expanded from macro 'SCAN_VAR'
C/C++:    72 | #define SCAN_VAR(x) ScanVar(&x, sizeof(x), #x)
C/C++:       |                                            ^
C/C++: /home/runner/work/retro-manager/retro-manager/runtime/retropack-runtime-fbneo/.cxx/Debug/1b1s4j3o/arm64-v8a/<scratch space>:424:1: note: expanded from here
C/C++:   424 | "BurnPaddleY"
C/C++:       | ^
C/C++: /home/runner/work/retro-manager/retro-manager/runtime/retropack-runtime-fbneo/submodules/fbneo/src/burn/burn_gun.cpp:697:3: warning: ISO C++11 does not allow conversion from string literal to 'char *' [-Wwritable-strings]
C/C++:   697 |                 SCAN_VAR(TrackA);
C/C++:       |                 ^
C/C++: /home/runner/work/retro-manager/retro-manager/runtime/retropack-runtime-fbneo/submodules/fbneo/src/burn/state.h:72:44: note: expanded from macro 'SCAN_VAR'
C/C++:    72 | #define SCAN_VAR(x) ScanVar(&x, sizeof(x), #x)
C/C++:       |                                            ^
C/C++: /home/runner/work/retro-manager/retro-manager/runtime/retropack-runtime-fbneo/.cxx/Debug/1b1s4j3o/arm64-v8a/<scratch space>:425:1: note: expanded from here
C/C++:   425 | "TrackA"
C/C++:       | ^
C/C++: /home/runner/work/retro-manager/retro-manager/runtime/retropack-runtime-fbneo/submodules/fbneo/src/burn/burn_gun.cpp:698:3: warning: ISO C++11 does not allow conversion from string literal to 'char *' [-Wwritable-strings]
C/C++:   698 |                 SCAN_VAR(TrackB);
C/C++:       |                 ^
C/C++: /home/runner/work/retro-manager/retro-manager/runtime/retropack-runtime-fbneo/submodules/fbneo/src/burn/state.h:72:44: note: expanded from macro 'SCAN_VAR'
C/C++:    72 | #define SCAN_VAR(x) ScanVar(&x, sizeof(x), #x)
C/C++:       |                                            ^
C/C++: /home/runner/work/retro-manager/retro-manager/runtime/retropack-runtime-fbneo/.cxx/Debug/1b1s4j3o/arm64-v8a/<scratch space>:426:1: note: expanded from here
C/C++:   426 | "TrackB"
C/C++:       | ^
C/C++: /home/runner/work/retro-manager/retro-manager/runtime/retropack-runtime-fbneo/submodules/fbneo/src/burn/burn_gun.cpp:699:3: warning: ISO C++11 does not allow conversion from string literal to 'char *' [-Wwritable-strings]
C/C++:   699 |                 SCAN_VAR(TrackA_Prev);
C/C++:       |                 ^
C/C++: /home/runner/work/retro-manager/retro-manager/runtime/retropack-runtime-fbneo/submodules/fbneo/src/burn/state.h:72:44: note: expanded from macro 'SCAN_VAR'
C/C++:    72 | #define SCAN_VAR(x) ScanVar(&x, sizeof(x), #x)
C/C++:       |                                            ^
C/C++: /home/runner/work/retro-manager/retro-manager/runtime/retropack-runtime-fbneo/.cxx/Debug/1b1s4j3o/arm64-v8a/<scratch space>:427:1: note: expanded from here
C/C++:   427 | "TrackA_Prev"
C/C++:       | ^
C/C++: /home/runner/work/retro-manager/retro-manager/runtime/retropack-runtime-fbneo/submodules/fbneo/src/burn/burn_gun.cpp:700:3: warning: ISO C++11 does not allow conversion from string literal to 'char *' [-Wwritable-strings]
C/C++:   700 |                 SCAN_VAR(TrackB_Prev);
C/C++:       |                 ^
C/C++: /home/runner/work/retro-manager/retro-manager/runtime/retropack-runtime-fbneo/submodules/fbneo/src/burn/state.h:72:44: note: expanded from macro 'SCAN_VAR'
C/C++:    72 | #define SCAN_VAR(x) ScanVar(&x, sizeof(x), #x)
C/C++:       |                                            ^
C/C++: /home/runner/work/retro-manager/retro-manager/runtime/retropack-runtime-fbneo/.cxx/Debug/1b1s4j3o/arm64-v8a/<scratch space>:428:1: note: expanded from here
C/C++:   428 | "TrackB_Prev"
C/C++:       | ^
C/C++: /home/runner/work/retro-manager/retro-manager/runtime/retropack-runtime-fbneo/submodules/fbneo/src/burn/burn_gun.cpp:702:3: warning: ISO C++11 does not allow conversion from string literal to 'char *' [-Wwritable-strings]
C/C++:   702 |                 SCAN_VAR(PaddleLast);
C/C++:       |                 ^
C/C++: /home/runner/work/retro-manager/retro-manager/runtime/retropack-runtime-fbneo/submodules/fbneo/src/burn/state.h:72:44: note: expanded from macro 'SCAN_VAR'
C/C++:    72 | #define SCAN_VAR(x) ScanVar(&x, sizeof(x), #x)
C/C++:       |                                            ^
C/C++: /home/runner/work/retro-manager/retro-manager/runtime/retropack-runtime-fbneo/.cxx/Debug/1b1s4j3o/arm64-v8a/<scratch space>:429:1: note: expanded from here
C/C++:   429 | "PaddleLast"
C/C++:       | ^
C/C++: /home/runner/work/retro-manager/retro-manager/runtime/retropack-runtime-fbneo/submodules/fbneo/src/burn/burn_gun.cpp:704:3: warning: ISO C++11 does not allow conversion from string literal to 'char *' [-Wwritable-strings]
C/C++:   704 |                 SCAN_VAR(DIAL_INC);
C/C++:       |                 ^
C/C++: /home/runner/work/retro-manager/retro-manager/runtime/retropack-runtime-fbneo/submodules/fbneo/src/burn/state.h:72:44: note: expanded from macro 'SCAN_VAR'
C/C++:    72 | #define SCAN_VAR(x) ScanVar(&x, sizeof(x), #x)
C/C++:       |                                            ^
C/C++: /home/runner/work/retro-manager/retro-manager/runtime/retropack-runtime-fbneo/.cxx/Debug/1b1s4j3o/arm64-v8a/<scratch space>:430:1: note: expanded from here
C/C++:   430 | "DIAL_INC"
C/C++:       | ^
C/C++: /home/runner/work/retro-manager/retro-manager/runtime/retropack-runtime-fbneo/submodules/fbneo/src/burn/burn_gun.cpp:705:3: warning: ISO C++11 does not allow conversion from string literal to 'char *' [-Wwritable-strings]
C/C++:   705 |                 SCAN_VAR(DIAL_VEL);
C/C++:       |                 ^
C/C++: /home/runner/work/retro-manager/retro-manager/runtime/retropack-runtime-fbneo/submodules/fbneo/src/burn/state.h:72:44: note: expanded from macro 'SCAN_VAR'
C/C++:    72 | #define SCAN_VAR(x) ScanVar(&x, sizeof(x), #x)
C/C++:       |                                            ^
C/C++: /home/runner/work/retro-manager/retro-manager/runtime/retropack-runtime-fbneo/.cxx/Debug/1b1s4j3o/arm64-v8a/<scratch space>:431:1: note: expanded from here
C/C++:   431 | "DIAL_VEL"
C/C++:       | ^
C/C++: /home/runner/work/retro-manager/retro-manager/runtime/retropack-runtime-fbneo/submodules/fbneo/src/burn/burn_gun.cpp:706:3: warning: ISO C++11 does not allow conversion from string literal to 'char *' [-Wwritable-strings]
C/C++:   706 |                 SCAN_VAR(DIAL_VELx);
C/C++:       |                 ^
C/C++: /home/runner/work/retro-manager/retro-manager/runtime/retropack-runtime-fbneo/submodules/fbneo/src/burn/state.h:72:44: note: expanded from macro 'SCAN_VAR'
C/C++:    72 | #define SCAN_VAR(x) ScanVar(&x, sizeof(x), #x)
C/C++:       |                                            ^
C/C++: /home/runner/work/retro-manager/retro-manager/runtime/retropack-runtime-fbneo/.cxx/Debug/1b1s4j3o/arm64-v8a/<scratch space>:432:1: note: expanded from here
C/C++:   432 | "DIAL_VELx"
C/C++:       | ^
C/C++: /home/runner/work/retro-manager/retro-manager/runtime/retropack-runtime-fbneo/submodules/fbneo/src/burn/burn_gun.cpp:707:3: warning: ISO C++11 does not allow conversion from string literal to 'char *' [-Wwritable-strings]
C/C++:   707 |                 SCAN_VAR(DrvJoyT);
C/C++:       |                 ^
C/C++: /home/runner/work/retro-manager/retro-manager/runtime/retropack-runtime-fbneo/submodules/fbneo/src/burn/state.h:72:44: note: expanded from macro 'SCAN_VAR'
C/C++:    72 | #define SCAN_VAR(x) ScanVar(&x, sizeof(x), #x)
C/C++:       |                                            ^
C/C++: /home/runner/work/retro-manager/retro-manager/runtime/retropack-runtime-fbneo/.cxx/Debug/1b1s4j3o/arm64-v8a/<scratch space>:433:1: note: expanded from here
C/C++:   433 | "DrvJoyT"
C/C++:       | ^
C/C++: /home/runner/work/retro-manager/retro-manager/runtime/retropack-runtime-fbneo/submodules/fbneo/src/burn/burn_gun.cpp:710:3: warning: ISO C++11 does not allow conversion from string literal to 'char *' [-Wwritable-strings]
C/C++:   710 |                 SCAN_VAR(BurnGunX);
C/C++:       |                 ^
C/C++: /home/runner/work/retro-manager/retro-manager/runtime/retropack-runtime-fbneo/submodules/fbneo/src/burn/state.h:72:44: note: expanded from macro 'SCAN_VAR'
C/C++:    72 | #define SCAN_VAR(x) ScanVar(&x, sizeof(x), #x)
C/C++:       |                                            ^
C/C++: /home/runner/work/retro-manager/retro-manager/runtime/retropack-runtime-fbneo/.cxx/Debug/1b1s4j3o/arm64-v8a/<scratch space>:434:1: note: expanded from here
C/C++:   434 | "BurnGunX"
C/C++:       | ^
C/C++: /home/runner/work/retro-manager/retro-manager/runtime/retropack-runtime-fbneo/submodules/fbneo/src/burn/burn_gun.cpp:711:3: warning: ISO C++11 does not allow conversion from string literal to 'char *' [-Wwritable-strings]
C/C++:   711 |                 SCAN_VAR(BurnGunY);
C/C++:       |                 ^
C/C++: /home/runner/work/retro-manager/retro-manager/runtime/retropack-runtime-fbneo/submodules/fbneo/src/burn/state.h:72:44: note: expanded from macro 'SCAN_VAR'
C/C++:    72 | #define SCAN_VAR(x) ScanVar(&x, sizeof(x), #x)
C/C++:       |                                            ^
C/C++: /home/runner/work/retro-manager/retro-manager/runtime/retropack-runtime-fbneo/.cxx/Debug/1b1s4j3o/arm64-v8a/<scratch space>:435:1: note: expanded from here
C/C++:   435 | "BurnGunY"
C/C++:       | ^
C/C++: /home/runner/work/retro-manager/retro-manager/runtime/retropack-runtime-fbneo/submodules/fbneo/src/burn/burn_gun.cpp:712:3: warning: ISO C++11 does not allow conversion from string literal to 'char *' [-Wwritable-strings]
C/C++:   712 |                 SCAN_VAR(GunTargetTimer);
C/C++:       |                 ^
C/C++: /home/runner/work/retro-manager/retro-manager/runtime/retropack-runtime-fbneo/submodules/fbneo/src/burn/state.h:72:44: note: expanded from macro 'SCAN_VAR'
C/C++:    72 | #define SCAN_VAR(x) ScanVar(&x, sizeof(x), #x)
C/C++:       |                                            ^
C/C++: /home/runner/work/retro-manager/retro-manager/runtime/retropack-runtime-fbneo/.cxx/Debug/1b1s4j3o/arm64-v8a/<scratch space>:436:1: note: expanded from here
C/C++:   436 | "GunTargetTimer"
C/C++:       | ^
C/C++: /home/runner/work/retro-manager/retro-manager/runtime/retropack-runtime-fbneo/submodules/fbneo/src/burn/burn_gun.cpp:713:3: warning: ISO C++11 does not allow conversion from string literal to 'char *' [-Wwritable-strings]
C/C++:   713 |                 SCAN_VAR(GunTargetLastX);
C/C++:       |                 ^
C/C++: /home/runner/work/retro-manager/retro-manager/runtime/retropack-runtime-fbneo/submodules/fbneo/src/burn/state.h:72:44: note: expanded from macro 'SCAN_VAR'
C/C++:    72 | #define SCAN_VAR(x) ScanVar(&x, sizeof(x), #x)
C/C++:       |                                            ^
C/C++: /home/runner/work/retro-manager/retro-manager/runtime/retropack-runtime-fbneo/.cxx/Debug/1b1s4j3o/arm64-v8a/<scratch space>:437:1: note: expanded from here
C/C++:   437 | "GunTargetLastX"
C/C++:       | ^
C/C++: /home/runner/work/retro-manager/retro-manager/runtime/retropack-runtime-fbneo/submodules/fbneo/src/burn/burn_gun.cpp:714:3: warning: ISO C++11 does not allow conversion from string literal to 'char *' [-Wwritable-strings]
C/C++:   714 |                 SCAN_VAR(GunTargetLastY);
C/C++:       |                 ^
C/C++: /home/runner/work/retro-manager/retro-manager/runtime/retropack-runtime-fbneo/submodules/fbneo/src/burn/state.h:72:44: note: expanded from macro 'SCAN_VAR'
C/C++:    72 | #define SCAN_VAR(x) ScanVar(&x, sizeof(x), #x)
C/C++:       |                                            ^
C/C++: /home/runner/work/retro-manager/retro-manager/runtime/retropack-runtime-fbneo/.cxx/Debug/1b1s4j3o/arm64-v8a/<scratch space>:438:1: note: expanded from here
C/C++:   438 | "GunTargetLastY"
C/C++:       | ^
C/C++: 19 warnings generated.
gradle/actions: Writing build results to /home/runner/work/_temp/.gradle-actions/build-results/__run_4-1790579342875.json

[Incubating] Problems report is available at: file:///home/runner/work/retro-manager/retro-manager/build/reports/problems/problems-report.html

FAILURE: Build failed with an exception.

* What went wrong:
Execution failed for task ':runtime:retropack-runtime-fbneo:buildCMakeDebug[arm64-v8a]' (registered by plugin 'com.android.internal.library').
> com.android.ide.common.process.ProcessException: ninja: Entering directory `/home/runner/work/retro-manager/retro-manager/runtime/retropack-runtime-fbneo/.cxx/Debug/1b1s4j3o/arm64-v8a'
  [1/46] Building CXX object CMakeFiles/retropack-runtime-fbneo.dir/submodules/fbneo/src/burn/burn_memory.cpp.o
  In file included from /home/runner/work/retro-manager/retro-manager/runtime/retropack-runtime-fbneo/submodules/fbneo/src/burn/burn_memory.cpp:7:
  In file included from /home/runner/work/retro-manager/retro-manager/runtime/retropack-runtime-fbneo/submodules/fbneo/src/burn/burnint.h:17:
  /home/runner/work/retro-manager/retro-manager/runtime/retropack-runtime-fbneo/submodules/fbneo/src/burn/devices/joyprocess.h:70:3: warning: ISO C++11 does not allow conversion from string literal to 'char *' [-Wwritable-strings]
     70 |                 SCAN_VAR(state);
        |                 ^
  /home/runner/work/retro-manager/retro-manager/runtime/retropack-runtime-fbneo/submodules/fbneo/src/burn/state.h:72:44: note: expanded from macro 'SCAN_VAR'
     72 | #define SCAN_VAR(x) ScanVar(&x, sizeof(x), #x)
        |                                            ^
  <scratch space>:117:1: note: expanded from here
    117 | "state"
        | ^
  In file included from /home/runner/work/retro-manager/retro-manager/runtime/retropack-runtime-fbneo/submodules/fbneo/src/burn/burn_memory.cpp:7:
  In file included from /home/runner/work/retro-manager/retro-manager/runtime/retropack-runtime-fbneo/submodules/fbneo/src/burn/burnint.h:17:
  /home/runner/work/retro-manager/retro-manager/runtime/retropack-runtime-fbneo/submodules/fbneo/src/burn/devices/joyprocess.h:71:3: warning: ISO C++11 does not allow conversion from string literal to 'char *' [-Wwritable-strings]
     71 |                 SCAN_VAR(last_state);
        |                 ^
  /home/runner/work/retro-manager/retro-manager/runtime/retropack-runtime-fbneo/submodules/fbneo/src/burn/state.h:72:44: note: expanded from macro 'SCAN_VAR'
     72 | #define SCAN_VAR(x) ScanVar(&x, sizeof(x), #x)
        |                                            ^
  <scratch space>:118:1: note: expanded from here
    118 | "last_state"
        | ^
  /home/runner/work/retro-manager/retro-manager/runtime/retropack-runtime-fbneo/submodules/fbneo/src/burn/burn_memory.cpp:38:20: warning: ISO C++11 does not allow conversion from string literal to 'TCHAR *' (aka 'char *') [-Wwritable-strings]
     38 |                                 bprintf (0, _T("BurnMalloc failed to allocate %d bytes of memory!\n"), size);
        |                                                ^
  /home/runner/work/retro-manager/retro-manager/runtime/retropack-runtime-fbneo/submodules/fbneo/src/burn/burn_memory.cpp:55:17: warning: ISO C++11 does not allow conversion from string literal to 'TCHAR *' (aka 'char *') [-Wwritable-strings]
     55 |         bprintf (0, _T("BurnMalloc called too many times!\n"));
        |                        ^
  /home/runner/work/retro-manager/retro-manager/runtime/retropack-runtime-fbneo/submodules/fbneo/src/burn/burn_memory.cpp:76:18: warning: ISO C++11 does not allow conversion from string literal to 'TCHAR *' (aka 'char *') [-Wwritable-strings]
     76 |                         bprintf(0, _T("burn_memory.cpp(%s): OOB detected in allocated index %d @ %x!!\n"), (type == MEM_FREE) ? _T("BurnFree()") : _T("BurnRealloc()"), i, z);
        |                                       ^
  /home/runner/work/retro-manager/retro-manager/runtime/retropack-runtime-fbneo/submodules/fbneo/src/burn/burn_memory.cpp:82:17: warning: ISO C++11 does not allow conversion from string literal to 'TCHAR *' (aka 'char *') [-Wwritable-strings]
     82 |                 bprintf(0, _T("->OOB memory issue detected in allocated index %d, please let FBNeo team know!\n"), i);
        |                               ^
  /home/runner/work/retro-manager/retro-manager/runtime/retropack-runtime-fbneo/submodules/fbneo/src/burn/burn_memory.cpp:132:16: warning: ISO C++11 does not allow conversion from string literal to 'char *' [-Wwritable-strings]
    132 |         UINT8 *temp = BurnMalloc(size);
        |                       ^
  /home/runner/work/retro-manager/retro-manager/runtime/retropack-runtime-fbneo/submodules/fbneo/src/burn/burnint.h:199:38: note: expanded from macro 'BurnMalloc'
    199 | #define BurnMalloc(x) _BurnMalloc(x, __FILE__, __LINE__)
        |                                      ^
  <scratch space>:124:1: note: expanded from here
    124 | "/home/runner/work/retro-manager/retro-manager/runtime/retropack-runtime-fbneo/submodules/fbneo/src/burn/burn_memory.cpp"
        | ^
  7 warnings generated.
  [2/46] Building C object CMakeFiles/retropack-runtime-fbneo.dir/src/main/cpp/ringbuffer.c.o
  [3/46] Building C object CMakeFiles/retropack-runtime-fbneo.dir/src/main/cpp/fbneo-jni.c.o
  FAILED: CMakeFiles/retropack-runtime-fbneo.dir/src/main/cpp/fbneo-jni.c.o 
  /usr/local/lib/android/sdk/ndk/27.0.12077973/toolchains/llvm/prebuilt/linux-x86_64/bin/clang --target=aarch64-none-linux-android26 --sysroot=/usr/local/lib/android/sdk/ndk/27.0.12077973/toolchains/llvm/prebuilt/linux-x86_64/sysroot -DBUILD_NEOGEO=1 -DHAVE_FBNEO_CORE=1 -DINLINE=inline -DSUPPORT_SPLIT_DRIVER=1 -D__LIBRETRO_OPTIMIZATIONS__=1 -D__LIBRETRO__=1 -Dretropack_runtime_fbneo_EXPORTS -I/home/runner/work/retro-manager/retro-manager/runtime/retropack-runtime-fbneo/src/main/cpp -I/home/runner/work/retro-manager/retro-manager/runtime/retropack-runtime-fbneo/../retropack-runtime-common/src/main/cpp -I/home/runner/work/retro-manager/retro-manager/runtime/retropack-runtime-fbneo/submodules/fbneo -I/home/runner/work/retro-manager/retro-manager/runtime/retropack-runtime-fbneo/submodules/fbneo/src -I/home/runner/work/retro-manager/retro-manager/runtime/retropack-runtime-fbneo/submodules/fbneo/src/burn -I/home/runner/work/retro-manager/retro-manager/runtime/retropack-runtime-fbneo/submodules/fbneo/src/burn/devices -I/home/runner/work/retro-manager/retro-manager/runtime/retropack-runtime-fbneo/submodules/fbneo/src/burn/snd -I/home/runner/work/retro-manager/retro-manager/runtime/retropack-runtime-fbneo/submodules/fbneo/src/burn/drv/neogeo -I/home/runner/work/retro-manager/retro-manager/runtime/retropack-runtime-fbneo/submodules/fbneo/src/burner -I/home/runner/work/retro-manager/retro-manager/runtime/retropack-runtime-fbneo/submodules/fbneo/src/burner/libretro -I/home/runner/work/retro-manager/retro-manager/runtime/retropack-runtime-fbneo/submodules/fbneo/src/burner/libretro/libretro-common/include -I/home/runner/work/retro-manager/retro-manager/runtime/retropack-runtime-fbneo/submodules/fbneo/src/cpu -I/home/runner/work/retro-manager/retro-manager/runtime/retropack-runtime-fbneo/submodules/fbneo/src/cpu/m68k -I/home/runner/work/retro-manager/retro-manager/runtime/retropack-runtime-fbneo/submodules/fbneo/src/cpu/z80 -I/home/runner/work/retro-manager/retro-manager/runtime/retropack-runtime-fbneo/submodules/fbneo/src/dep/libs/zlib -g -DANDROID -fdata-sections -ffunction-sections -funwind-tables -fstack-protector-strong -no-canonical-prefixes -D_FORTIFY_SOURCE=2 -Wformat -Werror=format-security  -fno-limit-debug-info  -fPIC -std=gnu11 -MD -MT CMakeFiles/retropack-runtime-fbneo.dir/src/main/cpp/fbneo-jni.c.o -MF CMakeFiles/retropack-runtime-fbneo.dir/src/main/cpp/fbneo-jni.c.o.d -o CMakeFiles/retropack-runtime-fbneo.dir/src/main/cpp/fbneo-jni.c.o -c /home/runner/work/retro-manager/retro-manager/runtime/retropack-runtime-fbneo/src/main/cpp/fbneo-jni.c
  In file included from /home/runner/work/retro-manager/retro-manager/runtime/retropack-runtime-fbneo/src/main/cpp/fbneo-jni.c:43:
  In file included from /home/runner/work/retro-manager/retro-manager/runtime/retropack-runtime-fbneo/submodules/fbneo/src/burner/burner.h:27:
  In file included from /home/runner/work/retro-manager/retro-manager/runtime/retropack-runtime-fbneo/submodules/fbneo/src/burn/burn.h:124:
  /home/runner/work/retro-manager/retro-manager/runtime/retropack-runtime-fbneo/submodules/fbneo/src/burn/cheat.h:50:8: error: must use 'struct' tag to refer to type 'CheatInfo'
     50 | extern CheatInfo* pCheatInfo;
        |        ^
        |        struct 
  In file included from /home/runner/work/retro-manager/retro-manager/runtime/retropack-runtime-fbneo/src/main/cpp/fbneo-jni.c:43:
  In file included from /home/runner/work/retro-manager/retro-manager/runtime/retropack-runtime-fbneo/submodules/fbneo/src/burner/burner.h:27:
  In file included from /home/runner/work/retro-manager/retro-manager/runtime/retropack-runtime-fbneo/submodules/fbneo/src/burn/burn.h:125:
  /home/runner/work/retro-manager/retro-manager/runtime/retropack-runtime-fbneo/submodules/fbneo/src/burn/hiscore.h:15:41: error: C does not support default arguments
     15 | void HiscoreReset(INT32 nHiscoreOptions = 0);
        |                                         ^ ~
  In file included from /home/runner/work/retro-manager/retro-manager/runtime/retropack-runtime-fbneo/src/main/cpp/fbneo-jni.c:43:
  In file included from /home/runner/work/retro-manager/retro-manager/runtime/retropack-runtime-fbneo/submodules/fbneo/src/burner/burner.h:27:
  /home/runner/work/retro-manager/retro-manager/runtime/retropack-runtime-fbneo/submodules/fbneo/src/burn/burn.h:142:55: error: must use 'enum' tag to refer to type 'BurnCartrigeCommand'
    142 | extern INT32 (__cdecl *BurnExtCartridgeSetupCallback)(BurnCartrigeCommand nCommand);
        |                                                       ^
        |                                                       enum 
  /home/runner/work/retro-manager/retro-manager/runtime/retropack-runtime-fbneo/submodules/fbneo/src/burn/burn.h:226:8: error: must use 'struct' tag to refer to type 'RomDataInfo'
    226 | extern RomDataInfo* pRDI;
        |        ^
        |        struct 
  /home/runner/work/retro-manager/retro-manager/runtime/retropack-runtime-fbneo/submodules/fbneo/src/burn/burn.h:227:8: error: must use 'struct' tag to refer to type 'BurnRomInfo'
    227 | extern BurnRomInfo* pDataRomDesc;
        |        ^
        |        struct 
  /home/runner/work/retro-manager/retro-manager/runtime/retropack-runtime-fbneo/submodules/fbneo/src/burn/burn.h:407:29: error: must use 'enum' tag to refer to type 'BurnCartrigeCommand'
    407 | INT32 BurnDrvCartridgeSetup(BurnCartrigeCommand nCommand);
        |                             ^
        |                             enum 
  /home/runner/work/retro-manager/retro-manager/runtime/retropack-runtime-fbneo/submodules/fbneo/src/burn/burn.h:419:23: error: must use 'struct' tag to refer to type 'tm'
    419 | void BurnGetLocalTime(tm *nTime);                   // Retrieve local-time of machine w/tweaks for netgame and input recordings
        |                       ^
        |                       struct 
  /home/runner/work/retro-manager/retro-manager/runtime/retropack-runtime-fbneo/submodules/fbneo/src/burn/burn.h:533:81: error: C does not support default arguments
    533 | void IpsApplyPatches(UINT8* base, char* rom_name, UINT32 rom_crc, bool readonly = false);
        |                                                                                 ^ ~~~~~
  In file included from /home/runner/work/retro-manager/retro-manager/runtime/retropack-runtime-fbneo/src/main/cpp/fbneo-jni.c:43:
  In file included from /home/runner/work/retro-manager/retro-manager/runtime/retropack-runtime-fbneo/submodules/fbneo/src/burner/burner.h:28:
  /home/runner/work/retro-manager/retro-manager/runtime/retropack-runtime-fbneo/submodules/fbneo/src/burn/devices/joyprocess.h:40:7: error: conflicting types for 'ProcessAnalog'
     40 | UINT8 ProcessAnalog(INT16 anaval, INT32 reversed, INT32 flags, UINT8 scalemin, UINT8 scalemax, UINT8 centerval);
        |       ^
  /home/runner/work/retro-manager/retro-manager/runtime/retropack-runtime-fbneo/submodules/fbneo/src/burn/devices/joyprocess.h:39:7: note: previous declaration is here
     39 | UINT8 ProcessAnalog(INT16 anaval, INT32 reversed, INT32 flags, UINT8 scalemin, UINT8 scalemax);
        |       ^
  /home/runner/work/retro-manager/retro-manager/runtime/retropack-runtime-fbneo/submodules/fbneo/src/burn/devices/joyprocess.h:42:45: error: C does not support default arguments
     42 | INT32 AnalogDeadZone(INT32 anaval, INT32 dz = 4);
        |                                             ^ ~
  /home/runner/work/retro-manager/retro-manager/runtime/retropack-runtime-fbneo/submodules/fbneo/src/burn/devices/joyprocess.h:52:2: error: type name requires a specifier or qualifier
     52 |         ButtonToggle() {
        |         ^
  /home/runner/work/retro-manager/retro-manager/runtime/retropack-runtime-fbneo/submodules/fbneo/src/burn/devices/joyprocess.h:52:16: error: expected ';' at end of declaration list
     52 |         ButtonToggle() {
        |                       ^
        |                       ;
  /home/runner/work/retro-manager/retro-manager/runtime/retropack-runtime-fbneo/submodules/fbneo/src/burn/devices/joyprocess.h:76:1: error: unknown type name 'template'
     76 | template <int N, typename T = UINT8>
        | ^
  /home/runner/work/retro-manager/retro-manager/runtime/retropack-runtime-fbneo/submodules/fbneo/src/burn/devices/joyprocess.h:76:10: error: expected identifier or '('
     76 | template <int N, typename T = UINT8>
        |          ^
  /home/runner/work/retro-manager/retro-manager/runtime/retropack-runtime-fbneo/submodules/fbneo/src/burn/devices/joyprocess.h:122:1: error: unknown type name 'template'
    122 | template <int N, typename T>
        | ^
  /home/runner/work/retro-manager/retro-manager/runtime/retropack-runtime-fbneo/submodules/fbneo/src/burn/devices/joyprocess.h:122:10: error: expected identifier or '('
    122 | template <int N, typename T>
        |          ^
  In file included from /home/runner/work/retro-manager/retro-manager/runtime/retropack-runtime-fbneo/src/main/cpp/fbneo-jni.c:43:
  In file included from /home/runner/work/retro-manager/retro-manager/runtime/retropack-runtime-fbneo/submodules/fbneo/src/burner/burner.h:51:
  /home/runner/work/retro-manager/retro-manager/runtime/retropack-runtime-fbneo/submodules/fbneo/src/burner/libretro/burner_libretro.h:5:10: fatal error: 'cd_interface.h' file not found
      5 | #include "cd_interface.h"
        |          ^~~~~~~~~~~~~~~~
  17 errors generated.
  [4/46] Building CXX object CMakeFiles/retropack-runtime-fbneo.dir/submodules/fbneo/src/burn/burn.cpp.o
  FAILED: CMakeFiles/retropack-runtime-fbneo.dir/submodules/fbneo/src/burn/burn.cpp.o 
  /usr/local/lib/android/sdk/ndk/27.0.12077973/toolchains/llvm/prebuilt/linux-x86_64/bin/clang++ --target=aarch64-none-linux-android26 --sysroot=/usr/local/lib/android/sdk/ndk/27.0.12077973/toolchains/llvm/prebuilt/linux-x86_64/sysroot -DBUILD_NEOGEO=1 -DHAVE_FBNEO_CORE=1 -DINLINE=inline -DSUPPORT_SPLIT_DRIVER=1 -D__LIBRETRO_OPTIMIZATIONS__=1 -D__LIBRETRO__=1 -Dretropack_runtime_fbneo_EXPORTS -I/home/runner/work/retro-manager/retro-manager/runtime/retropack-runtime-fbneo/src/main/cpp -I/home/runner/work/retro-manager/retro-manager/runtime/retropack-runtime-fbneo/../retropack-runtime-common/src/main/cpp -I/home/runner/work/retro-manager/retro-manager/runtime/retropack-runtime-fbneo/submodules/fbneo -I/home/runner/work/retro-manager/retro-manager/runtime/retropack-runtime-fbneo/submodules/fbneo/src -I/home/runner/work/retro-manager/retro-manager/runtime/retropack-runtime-fbneo/submodules/fbneo/src/burn -I/home/runner/work/retro-manager/retro-manager/runtime/retropack-runtime-fbneo/submodules/fbneo/src/burn/devices -I/home/runner/work/retro-manager/retro-manager/runtime/retropack-runtime-fbneo/submodules/fbneo/src/burn/snd -I/home/runner/work/retro-manager/retro-manager/runtime/retropack-runtime-fbneo/submodules/fbneo/src/burn/drv/neogeo -I/home/runner/work/retro-manager/retro-manager/runtime/retropack-runtime-fbneo/submodules/fbneo/src/burner -I/home/runner/work/retro-manager/retro-manager/runtime/retropack-runtime-fbneo/submodules/fbneo/src/burner/libretro -I/home/runner/work/retro-manager/retro-manager/runtime/retropack-runtime-fbneo/submodules/fbneo/src/burner/libretro/libretro-common/include -I/home/runner/work/retro-manager/retro-manager/runtime/retropack-runtime-fbneo/submodules/fbneo/src/cpu -I/home/runner/work/retro-manager/retro-manager/runtime/retropack-runtime-fbneo/submodules/fbneo/src/cpu/m68k -I/home/runner/work/retro-manager/retro-manager/runtime/retropack-runtime-fbneo/submodules/fbneo/src/cpu/z80 -I/home/runner/work/retro-manager/retro-manager/runtime/retropack-runtime-fbneo/submodules/fbneo/src/dep/libs/zlib -g -DANDROID -fdata-sections -ffunction-sections -funwind-tables -fstack-protector-strong -no-canonical-prefixes -D_FORTIFY_SOURCE=2 -Wformat -Werror=format-security   -fno-limit-debug-info  -fPIC -MD -MT CMakeFiles/retropack-runtime-fbneo.dir/submodules/fbneo/src/burn/burn.cpp.o -MF CMakeFiles/retropack-runtime-fbneo.dir/submodules/fbneo/src/burn/burn.cpp.o.d -o CMakeFiles/retropack-runtime-fbneo.dir/submodules/fbneo/src/burn/burn.cpp.o -c /home/runner/work/retro-manager/retro-manager/runtime/retropack-runtime-fbneo/submodules/fbneo/src/burn/burn.cpp
  In file included from /home/runner/work/retro-manager/retro-manager/runtime/retropack-runtime-fbneo/submodules/fbneo/src/burn/burn.cpp:4:
  In file included from /home/runner/work/retro-manager/retro-manager/runtime/retropack-runtime-fbneo/submodules/fbneo/src/burn/burnint.h:17:
  /home/runner/work/retro-manager/retro-manager/runtime/retropack-runtime-fbneo/submodules/fbneo/src/burn/devices/joyprocess.h:70:3: warning: ISO C++11 does not allow conversion from string literal to 'char *' [-Wwritable-strings]
     70 |                 SCAN_VAR(state);
        |                 ^
  /home/runner/work/retro-manager/retro-manager/runtime/retropack-runtime-fbneo/submodules/fbneo/src/burn/state.h:72:44: note: expanded from macro 'SCAN_VAR'
     72 | #define SCAN_VAR(x) ScanVar(&x, sizeof(x), #x)
        |                                            ^
  <scratch space>:117:1: note: expanded from here
    117 | "state"
        | ^
  In file included from /home/runner/work/retro-manager/retro-manager/runtime/retropack-runtime-fbneo/submodules/fbneo/src/burn/burn.cpp:4:
  In file included from /home/runner/work/retro-manager/retro-manager/runtime/retropack-runtime-fbneo/submodules/fbneo/src/burn/burnint.h:17:
  /home/runner/work/retro-manager/retro-manager/runtime/retropack-runtime-fbneo/submodules/fbneo/src/burn/devices/joyprocess.h:71:3: warning: ISO C++11 does not allow conversion from string literal to 'char *' [-Wwritable-strings]
     71 |                 SCAN_VAR(last_state);
        |                 ^
  /home/runner/work/retro-manager/retro-manager/runtime/retropack-runtime-fbneo/submodules/fbneo/src/burn/state.h:72:44: note: expanded from macro 'SCAN_VAR'
     72 | #define SCAN_VAR(x) ScanVar(&x, sizeof(x), #x)
        |                                            ^
  <scratch space>:118:1: note: expanded from here
    118 | "last_state"
        | ^
  /home/runner/work/retro-manager/retro-manager/runtime/retropack-runtime-fbneo/submodules/fbneo/src/burn/burn.cpp:7:10: fatal error: 'driverlist.h' file not found
      7 | #include "driverlist.h"
        |          ^~~~~~~~~~~~~~
  2 warnings and 1 error generated.
  [5/46] Building CXX object CMakeFiles/retropack-runtime-fbneo.dir/submodules/fbneo/src/burn/burn_sound.cpp.o
  In file included from /home/runner/work/retro-manager/retro-manager/runtime/retropack-runtime-fbneo/submodules/fbneo/src/burn/burn_sound.cpp:1:
  In file included from /home/runner/work/retro-manager/retro-manager/runtime/retropack-runtime-fbneo/submodules/fbneo/src/burn/burnint.h:17:
  /home/runner/work/retro-manager/retro-manager/runtime/retropack-runtime-fbneo/submodules/fbneo/src/burn/devices/joyprocess.h:70:3: warning: ISO C++11 does not allow conversion from string literal to 'char *' [-Wwritable-strings]
     70 |                 SCAN_VAR(state);
        |                 ^
  /home/runner/work/retro-manager/retro-manager/runtime/retropack-runtime-fbneo/submodules/fbneo/src/burn/state.h:72:44: note: expanded from macro 'SCAN_VAR'
     72 | #define SCAN_VAR(x) ScanVar(&x, sizeof(x), #x)
        |                                            ^
  <scratch space>:117:1: note: expanded from here
    117 | "state"
        | ^
  In file included from /home/runner/work/retro-manager/retro-manager/runtime/retropack-runtime-fbneo/submodules/fbneo/src/burn/burn_sound.cpp:1:
  In file included from /home/runner/work/retro-manager/retro-manager/runtime/retropack-runtime-fbneo/submodules/fbneo/src/burn/burnint.h:17:
  /home/runner/work/retro-manager/retro-manager/runtime/retropack-runtime-fbneo/submodules/fbneo/src/burn/devices/joyprocess.h:71:3: warning: ISO C++11 does not allow conversion from string literal to 'char *' [-Wwritable-strings]
     71 |                 SCAN_VAR(last_state);
        |                 ^
  /home/runner/work/retro-manager/retro-manager/runtime/retropack-runtime-fbneo/submodules/fbneo/src/burn/state.h:72:44: note: expanded from macro 'SCAN_VAR'
     72 | #define SCAN_VAR(x) ScanVar(&x, sizeof(x), #x)
        |                                            ^
  <scratch space>:118:1: note: expanded from here
    118 | "last_state"
        | ^
  /home/runner/work/retro-manager/retro-manager/runtime/retropack-runtime-fbneo/submodules/fbneo/src/burn/burn_sound.cpp:75:26: warning: ISO C++11 does not allow conversion from string literal to 'TCHAR *' (aka 'char *') [-Wwritable-strings]
     75 |         if (clip) bprintf(0, _T("BurnSoundTweakVolume(): CLIPPING @ frame %x\n"), nCurrentFrame);
        |                                 ^
  3 warnings generated.
  [6/46] Building CXX object CMakeFiles/retropack-runtime-fbneo.dir/submodules/fbneo/src/burn/debug_track.cpp.o
  In file included from /home/runner/work/retro-manager/retro-manager/runtime/retropack-runtime-fbneo/submodules/fbneo/src/burn/debug_track.cpp:3:
  In file included from /home/runner/work/retro-manager/retro-manager/runtime/retropack-runtime-fbneo/submodules/fbneo/src/burn/burnint.h:17:
  /home/runner/work/retro-manager/retro-manager/runtime/retropack-runtime-fbneo/submodules/fbneo/src/burn/devices/joyprocess.h:70:3: warning: ISO C++11 does not allow conversion from string literal to 'char *' [-Wwritable-strings]
     70 |                 SCAN_VAR(state);
        |                 ^
  /home/runner/work/retro-manager/retro-manager/runtime/retropack-runtime-fbneo/submodules/fbneo/src/burn/state.h:72:44: note: expanded from macro 'SCAN_VAR'
     72 | #define SCAN_VAR(x) ScanVar(&x, sizeof(x), #x)
        |                                            ^
  <scratch space>:117:1: note: expanded from here
    117 | "state"
        | ^
  In file included from /home/runner/work/retro-manager/retro-manager/runtime/retropack-runtime-fbneo/submodules/fbneo/src/burn/debug_track.cpp:3:
  In file included from /home/runner/work/retro-manager/retro-manager/runtime/retropack-runtime-fbneo/submodules/fbneo/src/burn/burnint.h:17:
  /home/runner/work/retro-manager/retro-manager/runtime/retropack-runtime-fbneo/submodules/fbneo/src/burn/devices/joyprocess.h:71:3: warning: ISO C++11 does not allow conversion from string literal to 'char *' [-Wwritable-strings]
     71 |                 SCAN_VAR(last_state);
        |                 ^
  /home/runner/work/retro-manager/retro-manager/runtime/retropack-runtime-fbneo/submodules/fbneo/src/burn/state.h:72:44: note: expanded from macro 'SCAN_VAR'
     72 | #define SCAN_VAR(x) ScanVar(&x, sizeof(x), #x)
        |                                            ^
  <scratch space>:118:1: note: expanded from here
    118 | "last_state"
        | ^
  /home/runner/work/retro-manager/retro-manager/runtime/retropack-runtime-fbneo/submodules/fbneo/src/burn/debug_track.cpp:85:59: warning: ISO C++11 does not allow conversion from string literal to 'TCHAR *' (aka 'char *') [-Wwritable-strings]
     85 |         if (Debug_BurnTransferInitted)          bprintf(PRINT_ERROR, _T("BurnTransfer Not Exited\n"));
        |                                                                         ^
  /home/runner/work/retro-manager/retro-manager/runtime/retropack-runtime-fbneo/submodules/fbneo/src/burn/debug_track.cpp:86:55: warning: ISO C++11 does not allow conversion from string literal to 'TCHAR *' (aka 'char *') [-Wwritable-strings]
     86 |         if (Debug_BurnGunInitted)                       bprintf(PRINT_ERROR, _T("BurnGun Not Exited\n"));
        |                                                                                 ^
  /home/runner/work/retro-manager/retro-manager/runtime/retropack-runtime-fbneo/submodules/fbneo/src/burn/debug_track.cpp:87:55: warning: ISO C++11 does not allow conversion from string literal to 'TCHAR *' (aka 'char *') [-Wwritable-strings]
     87 |         if (Debug_BurnLedInitted)                       bprintf(PRINT_ERROR, _T("BurnLed Not Exited\n"));
        |                                                                                 ^
  /home/runner/work/retro-manager/retro-manager/runtime/retropack-runtime-fbneo/submodules/fbneo/src/burn/debug_track.cpp:88:56: warning: ISO C++11 does not allow conversion from string literal to 'TCHAR *' (aka 'char *') [-Wwritable-strings]
     88 |         if (Debug_BurnShiftInitted)             bprintf(PRINT_ERROR, _T("BurnShit Not Exited\n"));
        |                                                                         ^
  /home/runner/work/retro-manager/retro-manager/runtime/retropack-runtime-fbneo/submodules/fbneo/src/burn/debug_track.cpp:89:55: warning: ISO C++11 does not allow conversion from string literal to 'TCHAR *' (aka 'char *') [-Wwritable-strings]
     89 |         if (Debug_HiscoreInitted)                       bprintf(PRINT_ERROR, _T("Hiscore Not Exited\n"));
        |                                                                                 ^
  /home/runner/work/retro-manager/retro-manager/runtime/retropack-runtime-fbneo/submodules/fbneo/src/burn/debug_track.cpp:90:59: warning: ISO C++11 does not allow conversion from string literal to 'TCHAR *' (aka 'char *') [-Wwritable-strings]
     90 |         if (Debug_GenericTilesInitted)          bprintf(PRINT_ERROR, _T("GenericTiles Not Exited\n"));
        |                                                                         ^
  /home/runner/work/retro-manager/retro-manager/runtime/retropack-runtime-fbneo/submodules/fbneo/src/burn/debug_track.cpp:92:57: warning: ISO C++11 does not allow conversion from string literal to 'TCHAR *' (aka 'char *') [-Wwritable-strings]
     92 |         if (DebugDev_8255PPIInitted)            bprintf(PRINT_ERROR, _T("Device 8255PPI Not Exited\n"));
        |                                                                         ^
  /home/runner/work/retro-manager/retro-manager/runtime/retropack-runtime-fbneo/submodules/fbneo/src/burn/debug_track.cpp:93:57: warning: ISO C++11 does not allow conversion from string literal to 'TCHAR *' (aka 'char *') [-Wwritable-strings]
     93 |         if (DebugDev_8257DMAInitted)            bprintf(PRINT_ERROR, _T("Device 8257DMA Not Exited\n"));
        |                                                                         ^
  /home/runner/work/retro-manager/retro-manager/runtime/retropack-runtime-fbneo/submodules/fbneo/src/burn/debug_track.cpp:94:56: warning: ISO C++11 does not allow conversion from string literal to 'TCHAR *' (aka 'char *') [-Wwritable-strings]
     94 |         if (DebugDev_EEPROMInitted)             bprintf(PRINT_ERROR, _T("Device EEPROM Not Exited\n"));
        |                                                                         ^
  /home/runner/work/retro-manager/retro-manager/runtime/retropack-runtime-fbneo/submodules/fbneo/src/burn/debug_track.cpp:95:57: warning: ISO C++11 does not allow conversion from string literal to 'TCHAR *' (aka 'char *') [-Wwritable-strings]
     95 |         if (DebugDev_PandoraInitted)            bprintf(PRINT_ERROR, _T("Device Pandora Not Exited\n"));
        |                                                                         ^
  /home/runner/work/retro-manager/retro-manager/runtime/retropack-runtime-fbneo/submodules/fbneo/src/burn/debug_track.cpp:96:58: warning: ISO C++11 does not allow conversion from string literal to 'TCHAR *' (aka 'char *') [-Wwritable-strings]
     96 |         if (DebugDev_SeibuSndInitted)           bprintf(PRINT_ERROR, _T("Device SeibuSnd Not Exited\n"));
        |                                                                         ^
  /home/runner/work/retro-manager/retro-manager/runtime/retropack-runtime-fbneo/submodules/fbneo/src/burn/debug_track.cpp:97:57: warning: ISO C++11 does not allow conversion from string literal to 'TCHAR *' (aka 'char *') [-Wwritable-strings]
     97 |         if (DebugDev_SknsSprInitted)            bprintf(PRINT_ERROR, _T("Device SknsSpr Not Exited\n"));
        |                                                                         ^
  /home/runner/work/retro-manager/retro-manager/runtime/retropack-runtime-fbneo/submodules/fbneo/src/burn/debug_track.cpp:98:58: warning: ISO C++11 does not allow conversion from string literal to 'TCHAR *' (aka 'char *') [-Wwritable-strings]
     98 |         if (DebugDev_SlapsticInitted)           bprintf(PRINT_ERROR, _T("Device Slapstic Not Exited\n"));
        |                                                                         ^
  /home/runner/work/retro-manager/retro-manager/runtime/retropack-runtime-fbneo/submodules/fbneo/src/burn/debug_track.cpp:99:56: warning: ISO C++11 does not allow conversion from string literal to 'TCHAR *' (aka 'char *') [-Wwritable-strings]
     99 |         if (DebugDev_T5182Initted)                      bprintf(PRINT_ERROR, _T("Device T5182 Not Exited\n"));
        |                                                                                 ^
  /home/runner/work/retro-manager/retro-manager/runtime/retropack-runtime-fbneo/submodules/fbneo/src/burn/debug_track.cpp:100:57: warning: ISO C++11 does not allow conversion from string literal to 'TCHAR *' (aka 'char *') [-Wwritable-strings]
    100 |         if (DebugDev_TimeKprInitted)            bprintf(PRINT_ERROR, _T("Device TimeKpr Not Exited\n"));
        |                                                                         ^
  /home/runner/work/retro-manager/retro-manager/runtime/retropack-runtime-fbneo/submodules/fbneo/src/burn/debug_track.cpp:101:58: warning: ISO C++11 does not allow conversion from string literal to 'TCHAR *' (aka 'char *') [-Wwritable-strings]
    101 |         if (DebugDev_Tms34061Initted)           bprintf(PRINT_ERROR, _T("Device TMS34061 Not Exited\n"));
        |                                                                         ^
  /home/runner/work/retro-manager/retro-manager/runtime/retropack-runtime-fbneo/submodules/fbneo/src/burn/debug_track.cpp:102:56: warning: ISO C++11 does not allow conversion from string literal to 'TCHAR *' (aka 'char *') [-Wwritable-strings]
    102 |         if (DebugDev_V3021Initted)                      bprintf(PRINT_ERROR, _T("Device V3021 Not Exited\n"));
        |                                                                                 ^
  /home/runner/work/retro-manager/retro-manager/runtime/retropack-runtime-fbneo/submodules/fbneo/src/burn/debug_track.cpp:103:54: warning: ISO C++11 does not allow conversion from string literal to 'TCHAR *' (aka 'char *') [-Wwritable-strings]
    103 |         if (DebugDev_VDCInitted)                        bprintf(PRINT_ERROR, _T("Device VDC Not Exited\n"));
        |                                                                                 ^
  /home/runner/work/retro-manager/retro-manager/runtime/retropack-runtime-fbneo/submodules/fbneo/src/burn/debug_track.cpp:105:56: warning: ISO C++11 does not allow conversion from string literal to 'TCHAR *' (aka 'char *') [-Wwritable-strings]
    105 |         if (DebugSnd_AY8910Initted)             bprintf(PRINT_ERROR, _T("Sound Module AY8910 Not Exited\n"));
        |                                                                         ^
  /home/runner/work/retro-manager/retro-manager/runtime/retropack-runtime-fbneo/submodules/fbneo/src/burn/debug_track.cpp:106:56: warning: ISO C++11 does not allow conversion from string literal to 'TCHAR *' (aka 'char *') [-Wwritable-strings]
    106 |         if (DebugSnd_Y8950Initted)                      bprintf(PRINT_ERROR, _T("Sound Module Y8950 Not Exited\n"));
        |                                                                                 ^
  /home/runner/work/retro-manager/retro-manager/runtime/retropack-runtime-fbneo/submodules/fbneo/src/burn/debug_track.cpp:107:56: warning: ISO C++11 does not allow conversion from string literal to 'TCHAR *' (aka 'char *') [-Wwritable-strings]
    107 |         if (DebugSnd_YM2151Initted)             bprintf(PRINT_ERROR, _T("Sound Module YM2151 Not Exited\n"));
        |                                                                         ^
  /home/runner/work/retro-manager/retro-manager/runtime/retropack-runtime-fbneo/submodules/fbneo/src/burn/debug_track.cpp:108:56: warning: ISO C++11 does not allow conversion from string literal to 'TCHAR *' (aka 'char *') [-Wwritable-strings]
    108 |         if (DebugSnd_YM2203Initted)             bprintf(PRINT_ERROR, _T("Sound Module YM2203 Not Exited\n"));
        |                                                                         ^
  /home/runner/work/retro-manager/retro-manager/runtime/retropack-runtime-fbneo/submodules/fbneo/src/burn/debug_track.cpp:109:56: warning: ISO C++11 does not allow conversion from string literal to 'TCHAR *' (aka 'char *') [-Wwritable-strings]
    109 |         if (DebugSnd_YM2413Initted)             bprintf(PRINT_ERROR, _T("Sound Module YM2413 Not Exited\n"));
        |                                                                         ^
  /home/runner/work/retro-manager/retro-manager/runtime/retropack-runtime-fbneo/submodules/fbneo/src/burn/debug_track.cpp:110:56: warning: ISO C++11 does not allow conversion from string literal to 'TCHAR *' (aka 'char *') [-Wwritable-strings]
    110 |         if (DebugSnd_YM2608Initted)             bprintf(PRINT_ERROR, _T("Sound Module YM2608 Not Exited\n"));
        |                                                                         ^
  /home/runner/work/retro-manager/retro-manager/runtime/retropack-runtime-fbneo/submodules/fbneo/src/burn/debug_track.cpp:111:56: warning: ISO C++11 does not allow conversion from string literal to 'TCHAR *' (aka 'char *') [-Wwritable-strings]
    111 |         if (DebugSnd_YM2610Initted)             bprintf(PRINT_ERROR, _T("Sound Module YM2610 Not Exited\n"));
        |                                                                         ^
  /home/runner/work/retro-manager/retro-manager/runtime/retropack-runtime-fbneo/submodules/fbneo/src/burn/debug_track.cpp:112:56: warning: ISO C++11 does not allow conversion from string literal to 'TCHAR *' (aka 'char *') [-Wwritable-strings]
    112 |         if (DebugSnd_YM2612Initted)             bprintf(PRINT_ERROR, _T("Sound Module YM2612 Not Exited\n"));
        |                                                                         ^
  /home/runner/work/retro-manager/retro-manager/runtime/retropack-runtime-fbneo/submodules/fbneo/src/burn/debug_track.cpp:113:56: warning: ISO C++11 does not allow conversion from string literal to 'TCHAR *' (aka 'char *') [-Wwritable-strings]
    113 |         if (DebugSnd_YM3526Initted)             bprintf(PRINT_ERROR, _T("Sound Module YM3526 Not Exited\n"));
        |                                                                         ^
  /home/runner/work/retro-manager/retro-manager/runtime/retropack-runtime-fbneo/submodules/fbneo/src/burn/debug_track.cpp:114:56: warning: ISO C++11 does not allow conversion from string literal to 'TCHAR *' (aka 'char *') [-Wwritable-strings]
    114 |         if (DebugSnd_YM3812Initted)             bprintf(PRINT_ERROR, _T("Sound Module YM3812 Not Exited\n"));
        |                                                                         ^
  /home/runner/work/retro-manager/retro-manager/runtime/retropack-runtime-fbneo/submodules/fbneo/src/burn/debug_track.cpp:115:57: warning: ISO C++11 does not allow conversion from string literal to 'TCHAR *' (aka 'char *') [-Wwritable-strings]
    115 |         if (DebugSnd_YMF278BInitted)            bprintf(PRINT_ERROR, _T("Sound Module YMF278B Not Exited\n"));
        |                                                                         ^
  /home/runner/work/retro-manager/retro-manager/runtime/retropack-runtime-fbneo/submodules/fbneo/src/burn/debug_track.cpp:116:56: warning: ISO C++11 does not allow conversion from string literal to 'TCHAR *' (aka 'char *') [-Wwritable-strings]
    116 |         if (DebugSnd_YMF262Initted)             bprintf(PRINT_ERROR, _T("Sound Module YMF262 Not Exited\n"));
        |                                                                         ^
  /home/runner/work/retro-manager/retro-manager/runtime/retropack-runtime-fbneo/submodules/fbneo/src/burn/debug_track.cpp:117:56: warning: ISO C++11 does not allow conversion from string literal to 'TCHAR *' (aka 'char *') [-Wwritable-strings]
    117 |         if (DebugSnd_YMF271Initted)             bprintf(PRINT_ERROR, _T("Sound Module YMF271 Not Exited\n"));
        |                                                                         ^
  /home/runner/work/retro-manager/retro-manager/runtime/retropack-runtime-fbneo/submodules/fbneo/src/burn/debug_track.cpp:118:56: warning: ISO C++11 does not allow conversion from string literal to 'TCHAR *' (aka 'char *') [-Wwritable-strings]
    118 |         if (DebugSnd_C6280Initted)                      bprintf(PRINT_ERROR, _T("Sound Module C6280 Not Exited\n"));
        |                                                                                 ^
  /home/runner/work/retro-manager/retro-manager/runtime/retropack-runtime-fbneo/submodules/fbneo/src/burn/debug_track.cpp:119:54: warning: ISO C++11 does not allow conversion from string literal to 'TCHAR *' (aka 'char *') [-Wwritable-strings]
    119 |         if (DebugSnd_DACInitted)                        bprintf(PRINT_ERROR, _T("Sound Module DAC Not Exited\n"));
        |                                                                                 ^
  /home/runner/work/retro-manager/retro-manager/runtime/retropack-runtime-fbneo/submodules/fbneo/src/burn/debug_track.cpp:120:56: warning: ISO C++11 does not allow conversion from string literal to 'TCHAR *' (aka 'char *') [-Wwritable-strings]
    120 |         if (DebugSnd_ES5506Initted)             bprintf(PRINT_ERROR, _T("Sound Module ES5506 Not Exited\n"));
        |                                                                         ^
  /home/runner/work/retro-manager/retro-manager/runtime/retropack-runtime-fbneo/submodules/fbneo/src/burn/debug_track.cpp:121:56: warning: ISO C++11 does not allow conversion from string literal to 'TCHAR *' (aka 'char *') [-Wwritable-strings]
    121 |         if (DebugSnd_ES8712Initted)             bprintf(PRINT_ERROR, _T("Sound Module ES8712 Not Exited\n"));
        |                                                                         ^
  /home/runner/work/retro-manager/retro-manager/runtime/retropack-runtime-fbneo/submodules/fbneo/src/burn/debug_track.cpp:122:57: warning: ISO C++11 does not allow conversion from string literal to 'TCHAR *' (aka 'char *') [-Wwritable-strings]
    122 |         if (DebugSnd_FilterRCInitted)           bprintf(PRINT_ERROR, _T("Sound Module Filter RC Not Exited\n"));
        |                                                                         ^
  /home/runner/work/retro-manager/retro-manager/runtime/retropack-runtime-fbneo/submodules/fbneo/src/burn/debug_track.cpp:123:57: warning: ISO C++11 does not allow conversion from string literal to 'TCHAR *' (aka 'char *') [-Wwritable-strings]
    123 |         if (DebugSnd_ICS2115Initted)            bprintf(PRINT_ERROR, _T("Sound Module ICS2115 Not Exited\n"));
        |                                                                         ^
  /home/runner/work/retro-manager/retro-manager/runtime/retropack-runtime-fbneo/submodules/fbneo/src/burn/debug_track.cpp:124:58: warning: ISO C++11 does not allow conversion from string literal to 'TCHAR *' (aka 'char *') [-Wwritable-strings]
    124 |         if (DebugSnd_IremGA20Initted)           bprintf(PRINT_ERROR, _T("Sound Module IremGA20 Not Exited\n"));
        |                                                                         ^
  /home/runner/work/retro-manager/retro-manager/runtime/retropack-runtime-fbneo/submodules/fbneo/src/burn/debug_track.cpp:125:57: warning: ISO C++11 does not allow conversion from string literal to 'TCHAR *' (aka 'char *') [-Wwritable-strings]
    125 |         if (DebugSnd_K005289Initted)            bprintf(PRINT_ERROR, _T("Sound Module K005289 Not Exited\n"));
        |                                                                         ^
  /home/runner/work/retro-manager/retro-manager/runtime/retropack-runtime-fbneo/submodules/fbneo/src/burn/debug_track.cpp:126:57: warning: ISO C++11 does not allow conversion from string literal to 'TCHAR *' (aka 'char *') [-Wwritable-strings]
    126 |         if (DebugSnd_K007232Initted)            bprintf(PRINT_ERROR, _T("Sound Module K007232 Not Exited\n"));
        |                                                                         ^
  /home/runner/work/retro-manager/retro-manager/runtime/retropack-runtime-fbneo/submodules/fbneo/src/burn/debug_track.cpp:127:57: warning: ISO C++11 does not allow conversion from string literal to 'TCHAR *' (aka 'char *') [-Wwritable-strings]
    127 |         if (DebugSnd_K051649Initted)            bprintf(PRINT_ERROR, _T("Sound Module K051649 Not Exited\n"));
        |                                                                         ^
  /home/runner/work/retro-manager/retro-manager/runtime/retropack-runtime-fbneo/submodules/fbneo/src/burn/debug_track.cpp:128:57: warning: ISO C++11 does not allow conversion from string literal to 'TCHAR *' (aka 'char *') [-Wwritable-strings]
    128 |         if (DebugSnd_K053260Initted)            bprintf(PRINT_ERROR, _T("Sound Module K053260 Not Exited\n"));
        |                                                                         ^
  /home/runner/work/retro-manager/retro-manager/runtime/retropack-runtime-fbneo/submodules/fbneo/src/burn/debug_track.cpp:129:57: warning: ISO C++11 does not allow conversion from string literal to 'TCHAR *' (aka 'char *') [-Wwritable-strings]
    129 |         if (DebugSnd_K054539Initted)            bprintf(PRINT_ERROR, _T("Sound Module K054539 Not Exited\n"));
        |                                                                         ^
  /home/runner/work/retro-manager/retro-manager/runtime/retropack-runtime-fbneo/submodules/fbneo/src/burn/debug_track.cpp:130:57: warning: ISO C++11 does not allow conversion from string literal to 'TCHAR *' (aka 'char *') [-Wwritable-strings]
    130 |         if (DebugSnd_MSM5205Initted)            bprintf(PRINT_ERROR, _T("Sound Module MSM5205 Not Exited\n"));
        |                                                                         ^
  /home/runner/work/retro-manager/retro-manager/runtime/retropack-runtime-fbneo/submodules/fbneo/src/burn/debug_track.cpp:131:57: warning: ISO C++11 does not allow conversion from string literal to 'TCHAR *' (aka 'char *') [-Wwritable-strings]
    131 |         if (DebugSnd_MSM5232Initted)            bprintf(PRINT_ERROR, _T("Sound Module MSM5232 Not Exited\n"));
        |                                                                         ^
  /home/runner/work/retro-manager/retro-manager/runtime/retropack-runtime-fbneo/submodules/fbneo/src/burn/debug_track.cpp:132:57: warning: ISO C++11 does not allow conversion from string literal to 'TCHAR *' (aka 'char *') [-Wwritable-strings]
    132 |         if (DebugSnd_MSM6295Initted)            bprintf(PRINT_ERROR, _T("Sound Module MSM6295 Not Exited\n"));
        |                                                                         ^
  /home/runner/work/retro-manager/retro-manager/runtime/retropack-runtime-fbneo/submodules/fbneo/src/burn/debug_track.cpp:133:58: warning: ISO C++11 does not allow conversion from string literal to 'TCHAR *' (aka 'char *') [-Wwritable-strings]
    133 |         if (DebugSnd_NamcoSndInitted)           bprintf(PRINT_ERROR, _T("Sound Module NamcoSnd Not Exited\n"));
        |                                                                         ^
  /home/runner/work/retro-manager/retro-manager/runtime/retropack-runtime-fbneo/submodules/fbneo/src/burn/debug_track.cpp:134:59: warning: ISO C++11 does not allow conversion from string literal to 'TCHAR *' (aka 'char *') [-Wwritable-strings]
    134 |         if (DebugSnd_NESAPUSndInitted)          bprintf(PRINT_ERROR, _T("Sound Module NESAPUSnd Not Exited\n"));
        |                                                                         ^
  /home/runner/work/retro-manager/retro-manager/runtime/retropack-runtime-fbneo/submodules/fbneo/src/burn/debug_track.cpp:135:57: warning: ISO C++11 does not allow conversion from string literal to 'TCHAR *' (aka 'char *') [-Wwritable-strings]
    135 |         if (DebugSnd_SAA1099Initted)            bprintf(PRINT_ERROR, _T("Sound Module SAA1099 Not Exited\n"));
        |                                                                         ^
  /home/runner/work/retro-manager/retro-manager/runtime/retropack-runtime-fbneo/submodules/fbneo/src/burn/debug_track.cpp:136:57: warning: ISO C++11 does not allow conversion from string literal to 'TCHAR *' (aka 'char *') [-Wwritable-strings]
    136 |         if (DebugSnd_SamplesInitted)            bprintf(PRINT_ERROR, _T("Sound Module Samples Not Exited\n"));
        |                                                                         ^
  /home/runner/work/retro-manager/retro-manager/runtime/retropack-runtime-fbneo/submodules/fbneo/src/burn/debug_track.cpp:137:57: warning: ISO C++11 does not allow conversion from string literal to 'TCHAR *' (aka 'char *') [-Wwritable-strings]
    137 |         if (DebugSnd_SegaPCMInitted)            bprintf(PRINT_ERROR, _T("Sound Module SegaPCM Not Exited\n"));
        |                                                                         ^
  /home/runner/work/retro-manager/retro-manager/runtime/retropack-runtime-fbneo/submodules/fbneo/src/burn/debug_track.cpp:138:57: warning: ISO C++11 does not allow conversion from string literal to 'TCHAR *' (aka 'char *') [-Wwritable-strings]
    138 |         if (DebugSnd_SN76496Initted)            bprintf(PRINT_ERROR, _T("Sound Module SN76496 Not Exited\n"));
        |                                                                         ^
  /home/runner/work/retro-manager/retro-manager/runtime/retropack-runtime-fbneo/submodules/fbneo/src/burn/debug_track.cpp:139:57: warning: ISO C++11 does not allow conversion from string literal to 'TCHAR *' (aka 'char *') [-Wwritable-strings]
    139 |         if (DebugSnd_UPD7759Initted)            bprintf(PRINT_ERROR, _T("Sound Module UPD7759 Not Exited\n"));
        |                                                                         ^
  /home/runner/work/retro-manager/retro-manager/runtime/retropack-runtime-fbneo/submodules/fbneo/src/burn/debug_track.cpp:140:57: warning: ISO C++11 does not allow conversion from string literal to 'TCHAR *' (aka 'char *') [-Wwritable-strings]
    140 |         if (DebugSnd_VLM5030Initted)            bprintf(PRINT_ERROR, _T("Sound Module VLM5030 Not Exited\n"));
        |                                                                         ^
  /home/runner/work/retro-manager/retro-manager/runtime/retropack-runtime-fbneo/submodules/fbneo/src/burn/debug_track.cpp:141:56: warning: ISO C++11 does not allow conversion from string literal to 'TCHAR *' (aka 'char *') [-Wwritable-strings]
    141 |         if (DebugSnd_X1010Initted)                      bprintf(PRINT_ERROR, _T("Sound Module X1010 Not Exited\n"));
        |                                                                                 ^
  /home/runner/work/retro-manager/retro-manager/runtime/retropack-runtime-fbneo/submodules/fbneo/src/burn/debug_track.cpp:142:57: warning: ISO C++11 does not allow conversion from string literal to 'TCHAR *' (aka 'char *') [-Wwritable-strings]
    142 |         if (DebugSnd_YMZ280BInitted)            bprintf(PRINT_ERROR, _T("Sound Module YMZ280B Not Exited\n"));
        |                                                                         ^
  /home/runner/work/retro-manager/retro-manager/runtime/retropack-runtime-fbneo/submodules/fbneo/src/burn/debug_track.cpp:144:55: warning: ISO C++11 does not allow conversion from string literal to 'TCHAR *' (aka 'char *') [-Wwritable-strings]
    144 |         if (DebugCPU_ARM7Initted)                       bprintf(PRINT_ERROR, _T("CPU ARM7 Not Exited\n"));
        |                                                                                 ^
  /home/runner/work/retro-manager/retro-manager/runtime/retropack-runtime-fbneo/submodules/fbneo/src/burn/debug_track.cpp:145:55: warning: ISO C++11 does not allow conversion from string literal to 'TCHAR *' (aka 'char *') [-Wwritable-strings]
    145 |         if (DebugCPU_ARM9Initted)                       bprintf(PRINT_ERROR, _T("CPU ARM9 Not Exited\n"));
        |                                                                                 ^
  /home/runner/work/retro-manager/retro-manager/runtime/retropack-runtime-fbneo/submodules/fbneo/src/burn/debug_track.cpp:146:54: warning: ISO C++11 does not allow conversion from string literal to 'TCHAR *' (aka 'char *') [-Wwritable-strings]
    146 |         if (DebugCPU_ARMInitted)                        bprintf(PRINT_ERROR, _T("CPU ARM Not Exited\n"));
        |                                                                                 ^
  /home/runner/work/retro-manager/retro-manager/runtime/retropack-runtime-fbneo/submodules/fbneo/src/burn/debug_track.cpp:147:56: warning: ISO C++11 does not allow conversion from string literal to 'TCHAR *' (aka 'char *') [-Wwritable-strings]
    147 |         if (DebugCPU_H6280Initted)                      bprintf(PRINT_ERROR, _T("CPU H6280 Not Exited\n"));
        |                                                                                 ^
  /home/runner/work/retro-manager/retro-manager/runtime/retropack-runtime-fbneo/submodules/fbneo/src/burn/debug_track.cpp:148:56: warning: ISO C++11 does not allow conversion from string literal to 'TCHAR *' (aka 'char *') [-Wwritable-strings]
    148 |         if (DebugCPU_HD6309Initted)             bprintf(PRINT_ERROR, _T("CPU HD6309 Not Exited\n"));
        |                                                                         ^
  /home/runner/work/retro-manager/retro-manager/runtime/retropack-runtime-fbneo/submodules/fbneo/src/burn/debug_track.cpp:149:56: warning: ISO C++11 does not allow conversion from string literal to 'TCHAR *' (aka 'char *') [-Wwritable-strings]
    149 |         if (DebugCPU_KonamiInitted)             bprintf(PRINT_ERROR, _T("CPU Konami Not Exited\n"));
        |                                                                         ^
  /home/runner/work/retro-manager/retro-manager/runtime/retropack-runtime-fbneo/submodules/fbneo/src/burn/debug_track.cpp:150:56: warning: ISO C++11 does not allow conversion from string literal to 'TCHAR *' (aka 'char *') [-Wwritable-strings]
    150 |         if (DebugCPU_M6502Initted)                      bprintf(PRINT_ERROR, _T("CPU M6502 Not Exited\n"));
        |                                                                                 ^
  /home/runner/work/retro-manager/retro-manager/runtime/retropack-runtime-fbneo/submodules/fbneo/src/burn/debug_track.cpp:151:56: warning: ISO C++11 does not allow conversion from string literal to 'TCHAR *' (aka 'char *') [-Wwritable-strings]
    151 |         if (DebugCPU_M6800Initted)                      bprintf(PRINT_ERROR, _T("CPU M6800 Not Exited\n"));
        |                                                                                 ^
  /home/runner/work/retro-manager/retro-manager/runtime/retropack-runtime-fbneo/submodules/fbneo/src/burn/debug_track.cpp:152:56: warning: ISO C++11 does not allow conversion from string literal to 'TCHAR *' (aka 'char *') [-Wwritable-strings]
    152 |         if (DebugCPU_M6805Initted)                      bprintf(PRINT_ERROR, _T("CPU M6805 Not Exited\n"));
        |                                                                                 ^
  /home/runner/work/retro-manager/retro-manager/runtime/retropack-runtime-fbneo/submodules/fbneo/src/burn/debug_track.cpp:153:56: warning: ISO C++11 does not allow conversion from string literal to 'TCHAR *' (aka 'char *') [-Wwritable-strings]
    153 |         if (DebugCPU_M6809Initted)                      bprintf(PRINT_ERROR, _T("CPU M6809 Not Exited\n"));
        |                                                                                 ^
  /home/runner/work/retro-manager/retro-manager/runtime/retropack-runtime-fbneo/submodules/fbneo/src/burn/debug_track.cpp:154:56: warning: ISO C++11 does not allow conversion from string literal to 'TCHAR *' (aka 'char *') [-Wwritable-strings]
    154 |         if (DebugCPU_S2650Initted)                      bprintf(PRINT_ERROR, _T("CPU S2650 Not Exited\n"));
        |                                                                                 ^
  /home/runner/work/retro-manager/retro-manager/runtime/retropack-runtime-fbneo/submodules/fbneo/src/burn/debug_track.cpp:155:54: warning: ISO C++11 does not allow conversion from string literal to 'TCHAR *' (aka 'char *') [-Wwritable-strings]
    155 |         if (DebugCPU_SekInitted)                        bprintf(PRINT_ERROR, _T("CPU Sek Not Exited\n"));
        |                                                                                 ^
  /home/runner/work/retro-manager/retro-manager/runtime/retropack-runtime-fbneo/submodules/fbneo/src/burn/debug_track.cpp:156:54: warning: ISO C++11 does not allow conversion from string literal to 'TCHAR *' (aka 'char *') [-Wwritable-strings]
    156 |         if (DebugCPU_VezInitted)                        bprintf(PRINT_ERROR, _T("CPU Vez Not Exited\n"));
        |                                                                                 ^
  /home/runner/work/retro-manager/retro-manager/runtime/retropack-runtime-fbneo/submodules/fbneo/src/burn/debug_track.cpp:157:54: warning: ISO C++11 does not allow conversion from string literal to 'TCHAR *' (aka 'char *') [-Wwritable-strings]
    157 |         if (DebugCPU_ZetInitted)                        bprintf(PRINT_ERROR, _T("CPU Zet Not Exited\n"));
        |                                                                                 ^
  /home/runner/work/retro-manager/retro-manager/runtime/retropack-runtime-fbneo/submodules/fbneo/src/burn/debug_track.cpp:158:57: warning: ISO C++11 does not allow conversion from string literal to 'TCHAR *' (aka 'char *') [-Wwritable-strings]
    158 |         if (DebugCPU_PIC16C5XInitted)           bprintf(PRINT_ERROR, _T("CPU PIC16C5X Not Exited\n"));
        |                                                                         ^
  /home/runner/work/retro-manager/retro-manager/runtime/retropack-runtime-fbneo/submodules/fbneo/src/burn/debug_track.cpp:159:56: warning: ISO C++11 does not allow conversion from string literal to 'TCHAR *' (aka 'char *') [-Wwritable-strings]
    159 |         if (DebugCPU_I8039Initted)                      bprintf(PRINT_ERROR, _T("CPU I8039 Not Exited\n"));
        |                                                                                 ^
  /home/runner/work/retro-manager/retro-manager/runtime/retropack-runtime-fbneo/submodules/fbneo/src/burn/debug_track.cpp:160:54: warning: ISO C++11 does not allow conversion from string literal to 'TCHAR *' (aka 'char *') [-Wwritable-strings]
    160 |         if (DebugCPU_SH2Initted)                        bprintf(PRINT_ERROR, _T("CPU SH2 Not Exited\n"));
        |                                                                                 ^
  75 warnings generated.
  [7/46] Building CXX object CMakeFiles/retropack-runtime-fbneo.dir/submodules/fbneo/src/burn/cheat.cpp.o
  In file included from /home/runner/work/retro-manager/retro-manager/runtime/retropack-runtime-fbneo/submodules/fbneo/src/burn/cheat.cpp:4:
  In file included from /home/runner/work/retro-manager/retro-manager/runtime/retropack-runtime-fbneo/submodules/fbneo/src/burn/burnint.h:17:
  /home/runner/work/retro-manager/retro-manager/runtime/retropack-runtime-fbneo/submodules/fbneo/src/burn/devices/joyprocess.h:70:3: warning: ISO C++11 does not allow conversion from string literal to 'char *' [-Wwritable-strings]
     70 |                 SCAN_VAR(state);
        |                 ^
  /home/runner/work/retro-manager/retro-manager/runtime/retropack-runtime-fbneo/submodules/fbneo/src/burn/state.h:72:44: note: expanded from macro 'SCAN_VAR'
     72 | #define SCAN_VAR(x) ScanVar(&x, sizeof(x), #x)
        |                                            ^
  <scratch space>:117:1: note: expanded from here
    117 | "state"
        | ^
  In file included from /home/runner/work/retro-manager/retro-manager/runtime/retropack-runtime-fbneo/submodules/fbneo/src/burn/cheat.cpp:4:
  In file included from /home/runner/work/retro-manager/retro-manager/runtime/retropack-runtime-fbneo/submodules/fbneo/src/burn/burnint.h:17:
  /home/runner/work/retro-manager/retro-manager/runtime/retropack-runtime-fbneo/submodules/fbneo/src/burn/devices/joyprocess.h:71:3: warning: ISO C++11 does not allow conversion from string literal to 'char *' [-Wwritable-strings]
     71 |                 SCAN_VAR(last_state);
        |                 ^
  /home/runner/work/retro-manager/retro-manager/runtime/retropack-runtime-fbneo/submodules/fbneo/src/burn/state.h:72:44: note: expanded from macro 'SCAN_VAR'
     72 | #define SCAN_VAR(x) ScanVar(&x, sizeof(x), #x)
        |                                            ^
  <scratch space>:118:1: note: expanded from here
    118 | "last_state"
        | ^
  /home/runner/work/retro-manager/retro-manager/runtime/retropack-runtime-fbneo/submodules/fbneo/src/burn/cheat.cpp:86:16: warning: ISO C++11 does not allow conversion from string literal to 'TCHAR *' (aka 'char *') [-Wwritable-strings]
     86 |         bprintf(0, _T("CPU-registry: %s cpu #%d ...\n"), s_ptr->cpuconfig->cpu_name, nCPU);
        |                       ^
  /home/runner/work/retro-manager/retro-manager/runtime/retropack-runtime-fbneo/submodules/fbneo/src/burn/cheat.cpp:132:18: warning: ISO C++11 does not allow conversion from string literal to 'TCHAR *' (aka 'char *') [-Wwritable-strings]
    132 |                         bprintf(0, _T("NES-Cheat #%d, option #%d: "), nCheat, pCurrentCheat->nCurrent);
        |                                       ^
  /home/runner/work/retro-manager/retro-manager/runtime/retropack-runtime-fbneo/submodules/fbneo/src/burn/cheat.cpp:199:22: warning: ISO C++11 does not allow conversion from string literal to 'TCHAR *' (aka 'char *') [-Wwritable-strings]
    199 |                                                         bprintf(0, _T("Cheat #%d, option #%d. action: "), nCheat, nOption);
        |                                                                       ^
  /home/runner/work/retro-manager/retro-manager/runtime/retropack-runtime-fbneo/submodules/fbneo/src/burn/cheat.cpp:200:22: warning: ISO C++11 does not allow conversion from string literal to 'TCHAR *' (aka 'char *') [-Wwritable-strings]
    200 |                                                         bprintf(0, _T("Undo cheat @ 0x%X -> 0x%X.\n"), pAddressInfo->nAddress, pAddressInfo->nOriginalValue);
        |                                                                       ^
  /home/runner/work/retro-manager/retro-manager/runtime/retropack-runtime-fbneo/submodules/fbneo/src/burn/cheat.cpp:225:21: warning: ISO C++11 does not allow conversion from string literal to 'TCHAR *' (aka 'char *') [-Wwritable-strings]
    225 |                                                 bprintf(0, _T("NES-Cheat #%d, option #%d: "), nCheat, nOption);
        |                                                               ^
  /home/runner/work/retro-manager/retro-manager/runtime/retropack-runtime-fbneo/submodules/fbneo/src/burn/cheat.cpp:242:21: warning: ISO C++11 does not allow conversion from string literal to 'TCHAR *' (aka 'char *') [-Wwritable-strings]
    242 |                                                 bprintf(0, _T("Cheat #%d, option #%d. action: "), nCheat, nOption);
        |                                                               ^
  /home/runner/work/retro-manager/retro-manager/runtime/retropack-runtime-fbneo/submodules/fbneo/src/burn/cheat.cpp:245:22: warning: ISO C++11 does not allow conversion from string literal to 'TCHAR *' (aka 'char *') [-Wwritable-strings]
    245 |                                                         bprintf(0, _T("Watch memory @ 0x%X (0x%X)\n"), pAddressInfo->nAddress, pAddressInfo->nOriginalValue);
        |                                                                       ^
  /home/runner/work/retro-manager/retro-manager/runtime/retropack-runtime-fbneo/submodules/fbneo/src/burn/cheat.cpp:248:23: warning: ISO C++11 does not allow conversion from string literal to 'TCHAR *' (aka 'char *') [-Wwritable-strings]
    248 |                                                                 bprintf(0, _T("Apply cheat @ 0x%X -> 0x%X. (Before 0x%X - One-Shot mode)\n"), pAddressInfo->nAddress, pAddressInfo->nValue, pAddressInfo->nOriginalValue);
        |                                                                               ^
  /home/runner/work/retro-manager/retro-manager/runtime/retropack-runtime-fbneo/submodules/fbneo/src/burn/cheat.cpp:254:25: warning: ISO C++11 does not allow conversion from string literal to 'TCHAR *' (aka 'char *') [-Wwritable-strings]
    254 |                                                                                 bprintf(0, _T("Apply cheat @ %s pointer ([0x%X] + 0x%x + %x) -> 0x%X.\n"), nBits[pAddressInfo->nRelAddressBits & 3], pAddressInfo->nAddress, pAddressInfo->nRelAddressOffset, pAddressInfo->nMultiByte, pAddressInfo->nValue);
        |                                                                                               ^
  /home/runner/work/retro-manager/retro-manager/runtime/retropack-runtime-fbneo/submodules/fbneo/src/burn/cheat.cpp:256:25: warning: ISO C++11 does not allow conversion from string literal to 'TCHAR *' (aka 'char *') [-Wwritable-strings]
    256 |                                                                                 bprintf(0, _T("Apply cheat @ %s pointer ([0x%X] + 0x%x) -> 0x%X.\n"), nBits[pAddressInfo->nRelAddressBits & 3], pAddressInfo->nAddress, pAddressInfo->nRelAddressOffset, pAddressInfo->nValue);
        |                                                                                               ^
  /home/runner/work/retro-manager/retro-manager/runtime/retropack-runtime-fbneo/submodules/fbneo/src/burn/cheat.cpp:260:24: warning: ISO C++11 does not allow conversion from string literal to 'TCHAR *' (aka 'char *') [-Wwritable-strings]
    260 |                                                                         bprintf(0, _T("Apply cheat @ 0x%X -> 0x%X. (Undo 0x%X)\n"), pAddressInfo->nAddress, pAddressInfo->nValue, pAddressInfo->nOriginalValue);
        |                                                                                       ^
  /home/runner/work/retro-manager/retro-manager/runtime/retropack-runtime-fbneo/submodules/fbneo/src/burn/cheat.cpp:264:22: warning: ISO C++11 does not allow conversion from string literal to 'TCHAR *' (aka 'char *') [-Wwritable-strings]
    264 |                                                         bprintf(0, _T(" - Triggered by: Waiting for modification!\n"));
        |                                                                       ^
  /home/runner/work/retro-manager/retro-manager/runtime/retropack-runtime-fbneo/submodules/fbneo/src/burn/cheat.cpp:266:22: warning: ISO C++11 does not allow conversion from string literal to 'TCHAR *' (aka 'char *') [-Wwritable-strings]
    266 |                                                         bprintf(0, _T(" - Triggered by: Waiting for Match memory with extended!\n"));
        |                                                                       ^
  /home/runner/work/retro-manager/retro-manager/runtime/retropack-runtime-fbneo/submodules/fbneo/src/burn/cheat.cpp:366:22: warning: ISO C++11 does not allow conversion from string literal to 'TCHAR *' (aka 'char *') [-Wwritable-strings]
    366 |                                                         bprintf(0, _T(" - Address modified! previous = %X now = %X\n"),pAddressInfo->nOriginalValue, nValNow);
        |                                                                       ^
  /home/runner/work/retro-manager/retro-manager/runtime/retropack-runtime-fbneo/submodules/fbneo/src/burn/cheat.cpp:375:22: warning: ISO C++11 does not allow conversion from string literal to 'TCHAR *' (aka 'char *') [-Wwritable-strings]
    375 |                                                         bprintf(0, _T(" - Address Matched! previous = %X now = %X\n"),pAddressInfo->nOriginalValue, nValNow);
        |                                                                       ^
  /home/runner/work/retro-manager/retro-manager/runtime/retropack-runtime-fbneo/submodules/fbneo/src/burn/cheat.cpp:431:20: warning: ISO C++11 does not allow conversion from string literal to 'TCHAR *' (aka 'char *') [-Wwritable-strings]
    431 |                                         bprintf(0, _T("One-Shot cheat #%d ends.\n"), nCurrentCheat);
        |                                                       ^
  /home/runner/work/retro-manager/retro-manager/runtime/retropack-runtime-fbneo/submodules/fbneo/src/burn/cheat.cpp:454:16: warning: ISO C++11 does not allow conversion from string literal to 'TCHAR *' (aka 'char *') [-Wwritable-strings]
    454 |         bprintf(0, _T("Cheat cpu-register INIT.\n"));
        |                       ^
  /home/runner/work/retro-manager/retro-manager/runtime/retropack-runtime-fbneo/submodules/fbneo/src/burn/cheat.cpp:523:17: warning: ISO C++11 does not allow conversion from string literal to 'TCHAR *' (aka 'char *') [-Wwritable-strings]
    523 |                 bprintf(0, _T("*  CPU memory range too huge, can't cheat search.\n"));
        |                               ^
  /home/runner/work/retro-manager/retro-manager/runtime/retropack-runtime-fbneo/submodules/fbneo/src/burn/cheat.cpp:536:25: warning: ISO C++11 does not allow conversion from string literal to 'char *' [-Wwritable-strings]
    536 |         MemoryValues = (UINT8*)BurnMalloc(nMemorySize);
        |                                ^
  /home/runner/work/retro-manager/retro-manager/runtime/retropack-runtime-fbneo/submodules/fbneo/src/burn/burnint.h:199:38: note: expanded from macro 'BurnMalloc'
    199 | #define BurnMalloc(x) _BurnMalloc(x, __FILE__, __LINE__)
        |                                      ^
  <scratch space>:124:1: note: expanded from here
    124 | "/home/runner/work/retro-manager/retro-manager/runtime/retropack-runtime-fbneo/submodules/fbneo/src/burn/cheat.cpp"
        | ^
  /home/runner/work/retro-manager/retro-manager/runtime/retropack-runtime-fbneo/submodules/fbneo/src/burn/cheat.cpp:537:25: warning: ISO C++11 does not allow conversion from string literal to 'char *' [-Wwritable-strings]
    537 |         MemoryStatus = (UINT8*)BurnMalloc(nMemorySize);
        |                                ^
  /home/runner/work/retro-manager/retro-manager/runtime/retropack-runtime-fbneo/submodules/fbneo/src/burn/burnint.h:199:38: note: expanded from macro 'BurnMalloc'
    199 | #define BurnMalloc(x) _BurnMalloc(x, __FILE__, __LINE__)
        |                                      ^
  <scratch space>:126:1: note: expanded from here
    126 | "/home/runner/work/retro-manager/retro-manager/runtime/retropack-runtime-fbneo/submodules/fbneo/src/burn/cheat.cpp"
        | ^
  22 warnings generated.
  [8/46] Building CXX object CMakeFiles/retropack-runtime-fbneo.dir/submodules/fbneo/src/burn/burn_gun.cpp.o
  In file included from /home/runner/work/retro-manager/retro-manager/runtime/retropack-runtime-fbneo/submodules/fbneo/src/burn/burn_gun.cpp:1:
  In file included from /home/runner/work/retro-manager/retro-manager/runtime/retropack-runtime-fbneo/submodules/fbneo/src/burn/burnint.h:17:
  /home/runner/work/retro-manager/retro-manager/runtime/retropack-runtime-fbneo/submodules/fbneo/src/burn/devices/joyprocess.h:70:3: warning: ISO C++11 does not allow conversion from string literal to 'char *' [-Wwritable-strings]
     70 |                 SCAN_VAR(state);
        |                 ^
  /home/runner/work/retro-manager/retro-manager/runtime/retropack-runtime-fbneo/submodules/fbneo/src/burn/state.h:72:44: note: expanded from macro 'SCAN_VAR'
     72 | #define SCAN_VAR(x) ScanVar(&x, sizeof(x), #x)
        |                                            ^
  <scratch space>:117:1: note: expanded from here
    117 | "state"
        | ^
  In file included from /home/runner/work/retro-manager/retro-manager/runtime/retropack-runtime-fbneo/submodules/fbneo/src/burn/burn_gun.cpp:1:
  In file included from /home/runner/work/retro-manager/retro-manager/runtime/retropack-runtime-fbneo/submodules/fbneo/src/burn/burnint.h:17:
  /home/runner/work/retro-manager/retro-manager/runtime/retropack-runtime-fbneo/submodules/fbneo/src/burn/devices/joyprocess.h:71:3: warning: ISO C++11 does not allow conversion from string literal to 'char *' [-Wwritable-strings]
     71 |                 SCAN_VAR(last_state);
        |                 ^
  /home/runner/work/retro-manager/retro-manager/runtime/retropack-runtime-fbneo/submodules/fbneo/src/burn/state.h:72:44: note: expanded from macro 'SCAN_VAR'
     72 | #define SCAN_VAR(x) ScanVar(&x, sizeof(x), #x)
        |                                            ^
  <scratch space>:118:1: note: expanded from here
    118 | "last_state"
        | ^
  /home/runner/work/retro-manager/retro-manager/runtime/retropack-runtime-fbneo/submodules/fbneo/src/burn/burn_gun.cpp:450:17: warning: ISO C++11 does not allow conversion from string literal to 'TCHAR *' (aka 'char *') [-Wwritable-strings]
    450 |                 bprintf(0, _T("BurnTrackballReadInterpolated(): Max_Scanlines not set!\n"));
        |                               ^
  /home/runner/work/retro-manager/retro-manager/runtime/retropack-runtime-fbneo/submodules/fbneo/src/burn/burn_gun.cpp:695:3: warning: ISO C++11 does not allow conversion from string literal to 'char *' [-Wwritable-strings]
    695 |                 SCAN_VAR(BurnPaddleX);
        |                 ^
  /home/runner/work/retro-manager/retro-manager/runtime/retropack-runtime-fbneo/submodules/fbneo/src/burn/state.h:72:44: note: expanded from macro 'SCAN_VAR'
     72 | #define SCAN_VAR(x) ScanVar(&x, sizeof(x), #x)
        |                                            ^
  <scratch space>:423:1: note: expanded from here
    423 | "BurnPaddleX"
        | ^
  /home/runner/work/retro-manager/retro-manager/runtime/retropack-runtime-fbneo/submodules/fbneo/src/burn/burn_gun.cpp:696:3: warning: ISO C++11 does not allow conversion from string literal to 'char *' [-Wwritable-strings]
    696 |                 SCAN_VAR(BurnPaddleY);
        |                 ^
  /home/runner/work/retro-manager/retro-manager/runtime/retropack-runtime-fbneo/submodules/fbneo/src/burn/state.h:72:44: note: expanded from macro 'SCAN_VAR'
     72 | #define SCAN_VAR(x) ScanVar(&x, sizeof(x), #x)
        |                                            ^
  <scratch space>:424:1: note: expanded from here
    424 | "BurnPaddleY"
        | ^
  /home/runner/work/retro-manager/retro-manager/runtime/retropack-runtime-fbneo/submodules/fbneo/src/burn/burn_gun.cpp:697:3: warning: ISO C++11 does not allow conversion from string literal to 'char *' [-Wwritable-strings]
    697 |                 SCAN_VAR(TrackA);
        |                 ^
  /home/runner/work/retro-manager/retro-manager/runtime/retropack-runtime-fbneo/submodules/fbneo/src/burn/state.h:72:44: note: expanded from macro 'SCAN_VAR'
     72 | #define SCAN_VAR(x) ScanVar(&x, sizeof(x), #x)
        |                                            ^
  <scratch space>:425:1: note: expanded from here
    425 | "TrackA"
        | ^
  /home/runner/work/retro-manager/retro-manager/runtime/retropack-runtime-fbneo/submodules/fbneo/src/burn/burn_gun.cpp:698:3: warning: ISO C++11 does not allow conversion from string literal to 'char *' [-Wwritable-strings]
    698 |                 SCAN_VAR(TrackB);
        |                 ^
  /home/runner/work/retro-manager/retro-manager/runtime/retropack-runtime-fbneo/submodules/fbneo/src/burn/state.h:72:44: note: expanded from macro 'SCAN_VAR'
     72 | #define SCAN_VAR(x) ScanVar(&x, sizeof(x), #x)
        |                                            ^
  <scratch space>:426:1: note: expanded from here
    426 | "TrackB"
        | ^
  /home/runner/work/retro-manager/retro-manager/runtime/retropack-runtime-fbneo/submodules/fbneo/src/burn/burn_gun.cpp:699:3: warning: ISO C++11 does not allow conversion from string literal to 'char *' [-Wwritable-strings]
    699 |                 SCAN_VAR(TrackA_Prev);
        |                 ^
  /home/runner/work/retro-manager/retro-manager/runtime/retropack-runtime-fbneo/submodules/fbneo/src/burn/state.h:72:44: note: expanded from macro 'SCAN_VAR'
     72 | #define SCAN_VAR(x) ScanVar(&x, sizeof(x), #x)
        |                                            ^
  <scratch space>:427:1: note: expanded from here
    427 | "TrackA_Prev"
        | ^
  /home/runner/work/retro-manager/retro-manager/runtime/retropack-runtime-fbneo/submodules/fbneo/src/burn/burn_gun.cpp:700:3: warning: ISO C++11 does not allow conversion from string literal to 'char *' [-Wwritable-strings]
    700 |                 SCAN_VAR(TrackB_Prev);
        |                 ^
  /home/runner/work/retro-manager/retro-manager/runtime/retropack-runtime-fbneo/submodules/fbneo/src/burn/state.h:72:44: note: expanded from macro 'SCAN_VAR'
     72 | #define SCAN_VAR(x) ScanVar(&x, sizeof(x), #x)
        |                                            ^
  <scratch space>:428:1: note: expanded from here
    428 | "TrackB_Prev"
        | ^
  /home/runner/work/retro-manager/retro-manager/runtime/retropack-runtime-fbneo/submodules/fbneo/src/burn/burn_gun.cpp:702:3: warning: ISO C++11 does not allow conversion from string literal to 'char *' [-Wwritable-strings]
    702 |                 SCAN_VAR(PaddleLast);
        |                 ^
  /home/runner/work/retro-manager/retro-manager/runtime/retropack-runtime-fbneo/submodules/fbneo/src/burn/state.h:72:44: note: expanded from macro 'SCAN_VAR'
     72 | #define SCAN_VAR(x) ScanVar(&x, sizeof(x), #x)
        |                                            ^
  <scratch space>:429:1: note: expanded from here
    429 | "PaddleLast"
        | ^
  /home/runner/work/retro-manager/retro-manager/runtime/retropack-runtime-fbneo/submodules/fbneo/src/burn/burn_gun.cpp:704:3: warning: ISO C++11 does not allow conversion from string literal to 'char *' [-Wwritable-strings]
    704 |                 SCAN_VAR(DIAL_INC);
        |                 ^
  /home/runner/work/retro-manager/retro-manager/runtime/retropack-runtime-fbneo/submodules/fbneo/src/burn/state.h:72:44: note: expanded from macro 'SCAN_VAR'
     72 | #define SCAN_VAR(x) ScanVar(&x, sizeof(x), #x)
        |                                            ^
  <scratch space>:430:1: note: expanded from here
    430 | "DIAL_INC"
        | ^
  /home/runner/work/retro-manager/retro-manager/runtime/retropack-runtime-fbneo/submodules/fbneo/src/burn/burn_gun.cpp:705:3: warning: ISO C++11 does not allow conversion from string literal to 'char *' [-Wwritable-strings]
    705 |                 SCAN_VAR(DIAL_VEL);
        |                 ^
  /home/runner/work/retro-manager/retro-manager/runtime/retropack-runtime-fbneo/submodules/fbneo/src/burn/state.h:72:44: note: expanded from macro 'SCAN_VAR'
     72 | #define SCAN_VAR(x) ScanVar(&x, sizeof(x), #x)
        |                                            ^
  <scratch space>:431:1: note: expanded from here
    431 | "DIAL_VEL"
        | ^
  /home/runner/work/retro-manager/retro-manager/runtime/retropack-runtime-fbneo/submodules/fbneo/src/burn/burn_gun.cpp:706:3: warning: ISO C++11 does not allow conversion from string literal to 'char *' [-Wwritable-strings]
    706 |                 SCAN_VAR(DIAL_VELx);
        |                 ^
  /home/runner/work/retro-manager/retro-manager/runtime/retropack-runtime-fbneo/submodules/fbneo/src/burn/state.h:72:44: note: expanded from macro 'SCAN_VAR'
     72 | #define SCAN_VAR(x) ScanVar(&x, sizeof(x), #x)
        |                                            ^
  <scratch space>:432:1: note: expanded from here
    432 | "DIAL_VELx"
        | ^
  /home/runner/work/retro-manager/retro-manager/runtime/retropack-runtime-fbneo/submodules/fbneo/src/burn/burn_gun.cpp:707:3: warning: ISO C++11 does not allow conversion from string literal to 'char *' [-Wwritable-strings]
    707 |                 SCAN_VAR(DrvJoyT);
        |                 ^
  /home/runner/work/retro-manager/retro-manager/runtime/retropack-runtime-fbneo/submodules/fbneo/src/burn/state.h:72:44: note: expanded from macro 'SCAN_VAR'
     72 | #define SCAN_VAR(x) ScanVar(&x, sizeof(x), #x)
        |                                            ^
  <scratch space>:433:1: note: expanded from here
    433 | "DrvJoyT"
        | ^
  /home/runner/work/retro-manager/retro-manager/runtime/retropack-runtime-fbneo/submodules/fbneo/src/burn/burn_gun.cpp:710:3: warning: ISO C++11 does not allow conversion from string literal to 'char *' [-Wwritable-strings]
    710 |                 SCAN_VAR(BurnGunX);
        |                 ^
  /home/runner/work/retro-manager/retro-manager/runtime/retropack-runtime-fbneo/submodules/fbneo/src/burn/state.h:72:44: note: expanded from macro 'SCAN_VAR'
     72 | #define SCAN_VAR(x) ScanVar(&x, sizeof(x), #x)
        |                                            ^
  <scratch space>:434:1: note: expanded from here
    434 | "BurnGunX"
        | ^
  /home/runner/work/retro-manager/retro-manager/runtime/retropack-runtime-fbneo/submodules/fbneo/src/burn/burn_gun.cpp:711:3: warning: ISO C++11 does not allow conversion from string literal to 'char *' [-Wwritable-strings]
    711 |                 SCAN_VAR(BurnGunY);
        |                 ^
  /home/runner/work/retro-manager/retro-manager/runtime/retropack-runtime-fbneo/submodules/fbneo/src/burn/state.h:72:44: note: expanded from macro 'SCAN_VAR'
     72 | #define SCAN_VAR(x) ScanVar(&x, sizeof(x), #x)
        |                                            ^
  <scratch space>:435:1: note: expanded from here
    435 | "BurnGunY"
        | ^
  /home/runner/work/retro-manager/retro-manager/runtime/retropack-runtime-fbneo/submodules/fbneo/src/burn/burn_gun.cpp:712:3: warning: ISO C++11 does not allow conversion from string literal to 'char *' [-Wwritable-strings]
    712 |                 SCAN_VAR(GunTargetTimer);
        |                 ^
  /home/runner/work/retro-manager/retro-manager/runtime/retropack-runtime-fbneo/submodules/fbneo/src/burn/state.h:72:44: note: expanded from macro 'SCAN_VAR'
     72 | #define SCAN_VAR(x) ScanVar(&x, sizeof(x), #x)
        |                                            ^
  <scratch space>:436:1: note: expanded from here
    436 | "GunTargetTimer"
        | ^
  /home/runner/work/retro-manager/retro-manager/runtime/retropack-runtime-fbneo/submodules/fbneo/src/burn/burn_gun.cpp:713:3: warning: ISO C++11 does not allow conversion from string literal to 'char *' [-Wwritable-strings]
    713 |                 SCAN_VAR(GunTargetLastX);
        |                 ^
  /home/runner/work/retro-manager/retro-manager/runtime/retropack-runtime-fbneo/submodules/fbneo/src/burn/state.h:72:44: note: expanded from macro 'SCAN_VAR'
     72 | #define SCAN_VAR(x) ScanVar(&x, sizeof(x), #x)
        |                                            ^
  <scratch space>:437:1: note: expanded from here
    437 | "GunTargetLastX"
        | ^
  /home/runner/work/retro-manager/retro-manager/runtime/retropack-runtime-fbneo/submodules/fbneo/src/burn/burn_gun.cpp:714:3: warning: ISO C++11 does not allow conversion from string literal to 'char *' [-Wwritable-strings]
    714 |                 SCAN_VAR(GunTargetLastY);
        |                 ^
  /home/runner/work/retro-manager/retro-manager/runtime/retropack-runtime-fbneo/submodules/fbneo/src/burn/state.h:72:44: note: expanded from macro 'SCAN_VAR'
     72 | #define SCAN_VAR(x) ScanVar(&x, sizeof(x), #x)
        |                                            ^
  <scratch space>:438:1: note: expanded from here
    438 | "GunTargetLastY"
        | ^
  19 warnings generated.
  ninja: build stopped: subcommand failed.
  
  C++ build system [build] failed while executing:
      /usr/local/lib/android/sdk/cmake/3.22.1/bin/ninja \
        -C \
        /home/runner/work/retro-manager/retro-manager/runtime/retropack-runtime-fbneo/.cxx/Debug/1b1s4j3o/arm64-v8a \
        retropack-runtime-fbneo
    from /home/runner/work/retro-manager/retro-manager/runtime/retropack-runtime-fbneo

* Try:
> Run with --info or --debug option to get more log output.
> Run with --scan to get full insights from a Build Scan (powered by Develocity).
> Get more help at https://help.gradle.org.

* Exception is:
org.gradle.api.tasks.TaskExecutionException: Execution failed for task ':runtime:retropack-runtime-fbneo:buildCMakeDebug[arm64-v8a]' (registered by plugin 'com.android.internal.library').
	at org.gradle.api.internal.tasks.execution.ExecuteActionsTaskExecuter.lambda$executeIfValid$1(ExecuteActionsTaskExecuter.java:135)
	at org.gradle.internal.Try$Failure.ifSuccessfulOrElse(Try.java:288)
	at org.gradle.api.internal.tasks.execution.ExecuteActionsTaskExecuter.executeIfValid(ExecuteActionsTaskExecuter.java:133)
	at org.gradle.api.internal.tasks.execution.ExecuteActionsTaskExecuter.execute(ExecuteActionsTaskExecuter.java:121)
	at org.gradle.api.internal.tasks.execution.ProblemsTaskPathTrackingTaskExecuter.execute(ProblemsTaskPathTrackingTaskExecuter.java:41)
	at org.gradle.api.internal.tasks.execution.ResolveTaskExecutionModeExecuter.execute(ResolveTaskExecutionModeExecuter.java:51)
	at org.gradle.api.internal.tasks.execution.FinalizePropertiesTaskExecuter.execute(FinalizePropertiesTaskExecuter.java:46)
	at org.gradle.api.internal.tasks.execution.SkipTaskWithNoActionsExecuter.execute(SkipTaskWithNoActionsExecuter.java:57)
	at org.gradle.api.internal.tasks.execution.SkipOnlyIfTaskExecuter.execute(SkipOnlyIfTaskExecuter.java:74)
	at org.gradle.api.internal.tasks.execution.CatchExceptionTaskExecuter.execute(CatchExceptionTaskExecuter.java:36)
	at org.gradle.api.internal.tasks.execution.EventFiringTaskExecuter$1.executeTask(EventFiringTaskExecuter.java:77)
	at org.gradle.api.internal.tasks.execution.EventFiringTaskExecuter$1.call(EventFiringTaskExecuter.java:55)
	at org.gradle.api.internal.tasks.execution.EventFiringTaskExecuter$1.call(EventFiringTaskExecuter.java:52)
	at org.gradle.internal.operations.DefaultBuildOperationRunner$CallableBuildOperationWorker.execute(DefaultBuildOperationRunner.java:210)
	at org.gradle.internal.operations.DefaultBuildOperationRunner$CallableBuildOperationWorker.execute(DefaultBuildOperationRunner.java:205)
	at org.gradle.internal.operations.DefaultBuildOperationRunner$2.execute(DefaultBuildOperationRunner.java:67)
	at org.gradle.internal.operations.DefaultBuildOperationRunner$2.execute(DefaultBuildOperationRunner.java:60)
	at org.gradle.internal.operations.DefaultBuildOperationRunner.execute(DefaultBuildOperationRunner.java:167)
	at org.gradle.internal.operations.DefaultBuildOperationRunner.execute(DefaultBuildOperationRunner.java:60)
	at org.gradle.internal.operations.DefaultBuildOperationRunner.call(DefaultBuildOperationRunner.java:54)
	at org.gradle.api.internal.tasks.execution.EventFiringTaskExecuter.execute(EventFiringTaskExecuter.java:52)
	at org.gradle.execution.plan.DefaultNodeExecutor.executeLocalTaskNode(DefaultNodeExecutor.java:55)
	at org.gradle.execution.plan.DefaultNodeExecutor.execute(DefaultNodeExecutor.java:34)
	at org.gradle.execution.taskgraph.DefaultTaskExecutionGraph$InvokeNodeExecutorsAction.execute(DefaultTaskExecutionGraph.java:355)
	at org.gradle.execution.taskgraph.DefaultTaskExecutionGraph$InvokeNodeExecutorsAction.execute(DefaultTaskExecutionGraph.java:343)
	at org.gradle.execution.taskgraph.DefaultTaskExecutionGraph$BuildOperationAwareExecutionAction.lambda$execute$0(DefaultTaskExecutionGraph.java:339)
	at org.gradle.internal.operations.CurrentBuildOperationRef.with(CurrentBuildOperationRef.java:84)
	at org.gradle.execution.taskgraph.DefaultTaskExecutionGraph$BuildOperationAwareExecutionAction.execute(DefaultTaskExecutionGraph.java:339)
	at org.gradle.execution.taskgraph.DefaultTaskExecutionGraph$BuildOperationAwareExecutionAction.execute(DefaultTaskExecutionGraph.java:328)
	at org.gradle.execution.plan.DefaultPlanExecutor$ExecutorWorker.execute(DefaultPlanExecutor.java:459)
	at org.gradle.execution.plan.DefaultPlanExecutor$ExecutorWorker.run(DefaultPlanExecutor.java:376)
	at org.gradle.execution.plan.DefaultPlanExecutor.process(DefaultPlanExecutor.java:111)
	at org.gradle.execution.taskgraph.DefaultTaskExecutionGraph.executeWithServices(DefaultTaskExecutionGraph.java:146)
	at org.gradle.execution.taskgraph.DefaultTaskExecutionGraph.execute(DefaultTaskExecutionGraph.java:131)
	at org.gradle.execution.SelectedTaskExecutionAction.execute(SelectedTaskExecutionAction.java:35)
	at org.gradle.execution.BuildOperationFiringBuildWorkerExecutor$ExecuteTasks.call(BuildOperationFiringBuildWorkerExecutor.java:54)
	at org.gradle.execution.BuildOperationFiringBuildWorkerExecutor$ExecuteTasks.call(BuildOperationFiringBuildWorkerExecutor.java:43)
	at org.gradle.internal.operations.DefaultBuildOperationRunner$CallableBuildOperationWorker.execute(DefaultBuildOperationRunner.java:210)
	at org.gradle.internal.operations.DefaultBuildOperationRunner$CallableBuildOperationWorker.execute(DefaultBuildOperationRunner.java:205)
	at org.gradle.internal.operations.DefaultBuildOperationRunner$2.execute(DefaultBuildOperationRunner.java:67)
	at org.gradle.internal.operations.DefaultBuildOperationRunner$2.execute(DefaultBuildOperationRunner.java:60)
	at org.gradle.internal.operations.DefaultBuildOperationRunner.execute(DefaultBuildOperationRunner.java:167)
	at org.gradle.internal.operations.DefaultBuildOperationRunner.execute(DefaultBuildOperationRunner.java:60)
	at org.gradle.internal.operations.DefaultBuildOperationRunner.call(DefaultBuildOperationRunner.java:54)
	at org.gradle.execution.BuildOperationFiringBuildWorkerExecutor.execute(BuildOperationFiringBuildWorkerExecutor.java:40)
	at org.gradle.internal.build.DefaultBuildLifecycleController.lambda$executeTasks$11(DefaultBuildLifecycleController.java:323)
	at org.gradle.internal.model.StateTransitionController.doTransition(StateTransitionController.java:304)
	at org.gradle.internal.model.StateTransitionController.lambda$tryTransition$9(StateTransitionController.java:215)
	at org.gradle.internal.work.DefaultSynchronizer.withLock(DefaultSynchronizer.java:45)
	at org.gradle.internal.model.StateTransitionController.tryTransition(StateTransitionController.java:215)
	at org.gradle.internal.build.DefaultBuildLifecycleController.executeTasks(DefaultBuildLifecycleController.java:314)
	at org.gradle.internal.build.DefaultBuildWorkGraphController$DefaultBuildWorkGraph.runWork(DefaultBuildWorkGraphController.java:220)
	at org.gradle.internal.work.DefaultWorkerLeaseService.lambda$runAndReleaseLocks$0(DefaultWorkerLeaseService.java:300)
	at org.gradle.internal.work.ResourceLockStatistics$1.measure(ResourceLockStatistics.java:43)
	at org.gradle.internal.work.DefaultWorkerLeaseService.runAndReleaseLocks(DefaultWorkerLeaseService.java:298)
	at org.gradle.internal.work.DefaultWorkerLeaseService.withLocksAcquired(DefaultWorkerLeaseService.java:294)
	at org.gradle.internal.work.DefaultWorkerLeaseService.withLocks(DefaultWorkerLeaseService.java:286)
	at org.gradle.internal.work.DefaultWorkerLeaseService.runAsWorkerThread(DefaultWorkerLeaseService.java:130)
	at org.gradle.composite.internal.DefaultBuildController.doRun(DefaultBuildController.java:182)
	at org.gradle.composite.internal.DefaultBuildController$BuildOpRunnable.lambda$run$0(DefaultBuildController.java:199)
	at org.gradle.internal.operations.CurrentBuildOperationRef.with(CurrentBuildOperationRef.java:84)
	at org.gradle.composite.internal.DefaultBuildController$BuildOpRunnable.run(DefaultBuildController.java:199)
	at org.gradle.internal.concurrent.ExecutorPolicy$CatchAndRecordFailures.onExecute(ExecutorPolicy.java:64)
	at org.gradle.internal.concurrent.AbstractManagedExecutor$1.run(AbstractManagedExecutor.java:47)
Caused by: org.gradle.internal.UncheckedException: com.android.ide.common.process.ProcessException: ninja: Entering directory `/home/runner/work/retro-manager/retro-manager/runtime/retropack-runtime-fbneo/.cxx/Debug/1b1s4j3o/arm64-v8a'
[1/46] Building CXX object CMakeFiles/retropack-runtime-fbneo.dir/submodules/fbneo/src/burn/burn_memory.cpp.o
In file included from /home/runner/work/retro-manager/retro-manager/runtime/retropack-runtime-fbneo/submodules/fbneo/src/burn/burn_memory.cpp:7:
In file included from /home/runner/work/retro-manager/retro-manager/runtime/retropack-runtime-fbneo/submodules/fbneo/src/burn/burnint.h:17:
/home/runner/work/retro-manager/retro-manager/runtime/retropack-runtime-fbneo/submodules/fbneo/src/burn/devices/joyprocess.h:70:3: warning: ISO C++11 does not allow conversion from string literal to 'char *' [-Wwritable-strings]
   70 |                 SCAN_VAR(state);
      |                 ^
/home/runner/work/retro-manager/retro-manager/runtime/retropack-runtime-fbneo/submodules/fbneo/src/burn/state.h:72:44: note: expanded from macro 'SCAN_VAR'
   72 | #define SCAN_VAR(x) ScanVar(&x, sizeof(x), #x)
      |                                            ^
<scratch space>:117:1: note: expanded from here
  117 | "state"
      | ^
In file included from /home/runner/work/retro-manager/retro-manager/runtime/retropack-runtime-fbneo/submodules/fbneo/src/burn/burn_memory.cpp:7:
In file included from /home/runner/work/retro-manager/retro-manager/runtime/retropack-runtime-fbneo/submodules/fbneo/src/burn/burnint.h:17:
/home/runner/work/retro-manager/retro-manager/runtime/retropack-runtime-fbneo/submodules/fbneo/src/burn/devices/joyprocess.h:71:3: warning: ISO C++11 does not allow conversion from string literal to 'char *' [-Wwritable-strings]
   71 |                 SCAN_VAR(last_state);
      |                 ^
/home/runner/work/retro-manager/retro-manager/runtime/retropack-runtime-fbneo/submodules/fbneo/src/burn/state.h:72:44: note: expanded from macro 'SCAN_VAR'
   72 | #define SCAN_VAR(x) ScanVar(&x, sizeof(x), #x)
      |                                            ^
<scratch space>:118:1: note: expanded from here
  118 | "last_state"
      | ^
/home/runner/work/retro-manager/retro-manager/runtime/retropack-runtime-fbneo/submodules/fbneo/src/burn/burn_memory.cpp:38:20: warning: ISO C++11 does not allow conversion from string literal to 'TCHAR *' (aka 'char *') [-Wwritable-strings]
   38 |                                 bprintf (0, _T("BurnMalloc failed to allocate %d bytes of memory!\n"), size);
      |                                                ^
/home/runner/work/retro-manager/retro-manager/runtime/retropack-runtime-fbneo/submodules/fbneo/src/burn/burn_memory.cpp:55:17: warning: ISO C++11 does not allow conversion from string literal to 'TCHAR *' (aka 'char *') [-Wwritable-strings]
   55 |         bprintf (0, _T("BurnMalloc called too many times!\n"));
      |                        ^
/home/runner/work/retro-manager/retro-manager/runtime/retropack-runtime-fbneo/submodules/fbneo/src/burn/burn_memory.cpp:76:18: warning: ISO C++11 does not allow conversion from string literal to 'TCHAR *' (aka 'char *') [-Wwritable-strings]
   76 |                         bprintf(0, _T("burn_memory.cpp(%s): OOB detected in allocated index %d @ %x!!\n"), (type == MEM_FREE) ? _T("BurnFree()") : _T("BurnRealloc()"), i, z);
      |                                       ^
/home/runner/work/retro-manager/retro-manager/runtime/retropack-runtime-fbneo/submodules/fbneo/src/burn/burn_memory.cpp:82:17: warning: ISO C++11 does not allow conversion from string literal to 'TCHAR *' (aka 'char *') [-Wwritable-strings]
   82 |                 bprintf(0, _T("->OOB memory issue detected in allocated index %d, please let FBNeo team know!\n"), i);
      |                               ^
/home/runner/work/retro-manager/retro-manager/runtime/retropack-runtime-fbneo/submodules/fbneo/src/burn/burn_memory.cpp:132:16: warning: ISO C++11 does not allow conversion from string literal to 'char *' [-Wwritable-strings]
  132 |         UINT8 *temp = BurnMalloc(size);
      |                       ^
/home/runner/work/retro-manager/retro-manager/runtime/retropack-runtime-fbneo/submodules/fbneo/src/burn/burnint.h:199:38: note: expanded from macro 'BurnMalloc'
  199 | #define BurnMalloc(x) _BurnMalloc(x, __FILE__, __LINE__)
      |                                      ^
<scratch space>:124:1: note: expanded from here
  124 | "/home/runner/work/retro-manager/retro-manager/runtime/retropack-runtime-fbneo/submodules/fbneo/src/burn/burn_memory.cpp"
      | ^
7 warnings generated.
[2/46] Building C object CMakeFiles/retropack-runtime-fbneo.dir/src/main/cpp/ringbuffer.c.o
[3/46] Building C object CMakeFiles/retropack-runtime-fbneo.dir/src/main/cpp/fbneo-jni.c.o
FAILED: CMakeFiles/retropack-runtime-fbneo.dir/src/main/cpp/fbneo-jni.c.o 
/usr/local/lib/android/sdk/ndk/27.0.12077973/toolchains/llvm/prebuilt/linux-x86_64/bin/clang --target=aarch64-none-linux-android26 --sysroot=/usr/local/lib/android/sdk/ndk/27.0.12077973/toolchains/llvm/prebuilt/linux-x86_64/sysroot -DBUILD_NEOGEO=1 -DHAVE_FBNEO_CORE=1 -DINLINE=inline -DSUPPORT_SPLIT_DRIVER=1 -D__LIBRETRO_OPTIMIZATIONS__=1 -D__LIBRETRO__=1 -Dretropack_runtime_fbneo_EXPORTS -I/home/runner/work/retro-manager/retro-manager/runtime/retropack-runtime-fbneo/src/main/cpp -I/home/runner/work/retro-manager/retro-manager/runtime/retropack-runtime-fbneo/../retropack-runtime-common/src/main/cpp -I/home/runner/work/retro-manager/retro-manager/runtime/retropack-runtime-fbneo/submodules/fbneo -I/home/runner/work/retro-manager/retro-manager/runtime/retropack-runtime-fbneo/submodules/fbneo/src -I/home/runner/work/retro-manager/retro-manager/runtime/retropack-runtime-fbneo/submodules/fbneo/src/burn -I/home/runner/work/retro-manager/retro-manager/runtime/retropack-runtime-fbneo/submodules/fbneo/src/burn/devices -I/home/runner/work/retro-manager/retro-manager/runtime/retropack-runtime-fbneo/submodules/fbneo/src/burn/snd -I/home/runner/work/retro-manager/retro-manager/runtime/retropack-runtime-fbneo/submodules/fbneo/src/burn/drv/neogeo -I/home/runner/work/retro-manager/retro-manager/runtime/retropack-runtime-fbneo/submodules/fbneo/src/burner -I/home/runner/work/retro-manager/retro-manager/runtime/retropack-runtime-fbneo/submodules/fbneo/src/burner/libretro -I/home/runner/work/retro-manager/retro-manager/runtime/retropack-runtime-fbneo/submodules/fbneo/src/burner/libretro/libretro-common/include -I/home/runner/work/retro-manager/retro-manager/runtime/retropack-runtime-fbneo/submodules/fbneo/src/cpu -I/home/runner/work/retro-manager/retro-manager/runtime/retropack-runtime-fbneo/submodules/fbneo/src/cpu/m68k -I/home/runner/work/retro-manager/retro-manager/runtime/retropack-runtime-fbneo/submodules/fbneo/src/cpu/z80 -I/home/runner/work/retro-manager/retro-manager/runtime/retropack-runtime-fbneo/submodules/fbneo/src/dep/libs/zlib -g -DANDROID -fdata-sections -ffunction-sections -funwind-tables -fstack-protector-strong -no-canonical-prefixes -D_FORTIFY_SOURCE=2 -Wformat -Werror=format-security  -fno-limit-debug-info  -fPIC -std=gnu11 -MD -MT CMakeFiles/retropack-runtime-fbneo.dir/src/main/cpp/fbneo-jni.c.o -MF CMakeFiles/retropack-runtime-fbneo.dir/src/main/cpp/fbneo-jni.c.o.d -o CMakeFiles/retropack-runtime-fbneo.dir/src/main/cpp/fbneo-jni.c.o -c /home/runner/work/retro-manager/retro-manager/runtime/retropack-runtime-fbneo/src/main/cpp/fbneo-jni.c
In file included from /home/runner/work/retro-manager/retro-manager/runtime/retropack-runtime-fbneo/src/main/cpp/fbneo-jni.c:43:
In file included from /home/runner/work/retro-manager/retro-manager/runtime/retropack-runtime-fbneo/submodules/fbneo/src/burner/burner.h:27:
In file included from /home/runner/work/retro-manager/retro-manager/runtime/retropack-runtime-fbneo/submodules/fbneo/src/burn/burn.h:124:
/home/runner/work/retro-manager/retro-manager/runtime/retropack-runtime-fbneo/submodules/fbneo/src/burn/cheat.h:50:8: error: must use 'struct' tag to refer to type 'CheatInfo'
   50 | extern CheatInfo* pCheatInfo;
      |        ^
      |        struct 
In file included from /home/runner/work/retro-manager/retro-manager/runtime/retropack-runtime-fbneo/src/main/cpp/fbneo-jni.c:43:
In file included from /home/runner/work/retro-manager/retro-manager/runtime/retropack-runtime-fbneo/submodules/fbneo/src/burner/burner.h:27:
In file included from /home/runner/work/retro-manager/retro-manager/runtime/retropack-runtime-fbneo/submodules/fbneo/src/burn/burn.h:125:
/home/runner/work/retro-manager/retro-manager/runtime/retropack-runtime-fbneo/submodules/fbneo/src/burn/hiscore.h:15:41: error: C does not support default arguments
   15 | void HiscoreReset(INT32 nHiscoreOptions = 0);
      |                                         ^ ~
In file included from /home/runner/work/retro-manager/retro-manager/runtime/retropack-runtime-fbneo/src/main/cpp/fbneo-jni.c:43:
In file included from /home/runner/work/retro-manager/retro-manager/runtime/retropack-runtime-fbneo/submodules/fbneo/src/burner/burner.h:27:
/home/runner/work/retro-manager/retro-manager/runtime/retropack-runtime-fbneo/submodules/fbneo/src/burn/burn.h:142:55: error: must use 'enum' tag to refer to type 'BurnCartrigeCommand'
  142 | extern INT32 (__cdecl *BurnExtCartridgeSetupCallback)(BurnCartrigeCommand nCommand);
      |                                                       ^
      |                                                       enum 
/home/runner/work/retro-manager/retro-manager/runtime/retropack-runtime-fbneo/submodules/fbneo/src/burn/burn.h:226:8: error: must use 'struct' tag to refer to type 'RomDataInfo'
  226 | extern RomDataInfo* pRDI;
      |        ^
      |        struct 
/home/runner/work/retro-manager/retro-manager/runtime/retropack-runtime-fbneo/submodules/fbneo/src/burn/burn.h:227:8: error: must use 'struct' tag to refer to type 'BurnRomInfo'
  227 | extern BurnRomInfo* pDataRomDesc;
      |        ^
      |        struct 
/home/runner/work/retro-manager/retro-manager/runtime/retropack-runtime-fbneo/submodules/fbneo/src/burn/burn.h:407:29: error: must use 'enum' tag to refer to type 'BurnCartrigeCommand'
  407 | INT32 BurnDrvCartridgeSetup(BurnCartrigeCommand nCommand);
      |                             ^
      |                             enum 
/home/runner/work/retro-manager/retro-manager/runtime/retropack-runtime-fbneo/submodules/fbneo/src/burn/burn.h:419:23: error: must use 'struct' tag to refer to type 'tm'
  419 | void BurnGetLocalTime(tm *nTime);                   // Retrieve local-time of machine w/tweaks for netgame and input recordings
      |                       ^
      |                       struct 
/home/runner/work/retro-manager/retro-manager/runtime/retropack-runtime-fbneo/submodules/fbneo/src/burn/burn.h:533:81: error: C does not support default arguments
  533 | void IpsApplyPatches(UINT8* base, char* rom_name, UINT32 rom_crc, bool readonly = false);
      |                                                                                 ^ ~~~~~
In file included from /home/runner/work/retro-manager/retro-manager/runtime/retropack-runtime-fbneo/src/main/cpp/fbneo-jni.c:43:
In file included from /home/runner/work/retro-manager/retro-manager/runtime/retropack-runtime-fbneo/submodules/fbneo/src/burner/burner.h:28:
/home/runner/work/retro-manager/retro-manager/runtime/retropack-runtime-fbneo/submodules/fbneo/src/burn/devices/joyprocess.h:40:7: error: conflicting types for 'ProcessAnalog'
   40 | UINT8 ProcessAnalog(INT16 anaval, INT32 reversed, INT32 flags, UINT8 scalemin, UINT8 scalemax, UINT8 centerval);
      |       ^
/home/runner/work/retro-manager/retro-manager/runtime/retropack-runtime-fbneo/submodules/fbneo/src/burn/devices/joyprocess.h:39:7: note: previous declaration is here
   39 | UINT8 ProcessAnalog(INT16 anaval, INT32 reversed, INT32 flags, UINT8 scalemin, UINT8 scalemax);
      |       ^
/home/runner/work/retro-manager/retro-manager/runtime/retropack-runtime-fbneo/submodules/fbneo/src/burn/devices/joyprocess.h:42:45: error: C does not support default arguments
   42 | INT32 AnalogDeadZone(INT32 anaval, INT32 dz = 4);
      |                                             ^ ~
/home/runner/work/retro-manager/retro-manager/runtime/retropack-runtime-fbneo/submodules/fbneo/src/burn/devices/joyprocess.h:52:2: error: type name requires a specifier or qualifier
   52 |         ButtonToggle() {
      |         ^
/home/runner/work/retro-manager/retro-manager/runtime/retropack-runtime-fbneo/submodules/fbneo/src/burn/devices/joyprocess.h:52:16: error: expected ';' at end of declaration list
   52 |         ButtonToggle() {
      |                       ^
      |                       ;
/home/runner/work/retro-manager/retro-manager/runtime/retropack-runtime-fbneo/submodules/fbneo/src/burn/devices/joyprocess.h:76:1: error: unknown type name 'template'
   76 | template <int N, typename T = UINT8>
      | ^
/home/runner/work/retro-manager/retro-manager/runtime/retropack-runtime-fbneo/submodules/fbneo/src/burn/devices/joyprocess.h:76:10: error: expected identifier or '('
   76 | template <int N, typename T = UINT8>
      |          ^
/home/runner/work/retro-manager/retro-manager/runtime/retropack-runtime-fbneo/submodules/fbneo/src/burn/devices/joyprocess.h:122:1: error: unknown type name 'template'
  122 | template <int N, typename T>
      | ^
/home/runner/work/retro-manager/retro-manager/runtime/retropack-runtime-fbneo/submodules/fbneo/src/burn/devices/joyprocess.h:122:10: error: expected identifier or '('
  122 | template <int N, typename T>
      |          ^
In file included from /home/runner/work/retro-manager/retro-manager/runtime/retropack-runtime-fbneo/src/main/cpp/fbneo-jni.c:43:
In file included from /home/runner/work/retro-manager/retro-manager/runtime/retropack-runtime-fbneo/submodules/fbneo/src/burner/burner.h:51:
/home/runner/work/retro-manager/retro-manager/runtime/retropack-runtime-fbneo/submodules/fbneo/src/burner/libretro/burner_libretro.h:5:10: fatal error: 'cd_interface.h' file not found
    5 | #include "cd_interface.h"
      |          ^~~~~~~~~~~~~~~~
17 errors generated.
[4/46] Building CXX object CMakeFiles/retropack-runtime-fbneo.dir/submodules/fbneo/src/burn/burn.cpp.o
FAILED: CMakeFiles/retropack-runtime-fbneo.dir/submodules/fbneo/src/burn/burn.cpp.o 
/usr/local/lib/android/sdk/ndk/27.0.12077973/toolchains/llvm/prebuilt/linux-x86_64/bin/clang++ --target=aarch64-none-linux-android26 --sysroot=/usr/local/lib/android/sdk/ndk/27.0.12077973/toolchains/llvm/prebuilt/linux-x86_64/sysroot -DBUILD_NEOGEO=1 -DHAVE_FBNEO_CORE=1 -DINLINE=inline -DSUPPORT_SPLIT_DRIVER=1 -D__LIBRETRO_OPTIMIZATIONS__=1 -D__LIBRETRO__=1 -Dretropack_runtime_fbneo_EXPORTS -I/home/runner/work/retro-manager/retro-manager/runtime/retropack-runtime-fbneo/src/main/cpp -I/home/runner/work/retro-manager/retro-manager/runtime/retropack-runtime-fbneo/../retropack-runtime-common/src/main/cpp -I/home/runner/work/retro-manager/retro-manager/runtime/retropack-runtime-fbneo/submodules/fbneo -I/home/runner/work/retro-manager/retro-manager/runtime/retropack-runtime-fbneo/submodules/fbneo/src -I/home/runner/work/retro-manager/retro-manager/runtime/retropack-runtime-fbneo/submodules/fbneo/src/burn -I/home/runner/work/retro-manager/retro-manager/runtime/retropack-runtime-fbneo/submodules/fbneo/src/burn/devices -I/home/runner/work/retro-manager/retro-manager/runtime/retropack-runtime-fbneo/submodules/fbneo/src/burn/snd -I/home/runner/work/retro-manager/retro-manager/runtime/retropack-runtime-fbneo/submodules/fbneo/src/burn/drv/neogeo -I/home/runner/work/retro-manager/retro-manager/runtime/retropack-runtime-fbneo/submodules/fbneo/src/burner -I/home/runner/work/retro-manager/retro-manager/runtime/retropack-runtime-fbneo/submodules/fbneo/src/burner/libretro -I/home/runner/work/retro-manager/retro-manager/runtime/retropack-runtime-fbneo/submodules/fbneo/src/burner/libretro/libretro-common/include -I/home/runner/work/retro-manager/retro-manager/runtime/retropack-runtime-fbneo/submodules/fbneo/src/cpu -I/home/runner/work/retro-manager/retro-manager/runtime/retropack-runtime-fbneo/submodules/fbneo/src/cpu/m68k -I/home/runner/work/retro-manager/retro-manager/runtime/retropack-runtime-fbneo/submodules/fbneo/src/cpu/z80 -I/home/runner/work/retro-manager/retro-manager/runtime/retropack-runtime-fbneo/submodules/fbneo/src/dep/libs/zlib -g -DANDROID -fdata-sections -ffunction-sections -funwind-tables -fstack-protector-strong -no-canonical-prefixes -D_FORTIFY_SOURCE=2 -Wformat -Werror=format-security   -fno-limit-debug-info  -fPIC -MD -MT CMakeFiles/retropack-runtime-fbneo.dir/submodules/fbneo/src/burn/burn.cpp.o -MF CMakeFiles/retropack-runtime-fbneo.dir/submodules/fbneo/src/burn/burn.cpp.o.d -o CMakeFiles/retropack-runtime-fbneo.dir/submodules/fbneo/src/burn/burn.cpp.o -c /home/runner/work/retro-manager/retro-manager/runtime/retropack-runtime-fbneo/submodules/fbneo/src/burn/burn.cpp
In file included from /home/runner/work/retro-manager/retro-manager/runtime/retropack-runtime-fbneo/submodules/fbneo/src/burn/burn.cpp:4:
In file included from /home/runner/work/retro-manager/retro-manager/runtime/retropack-runtime-fbneo/submodules/fbneo/src/burn/burnint.h:17:
/home/runner/work/retro-manager/retro-manager/runtime/retropack-runtime-fbneo/submodules/fbneo/src/burn/devices/joyprocess.h:70:3: warning: ISO C++11 does not allow conversion from string literal to 'char *' [-Wwritable-strings]
   70 |                 SCAN_VAR(state);
      |                 ^
/home/runner/work/retro-manager/retro-manager/runtime/retropack-runtime-fbneo/submodules/fbneo/src/burn/state.h:72:44: note: expanded from macro 'SCAN_VAR'
   72 | #define SCAN_VAR(x) ScanVar(&x, sizeof(x), #x)
      |                                            ^
<scratch space>:117:1: note: expanded from here
  117 | "state"
      | ^
In file included from /home/runner/work/retro-manager/retro-manager/runtime/retropack-runtime-fbneo/submodules/fbneo/src/burn/burn.cpp:4:
In file included from /home/runner/work/retro-manager/retro-manager/runtime/retropack-runtime-fbneo/submodules/fbneo/src/burn/burnint.h:17:
/home/runner/work/retro-manager/retro-manager/runtime/retropack-runtime-fbneo/submodules/fbneo/src/burn/devices/joyprocess.h:71:3: warning: ISO C++11 does not allow conversion from string literal to 'char *' [-Wwritable-strings]
   71 |                 SCAN_VAR(last_state);
      |                 ^
/home/runner/work/retro-manager/retro-manager/runtime/retropack-runtime-fbneo/submodules/fbneo/src/burn/state.h:72:44: note: expanded from macro 'SCAN_VAR'
   72 | #define SCAN_VAR(x) ScanVar(&x, sizeof(x), #x)
      |                                            ^
<scratch space>:118:1: note: expanded from here
  118 | "last_state"
      | ^
/home/runner/work/retro-manager/retro-manager/runtime/retropack-runtime-fbneo/submodules/fbneo/src/burn/burn.cpp:7:10: fatal error: 'driverlist.h' file not found
    7 | #include "driverlist.h"
      |          ^~~~~~~~~~~~~~
2 warnings and 1 error generated.
[5/46] Building CXX object CMakeFiles/retropack-runtime-fbneo.dir/submodules/fbneo/src/burn/burn_sound.cpp.o
In file included from /home/runner/work/retro-manager/retro-manager/runtime/retropack-runtime-fbneo/submodules/fbneo/src/burn/burn_sound.cpp:1:
In file included from /home/runner/work/retro-manager/retro-manager/runtime/retropack-runtime-fbneo/submodules/fbneo/src/burn/burnint.h:17:
/home/runner/work/retro-manager/retro-manager/runtime/retropack-runtime-fbneo/submodules/fbneo/src/burn/devices/joyprocess.h:70:3: warning: ISO C++11 does not allow conversion from string literal to 'char *' [-Wwritable-strings]
   70 |                 SCAN_VAR(state);
      |                 ^
/home/runner/work/retro-manager/retro-manager/runtime/retropack-runtime-fbneo/submodules/fbneo/src/burn/state.h:72:44: note: expanded from macro 'SCAN_VAR'
   72 | #define SCAN_VAR(x) ScanVar(&x, sizeof(x), #x)
      |                                            ^
<scratch space>:117:1: note: expanded from here
  117 | "state"
      | ^
In file included from /home/runner/work/retro-manager/retro-manager/runtime/retropack-runtime-fbneo/submodules/fbneo/src/burn/burn_sound.cpp:1:
In file included from /home/runner/work/retro-manager/retro-manager/runtime/retropack-runtime-fbneo/submodules/fbneo/src/burn/burnint.h:17:
/home/runner/work/retro-manager/retro-manager/runtime/retropack-runtime-fbneo/submodules/fbneo/src/burn/devices/joyprocess.h:71:3: warning: ISO C++11 does not allow conversion from string literal to 'char *' [-Wwritable-strings]
   71 |                 SCAN_VAR(last_state);
      |                 ^
/home/runner/work/retro-manager/retro-manager/runtime/retropack-runtime-fbneo/submodules/fbneo/src/burn/state.h:72:44: note: expanded from macro 'SCAN_VAR'
   72 | #define SCAN_VAR(x) ScanVar(&x, sizeof(x), #x)
      |                                            ^
<scratch space>:118:1: note: expanded from here
  118 | "last_state"
      | ^
/home/runner/work/retro-manager/retro-manager/runtime/retropack-runtime-fbneo/submodules/fbneo/src/burn/burn_sound.cpp:75:26: warning: ISO C++11 does not allow conversion from string literal to 'TCHAR *' (aka 'char *') [-Wwritable-strings]
   75 |         if (clip) bprintf(0, _T("BurnSoundTweakVolume(): CLIPPING @ frame %x\n"), nCurrentFrame);
      |                                 ^
3 warnings generated.
[6/46] Building CXX object CMakeFiles/retropack-runtime-fbneo.dir/submodules/fbneo/src/burn/debug_track.cpp.o
In file included from /home/runner/work/retro-manager/retro-manager/runtime/retropack-runtime-fbneo/submodules/fbneo/src/burn/debug_track.cpp:3:
In file included from /home/runner/work/retro-manager/retro-manager/runtime/retropack-runtime-fbneo/submodules/fbneo/src/burn/burnint.h:17:
/home/runner/work/retro-manager/retro-manager/runtime/retropack-runtime-fbneo/submodules/fbneo/src/burn/devices/joyprocess.h:70:3: warning: ISO C++11 does not allow conversion from string literal to 'char *' [-Wwritable-strings]
   70 |                 SCAN_VAR(state);
      |                 ^
/home/runner/work/retro-manager/retro-manager/runtime/retropack-runtime-fbneo/submodules/fbneo/src/burn/state.h:72:44: note: expanded from macro 'SCAN_VAR'
   72 | #define SCAN_VAR(x) ScanVar(&x, sizeof(x), #x)
      |                                            ^
<scratch space>:117:1: note: expanded from here
  117 | "state"
      | ^
In file included from /home/runner/work/retro-manager/retro-manager/runtime/retropack-runtime-fbneo/submodules/fbneo/src/burn/debug_track.cpp:3:
In file included from /home/runner/work/retro-manager/retro-manager/runtime/retropack-runtime-fbneo/submodules/fbneo/src/burn/burnint.h:17:
/home/runner/work/retro-manager/retro-manager/runtime/retropack-runtime-fbneo/submodules/fbneo/src/burn/devices/joyprocess.h:71:3: warning: ISO C++11 does not allow conversion from string literal to 'char *' [-Wwritable-strings]
   71 |                 SCAN_VAR(last_state);
      |                 ^
/home/runner/work/retro-manager/retro-manager/runtime/retropack-runtime-fbneo/submodules/fbneo/src/burn/state.h:72:44: note: expanded from macro 'SCAN_VAR'
   72 | #define SCAN_VAR(x) ScanVar(&x, sizeof(x), #x)
      |                                            ^
<scratch space>:118:1: note: expanded from here
  118 | "last_state"
      | ^
/home/runner/work/retro-manager/retro-manager/runtime/retropack-runtime-fbneo/submodules/fbneo/src/burn/debug_track.cpp:85:59: warning: ISO C++11 does not allow conversion from string literal to 'TCHAR *' (aka 'char *') [-Wwritable-strings]
   85 |         if (Debug_BurnTransferInitted)          bprintf(PRINT_ERROR, _T("BurnTransfer Not Exited\n"));
      |                                                                         ^
/home/runner/work/retro-manager/retro-manager/runtime/retropack-runtime-fbneo/submodules/fbneo/src/burn/debug_track.cpp:86:55: warning: ISO C++11 does not allow conversion from string literal to 'TCHAR *' (aka 'char *') [-Wwritable-strings]
   86 |         if (Debug_BurnGunInitted)                       bprintf(PRINT_ERROR, _T("BurnGun Not Exited\n"));
      |                                                                                 ^
/home/runner/work/retro-manager/retro-manager/runtime/retropack-runtime-fbneo/submodules/fbneo/src/burn/debug_track.cpp:87:55: warning: ISO C++11 does not allow conversion from string literal to 'TCHAR *' (aka 'char *') [-Wwritable-strings]
   87 |         if (Debug_BurnLedInitted)                       bprintf(PRINT_ERROR, _T("BurnLed Not Exited\n"));
      |                                                                                 ^
/home/runner/work/retro-manager/retro-manager/runtime/retropack-runtime-fbneo/submodules/fbneo/src/burn/debug_track.cpp:88:56: warning: ISO C++11 does not allow conversion from string literal to 'TCHAR *' (aka 'char *') [-Wwritable-strings]
   88 |         if (Debug_BurnShiftInitted)             bprintf(PRINT_ERROR, _T("BurnShit Not Exited\n"));
      |                                                                         ^
/home/runner/work/retro-manager/retro-manager/runtime/retropack-runtime-fbneo/submodules/fbneo/src/burn/debug_track.cpp:89:55: warning: ISO C++11 does not allow conversion from string literal to 'TCHAR *' (aka 'char *') [-Wwritable-strings]
   89 |         if (Debug_HiscoreInitted)                       bprintf(PRINT_ERROR, _T("Hiscore Not Exited\n"));
      |                                                                                 ^
/home/runner/work/retro-manager/retro-manager/runtime/retropack-runtime-fbneo/submodules/fbneo/src/burn/debug_track.cpp:90:59: warning: ISO C++11 does not allow conversion from string literal to 'TCHAR *' (aka 'char *') [-Wwritable-strings]
   90 |         if (Debug_GenericTilesInitted)          bprintf(PRINT_ERROR, _T("GenericTiles Not Exited\n"));
      |                                                                         ^
/home/runner/work/retro-manager/retro-manager/runtime/retropack-runtime-fbneo/submodules/fbneo/src/burn/debug_track.cpp:92:57: warning: ISO C++11 does not allow conversion from string literal to 'TCHAR *' (aka 'char *') [-Wwritable-strings]
   92 |         if (DebugDev_8255PPIInitted)            bprintf(PRINT_ERROR, _T("Device 8255PPI Not Exited\n"));
      |                                                                         ^
/home/runner/work/retro-manager/retro-manager/runtime/retropack-runtime-fbneo/submodules/fbneo/src/burn/debug_track.cpp:93:57: warning: ISO C++11 does not allow conversion from string literal to 'TCHAR *' (aka 'char *') [-Wwritable-strings]
   93 |         if (DebugDev_8257DMAInitted)            bprintf(PRINT_ERROR, _T("Device 8257DMA Not Exited\n"));
      |                                                                         ^
/home/runner/work/retro-manager/retro-manager/runtime/retropack-runtime-fbneo/submodules/fbneo/src/burn/debug_track.cpp:94:56: warning: ISO C++11 does not allow conversion from string literal to 'TCHAR *' (aka 'char *') [-Wwritable-strings]
   94 |         if (DebugDev_EEPROMInitted)             bprintf(PRINT_ERROR, _T("Device EEPROM Not Exited\n"));
      |                                                                         ^
/home/runner/work/retro-manager/retro-manager/runtime/retropack-runtime-fbneo/submodules/fbneo/src/burn/debug_track.cpp:95:57: warning: ISO C++11 does not allow conversion from string literal to 'TCHAR *' (aka 'char *') [-Wwritable-strings]
   95 |         if (DebugDev_PandoraInitted)            bprintf(PRINT_ERROR, _T("Device Pandora Not Exited\n"));
      |                                                                         ^
/home/runner/work/retro-manager/retro-manager/runtime/retropack-runtime-fbneo/submodules/fbneo/src/burn/debug_track.cpp:96:58: warning: ISO C++11 does not allow conversion from string literal to 'TCHAR *' (aka 'char *') [-Wwritable-strings]
   96 |         if (DebugDev_SeibuSndInitted)           bprintf(PRINT_ERROR, _T("Device SeibuSnd Not Exited\n"));
      |                                                                         ^
/home/runner/work/retro-manager/retro-manager/runtime/retropack-runtime-fbneo/submodules/fbneo/src/burn/debug_track.cpp:97:57: warning: ISO C++11 does not allow conversion from string literal to 'TCHAR *' (aka 'char *') [-Wwritable-strings]
   97 |         if (DebugDev_SknsSprInitted)            bprintf(PRINT_ERROR, _T("Device SknsSpr Not Exited\n"));
      |                                                                         ^
/home/runner/work/retro-manager/retro-manager/runtime/retropack-runtime-fbneo/submodules/fbneo/src/burn/debug_track.cpp:98:58: warning: ISO C++11 does not allow conversion from string literal to 'TCHAR *' (aka 'char *') [-Wwritable-strings]
   98 |         if (DebugDev_SlapsticInitted)           bprintf(PRINT_ERROR, _T("Device Slapstic Not Exited\n"));
      |                                                                         ^
/home/runner/work/retro-manager/retro-manager/runtime/retropack-runtime-fbneo/submodules/fbneo/src/burn/debug_track.cpp:99:56: warning: ISO C++11 does not allow conversion from string literal to 'TCHAR *' (aka 'char *') [-Wwritable-strings]
   99 |         if (DebugDev_T5182Initted)                      bprintf(PRINT_ERROR, _T("Device T5182 Not Exited\n"));
      |                                                                                 ^
/home/runner/work/retro-manager/retro-manager/runtime/retropack-runtime-fbneo/submodules/fbneo/src/burn/debug_track.cpp:100:57: warning: ISO C++11 does not allow conversion from string literal to 'TCHAR *' (aka 'char *') [-Wwritable-strings]
  100 |         if (DebugDev_TimeKprInitted)            bprintf(PRINT_ERROR, _T("Device TimeKpr Not Exited\n"));
      |                                                                         ^
/home/runner/work/retro-manager/retro-manager/runtime/retropack-runtime-fbneo/submodules/fbneo/src/burn/debug_track.cpp:101:58: warning: ISO C++11 does not allow conversion from string literal to 'TCHAR *' (aka 'char *') [-Wwritable-strings]
  101 |         if (DebugDev_Tms34061Initted)           bprintf(PRINT_ERROR, _T("Device TMS34061 Not Exited\n"));
      |                                                                         ^
/home/runner/work/retro-manager/retro-manager/runtime/retropack-runtime-fbneo/submodules/fbneo/src/burn/debug_track.cpp:102:56: warning: ISO C++11 does not allow conversion from string literal to 'TCHAR *' (aka 'char *') [-Wwritable-strings]
  102 |         if (DebugDev_V3021Initted)                      bprintf(PRINT_ERROR, _T("Device V3021 Not Exited\n"));
      |                                                                                 ^
/home/runner/work/retro-manager/retro-manager/runtime/retropack-runtime-fbneo/submodules/fbneo/src/burn/debug_track.cpp:103:54: warning: ISO C++11 does not allow conversion from string literal to 'TCHAR *' (aka 'char *') [-Wwritable-strings]
  103 |         if (DebugDev_VDCInitted)                        bprintf(PRINT_ERROR, _T("Device VDC Not Exited\n"));
      |                                                                                 ^
/home/runner/work/retro-manager/retro-manager/runtime/retropack-runtime-fbneo/submodules/fbneo/src/burn/debug_track.cpp:105:56: warning: ISO C++11 does not allow conversion from string literal to 'TCHAR *' (aka 'char *') [-Wwritable-strings]
  105 |         if (DebugSnd_AY8910Initted)             bprintf(PRINT_ERROR, _T("Sound Module AY8910 Not Exited\n"));
      |                                                                         ^
/home/runner/work/retro-manager/retro-manager/runtime/retropack-runtime-fbneo/submodules/fbneo/src/burn/debug_track.cpp:106:56: warning: ISO C++11 does not allow conversion from string literal to 'TCHAR *' (aka 'char *') [-Wwritable-strings]
  106 |         if (DebugSnd_Y8950Initted)                      bprintf(PRINT_ERROR, _T("Sound Module Y8950 Not Exited\n"));
      |                                                                                 ^
/home/runner/work/retro-manager/retro-manager/runtime/retropack-runtime-fbneo/submodules/fbneo/src/burn/debug_track.cpp:107:56: warning: ISO C++11 does not allow conversion from string literal to 'TCHAR *' (aka 'char *') [-Wwritable-strings]
  107 |         if (DebugSnd_YM2151Initted)             bprintf(PRINT_ERROR, _T("Sound Module YM2151 Not Exited\n"));
      |                                                                         ^
/home/runner/work/retro-manager/retro-manager/runtime/retropack-runtime-fbneo/submodules/fbneo/src/burn/debug_track.cpp:108:56: warning: ISO C++11 does not allow conversion from string literal to 'TCHAR *' (aka 'char *') [-Wwritable-strings]
  108 |         if (DebugSnd_YM2203Initted)             bprintf(PRINT_ERROR, _T("Sound Module YM2203 Not Exited\n"));
      |                                                                         ^
/home/runner/work/retro-manager/retro-manager/runtime/retropack-runtime-fbneo/submodules/fbneo/src/burn/debug_track.cpp:109:56: warning: ISO C++11 does not allow conversion from string literal to 'TCHAR *' (aka 'char *') [-Wwritable-strings]
  109 |         if (DebugSnd_YM2413Initted)             bprintf(PRINT_ERROR, _T("Sound Module YM2413 Not Exited\n"));
      |                                                                         ^
/home/runner/work/retro-manager/retro-manager/runtime/retropack-runtime-fbneo/submodules/fbneo/src/burn/debug_track.cpp:110:56: warning: ISO C++11 does not allow conversion from string literal to 'TCHAR *' (aka 'char *') [-Wwritable-strings]
  110 |         if (DebugSnd_YM2608Initted)             bprintf(PRINT_ERROR, _T("Sound Module YM2608 Not Exited\n"));
      |                                                                         ^
/home/runner/work/retro-manager/retro-manager/runtime/retropack-runtime-fbneo/submodules/fbneo/src/burn/debug_track.cpp:111:56: warning: ISO C++11 does not allow conversion from string literal to 'TCHAR *' (aka 'char *') [-Wwritable-strings]
  111 |         if (DebugSnd_YM2610Initted)             bprintf(PRINT_ERROR, _T("Sound Module YM2610 Not Exited\n"));
      |                                                                         ^
/home/runner/work/retro-manager/retro-manager/runtime/retropack-runtime-fbneo/submodules/fbneo/src/burn/debug_track.cpp:112:56: warning: ISO C++11 does not allow conversion from string literal to 'TCHAR *' (aka 'char *') [-Wwritable-strings]
  112 |         if (DebugSnd_YM2612Initted)             bprintf(PRINT_ERROR, _T("Sound Module YM2612 Not Exited\n"));
      |                                                                         ^
/home/runner/work/retro-manager/retro-manager/runtime/retropack-runtime-fbneo/submodules/fbneo/src/burn/debug_track.cpp:113:56: warning: ISO C++11 does not allow conversion from string literal to 'TCHAR *' (aka 'char *') [-Wwritable-strings]
  113 |         if (DebugSnd_YM3526Initted)             bprintf(PRINT_ERROR, _T("Sound Module YM3526 Not Exited\n"));
      |                                                                         ^
/home/runner/work/retro-manager/retro-manager/runtime/retropack-runtime-fbneo/submodules/fbneo/src/burn/debug_track.cpp:114:56: warning: ISO C++11 does not allow conversion from string literal to 'TCHAR *' (aka 'char *') [-Wwritable-strings]
  114 |         if (DebugSnd_YM3812Initted)             bprintf(PRINT_ERROR, _T("Sound Module YM3812 Not Exited\n"));
      |                                                                         ^
/home/runner/work/retro-manager/retro-manager/runtime/retropack-runtime-fbneo/submodules/fbneo/src/burn/debug_track.cpp:115:57: warning: ISO C++11 does not allow conversion from string literal to 'TCHAR *' (aka 'char *') [-Wwritable-strings]
  115 |         if (DebugSnd_YMF278BInitted)            bprintf(PRINT_ERROR, _T("Sound Module YMF278B Not Exited\n"));
      |                                                                         ^
/home/runner/work/retro-manager/retro-manager/runtime/retropack-runtime-fbneo/submodules/fbneo/src/burn/debug_track.cpp:116:56: warning: ISO C++11 does not allow conversion from string literal to 'TCHAR *' (aka 'char *') [-Wwritable-strings]
  116 |         if (DebugSnd_YMF262Initted)             bprintf(PRINT_ERROR, _T("Sound Module YMF262 Not Exited\n"));
      |                                                                         ^
/home/runner/work/retro-manager/retro-manager/runtime/retropack-runtime-fbneo/submodules/fbneo/src/burn/debug_track.cpp:117:56: warning: ISO C++11 does not allow conversion from string literal to 'TCHAR *' (aka 'char *') [-Wwritable-strings]
  117 |         if (DebugSnd_YMF271Initted)             bprintf(PRINT_ERROR, _T("Sound Module YMF271 Not Exited\n"));
      |                                                                         ^
/home/runner/work/retro-manager/retro-manager/runtime/retropack-runtime-fbneo/submodules/fbneo/src/burn/debug_track.cpp:118:56: warning: ISO C++11 does not allow conversion from string literal to 'TCHAR *' (aka 'char *') [-Wwritable-strings]
  118 |         if (DebugSnd_C6280Initted)                      bprintf(PRINT_ERROR, _T("Sound Module C6280 Not Exited\n"));
      |                                                                                 ^
/home/runner/work/retro-manager/retro-manager/runtime/retropack-runtime-fbneo/submodules/fbneo/src/burn/debug_track.cpp:119:54: warning: ISO C++11 does not allow conversion from string literal to 'TCHAR *' (aka 'char *') [-Wwritable-strings]
  119 |         if (DebugSnd_DACInitted)                        bprintf(PRINT_ERROR, _T("Sound Module DAC Not Exited\n"));
      |                                                                                 ^
/home/runner/work/retro-manager/retro-manager/runtime/retropack-runtime-fbneo/submodules/fbneo/src/burn/debug_track.cpp:120:56: warning: ISO C++11 does not allow conversion from string literal to 'TCHAR *' (aka 'char *') [-Wwritable-strings]
  120 |         if (DebugSnd_ES5506Initted)             bprintf(PRINT_ERROR, _T("Sound Module ES5506 Not Exited\n"));
      |                                                                         ^
/home/runner/work/retro-manager/retro-manager/runtime/retropack-runtime-fbneo/submodules/fbneo/src/burn/debug_track.cpp:121:56: warning: ISO C++11 does not allow conversion from string literal to 'TCHAR *' (aka 'char *') [-Wwritable-strings]
  121 |         if (DebugSnd_ES8712Initted)             bprintf(PRINT_ERROR, _T("Sound Module ES8712 Not Exited\n"));
      |                                                                         ^
/home/runner/work/retro-manager/retro-manager/runtime/retropack-runtime-fbneo/submodules/fbneo/src/burn/debug_track.cpp:122:57: warning: ISO C++11 does not allow conversion from string literal to 'TCHAR *' (aka 'char *') [-Wwritable-strings]
  122 |         if (DebugSnd_FilterRCInitted)           bprintf(PRINT_ERROR, _T("Sound Module Filter RC Not Exited\n"));
      |                                                                         ^
/home/runner/work/retro-manager/retro-manager/runtime/retropack-runtime-fbneo/submodules/fbneo/src/burn/debug_track.cpp:123:57: warning: ISO C++11 does not allow conversion from string literal to 'TCHAR *' (aka 'char *') [-Wwritable-strings]
  123 |         if (DebugSnd_ICS2115Initted)            bprintf(PRINT_ERROR, _T("Sound Module ICS2115 Not Exited\n"));
      |                                                                         ^
/home/runner/work/retro-manager/retro-manager/runtime/retropack-runtime-fbneo/submodules/fbneo/src/burn/debug_track.cpp:124:58: warning: ISO C++11 does not allow conversion from string literal to 'TCHAR *' (aka 'char *') [-Wwritable-strings]
  124 |         if (DebugSnd_IremGA20Initted)           bprintf(PRINT_ERROR, _T("Sound Module IremGA20 Not Exited\n"));
      |                                                                         ^
/home/runner/work/retro-manager/retro-manager/runtime/retropack-runtime-fbneo/submodules/fbneo/src/burn/debug_track.cpp:125:57: warning: ISO C++11 does not allow conversion from string literal to 'TCHAR *' (aka 'char *') [-Wwritable-strings]
  125 |         if (DebugSnd_K005289Initted)            bprintf(PRINT_ERROR, _T("Sound Module K005289 Not Exited\n"));
      |                                                                         ^
/home/runner/work/retro-manager/retro-manager/runtime/retropack-runtime-fbneo/submodules/fbneo/src/burn/debug_track.cpp:126:57: warning: ISO C++11 does not allow conversion from string literal to 'TCHAR *' (aka 'char *') [-Wwritable-strings]
  126 |         if (DebugSnd_K007232Initted)            bprintf(PRINT_ERROR, _T("Sound Module K007232 Not Exited\n"));
      |                                                                         ^
/home/runner/work/retro-manager/retro-manager/runtime/retropack-runtime-fbneo/submodules/fbneo/src/burn/debug_track.cpp:127:57: warning: ISO C++11 does not allow conversion from string literal to 'TCHAR *' (aka 'char *') [-Wwritable-strings]
  127 |         if (DebugSnd_K051649Initted)            bprintf(PRINT_ERROR, _T("Sound Module K051649 Not Exited\n"));
      |                                                                         ^
/home/runner/work/retro-manager/retro-manager/runtime/retropack-runtime-fbneo/submodules/fbneo/src/burn/debug_track.cpp:128:57: warning: ISO C++11 does not allow conversion from string literal to 'TCHAR *' (aka 'char *') [-Wwritable-strings]
  128 |         if (DebugSnd_K053260Initted)            bprintf(PRINT_ERROR, _T("Sound Module K053260 Not Exited\n"));
      |                                                                         ^
/home/runner/work/retro-manager/retro-manager/runtime/retropack-runtime-fbneo/submodules/fbneo/src/burn/debug_track.cpp:129:57: warning: ISO C++11 does not allow conversion from string literal to 'TCHAR *' (aka 'char *') [-Wwritable-strings]
  129 |         if (DebugSnd_K054539Initted)            bprintf(PRINT_ERROR, _T("Sound Module K054539 Not Exited\n"));
      |                                                                         ^
/home/runner/work/retro-manager/retro-manager/runtime/retropack-runtime-fbneo/submodules/fbneo/src/burn/debug_track.cpp:130:57: warning: ISO C++11 does not allow conversion from string literal to 'TCHAR *' (aka 'char *') [-Wwritable-strings]
  130 |         if (DebugSnd_MSM5205Initted)            bprintf(PRINT_ERROR, _T("Sound Module MSM5205 Not Exited\n"));
      |                                                                         ^
/home/runner/work/retro-manager/retro-manager/runtime/retropack-runtime-fbneo/submodules/fbneo/src/burn/debug_track.cpp:131:57: warning: ISO C++11 does not allow conversion from string literal to 'TCHAR *' (aka 'char *') [-Wwritable-strings]
  131 |         if (DebugSnd_MSM5232Initted)            bprintf(PRINT_ERROR, _T("Sound Module MSM5232 Not Exited\n"));
      |                                                                         ^
/home/runner/work/retro-manager/retro-manager/runtime/retropack-runtime-fbneo/submodules/fbneo/src/burn/debug_track.cpp:132:57: warning: ISO C++11 does not allow conversion from string literal to 'TCHAR *' (aka 'char *') [-Wwritable-strings]
  132 |         if (DebugSnd_MSM6295Initted)            bprintf(PRINT_ERROR, _T("Sound Module MSM6295 Not Exited\n"));
      |                                                                         ^
/home/runner/work/retro-manager/retro-manager/runtime/retropack-runtime-fbneo/submodules/fbneo/src/burn/debug_track.cpp:133:58: warning: ISO C++11 does not allow conversion from string literal to 'TCHAR *' (aka 'char *') [-Wwritable-strings]
  133 |         if (DebugSnd_NamcoSndInitted)           bprintf(PRINT_ERROR, _T("Sound Module NamcoSnd Not Exited\n"));
      |                                                                         ^
/home/runner/work/retro-manager/retro-manager/runtime/retropack-runtime-fbneo/submodules/fbneo/src/burn/debug_track.cpp:134:59: warning: ISO C++11 does not allow conversion from string literal to 'TCHAR *' (aka 'char *') [-Wwritable-strings]
  134 |         if (DebugSnd_NESAPUSndInitted)          bprintf(PRINT_ERROR, _T("Sound Module NESAPUSnd Not Exited\n"));
      |                                                                         ^
/home/runner/work/retro-manager/retro-manager/runtime/retropack-runtime-fbneo/submodules/fbneo/src/burn/debug_track.cpp:135:57: warning: ISO C++11 does not allow conversion from string literal to 'TCHAR *' (aka 'char *') [-Wwritable-strings]
  135 |         if (DebugSnd_SAA1099Initted)            bprintf(PRINT_ERROR, _T("Sound Module SAA1099 Not Exited\n"));
      |                                                                         ^
/home/runner/work/retro-manager/retro-manager/runtime/retropack-runtime-fbneo/submodules/fbneo/src/burn/debug_track.cpp:136:57: warning: ISO C++11 does not allow conversion from string literal to 'TCHAR *' (aka 'char *') [-Wwritable-strings]
  136 |         if (DebugSnd_SamplesInitted)            bprintf(PRINT_ERROR, _T("Sound Module Samples Not Exited\n"));
      |                                                                         ^
/home/runner/work/retro-manager/retro-manager/runtime/retropack-runtime-fbneo/submodules/fbneo/src/burn/debug_track.cpp:137:57: warning: ISO C++11 does not allow conversion from string literal to 'TCHAR *' (aka 'char *') [-Wwritable-strings]
  137 |         if (DebugSnd_SegaPCMInitted)            bprintf(PRINT_ERROR, _T("Sound Module SegaPCM Not Exited\n"));
      |                                                                         ^
/home/runner/work/retro-manager/retro-manager/runtime/retropack-runtime-fbneo/submodules/fbneo/src/burn/debug_track.cpp:138:57: warning: ISO C++11 does not allow conversion from string literal to 'TCHAR *' (aka 'char *') [-Wwritable-strings]
  138 |         if (DebugSnd_SN76496Initted)            bprintf(PRINT_ERROR, _T("Sound Module SN76496 Not Exited\n"));
      |                                                                         ^
/home/runner/work/retro-manager/retro-manager/runtime/retropack-runtime-fbneo/submodules/fbneo/src/burn/debug_track.cpp:139:57: warning: ISO C++11 does not allow conversion from string literal to 'TCHAR *' (aka 'char *') [-Wwritable-strings]
  139 |         if (DebugSnd_UPD7759Initted)            bprintf(PRINT_ERROR, _T("Sound Module UPD7759 Not Exited\n"));
      |                                                                         ^
/home/runner/work/retro-manager/retro-manager/runtime/retropack-runtime-fbneo/submodules/fbneo/src/burn/debug_track.cpp:140:57: warning: ISO C++11 does not allow conversion from string literal to 'TCHAR *' (aka 'char *') [-Wwritable-strings]
  140 |         if (DebugSnd_VLM5030Initted)            bprintf(PRINT_ERROR, _T("Sound Module VLM5030 Not Exited\n"));
      |                                                                         ^
/home/runner/work/retro-manager/retro-manager/runtime/retropack-runtime-fbneo/submodules/fbneo/src/burn/debug_track.cpp:141:56: warning: ISO C++11 does not allow conversion from string literal to 'TCHAR *' (aka 'char *') [-Wwritable-strings]
  141 |         if (DebugSnd_X1010Initted)                      bprintf(PRINT_ERROR, _T("Sound Module X1010 Not Exited\n"));
      |                                                                                 ^
/home/runner/work/retro-manager/retro-manager/runtime/retropack-runtime-fbneo/submodules/fbneo/src/burn/debug_track.cpp:142:57: warning: ISO C++11 does not allow conversion from string literal to 'TCHAR *' (aka 'char *') [-Wwritable-strings]
  142 |         if (DebugSnd_YMZ280BInitted)            bprintf(PRINT_ERROR, _T("Sound Module YMZ280B Not Exited\n"));
      |                                                                         ^
/home/runner/work/retro-manager/retro-manager/runtime/retropack-runtime-fbneo/submodules/fbneo/src/burn/debug_track.cpp:144:55: warning: ISO C++11 does not allow conversion from string literal to 'TCHAR *' (aka 'char *') [-Wwritable-strings]
  144 |         if (DebugCPU_ARM7Initted)                       bprintf(PRINT_ERROR, _T("CPU ARM7 Not Exited\n"));
      |                                                                                 ^
/home/runner/work/retro-manager/retro-manager/runtime/retropack-runtime-fbneo/submodules/fbneo/src/burn/debug_track.cpp:145:55: warning: ISO C++11 does not allow conversion from string literal to 'TCHAR *' (aka 'char *') [-Wwritable-strings]
  145 |         if (DebugCPU_ARM9Initted)                       bprintf(PRINT_ERROR, _T("CPU ARM9 Not Exited\n"));
      |                                                                                 ^
/home/runner/work/retro-manager/retro-manager/runtime/retropack-runtime-fbneo/submodules/fbneo/src/burn/debug_track.cpp:146:54: warning: ISO C++11 does not allow conversion from string literal to 'TCHAR *' (aka 'char *') [-Wwritable-strings]
  146 |         if (DebugCPU_ARMInitted)                        bprintf(PRINT_ERROR, _T("CPU ARM Not Exited\n"));
      |                                                                                 ^
/home/runner/work/retro-manager/retro-manager/runtime/retropack-runtime-fbneo/submodules/fbneo/src/burn/debug_track.cpp:147:56: warning: ISO C++11 does not allow conversion from string literal to 'TCHAR *' (aka 'char *') [-Wwritable-strings]
  147 |         if (DebugCPU_H6280Initted)                      bprintf(PRINT_ERROR, _T("CPU H6280 Not Exited\n"));
      |                                                                                 ^
/home/runner/work/retro-manager/retro-manager/runtime/retropack-runtime-fbneo/submodules/fbneo/src/burn/debug_track.cpp:148:56: warning: ISO C++11 does not allow conversion from string literal to 'TCHAR *' (aka 'char *') [-Wwritable-strings]
  148 |         if (DebugCPU_HD6309Initted)             bprintf(PRINT_ERROR, _T("CPU HD6309 Not Exited\n"));
      |                                                                         ^
/home/runner/work/retro-manager/retro-manager/runtime/retropack-runtime-fbneo/submodules/fbneo/src/burn/debug_track.cpp:149:56: warning: ISO C++11 does not allow conversion from string literal to 'TCHAR *' (aka 'char *') [-Wwritable-strings]
  149 |         if (DebugCPU_KonamiInitted)             bprintf(PRINT_ERROR, _T("CPU Konami Not Exited\n"));
      |                                                                         ^
/home/runner/work/retro-manager/retro-manager/runtime/retropack-runtime-fbneo/submodules/fbneo/src/burn/debug_track.cpp:150:56: warning: ISO C++11 does not allow conversion from string literal to 'TCHAR *' (aka 'char *') [-Wwritable-strings]
  150 |         if (DebugCPU_M6502Initted)                      bprintf(PRINT_ERROR, _T("CPU M6502 Not Exited\n"));
      |                                                                                 ^
/home/runner/work/retro-manager/retro-manager/runtime/retropack-runtime-fbneo/submodules/fbneo/src/burn/debug_track.cpp:151:56: warning: ISO C++11 does not allow conversion from string literal to 'TCHAR *' (aka 'char *') [-Wwritable-strings]
  151 |         if (DebugCPU_M6800Initted)                      bprintf(PRINT_ERROR, _T("CPU M6800 Not Exited\n"));
      |                                                                                 ^
/home/runner/work/retro-manager/retro-manager/runtime/retropack-runtime-fbneo/submodules/fbneo/src/burn/debug_track.cpp:152:56: warning: ISO C++11 does not allow conversion from string literal to 'TCHAR *' (aka 'char *') [-Wwritable-strings]
  152 |         if (DebugCPU_M6805Initted)                      bprintf(PRINT_ERROR, _T("CPU M6805 Not Exited\n"));
      |                                                                                 ^
/home/runner/work/retro-manager/retro-manager/runtime/retropack-runtime-fbneo/submodules/fbneo/src/burn/debug_track.cpp:153:56: warning: ISO C++11 does not allow conversion from string literal to 'TCHAR *' (aka 'char *') [-Wwritable-strings]
  153 |         if (DebugCPU_M6809Initted)                      bprintf(PRINT_ERROR, _T("CPU M6809 Not Exited\n"));
      |                                                                                 ^
/home/runner/work/retro-manager/retro-manager/runtime/retropack-runtime-fbneo/submodules/fbneo/src/burn/debug_track.cpp:154:56: warning: ISO C++11 does not allow conversion from string literal to 'TCHAR *' (aka 'char *') [-Wwritable-strings]
  154 |         if (DebugCPU_S2650Initted)                      bprintf(PRINT_ERROR, _T("CPU S2650 Not Exited\n"));
      |                                                                                 ^
/home/runner/work/retro-manager/retro-manager/runtime/retropack-runtime-fbneo/submodules/fbneo/src/burn/debug_track.cpp:155:54: warning: ISO C++11 does not allow conversion from string literal to 'TCHAR *' (aka 'char *') [-Wwritable-strings]
  155 |         if (DebugCPU_SekInitted)                        bprintf(PRINT_ERROR, _T("CPU Sek Not Exited\n"));
      |                                                                                 ^
/home/runner/work/retro-manager/retro-manager/runtime/retropack-runtime-fbneo/submodules/fbneo/src/burn/debug_track.cpp:156:54: warning: ISO C++11 does not allow conversion from string literal to 'TCHAR *' (aka 'char *') [-Wwritable-strings]
  156 |         if (DebugCPU_VezInitted)                        bprintf(PRINT_ERROR, _T("CPU Vez Not Exited\n"));
      |                                                                                 ^
/home/runner/work/retro-manager/retro-manager/runtime/retropack-runtime-fbneo/submodules/fbneo/src/burn/debug_track.cpp:157:54: warning: ISO C++11 does not allow conversion from string literal to 'TCHAR *' (aka 'char *') [-Wwritable-strings]
  157 |         if (DebugCPU_ZetInitted)                        bprintf(PRINT_ERROR, _T("CPU Zet Not Exited\n"));
      |                                                                                 ^
/home/runner/work/retro-manager/retro-manager/runtime/retropack-runtime-fbneo/submodules/fbneo/src/burn/debug_track.cpp:158:57: warning: ISO C++11 does not allow conversion from string literal to 'TCHAR *' (aka 'char *') [-Wwritable-strings]
  158 |         if (DebugCPU_PIC16C5XInitted)           bprintf(PRINT_ERROR, _T("CPU PIC16C5X Not Exited\n"));
      |                                                                         ^
/home/runner/work/retro-manager/retro-manager/runtime/retropack-runtime-fbneo/submodules/fbneo/src/burn/debug_track.cpp:159:56: warning: ISO C++11 does not allow conversion from string literal to 'TCHAR *' (aka 'char *') [-Wwritable-strings]
  159 |         if (DebugCPU_I8039Initted)                      bprintf(PRINT_ERROR, _T("CPU I8039 Not Exited\n"));
      |                                                                                 ^
/home/runner/work/retro-manager/retro-manager/runtime/retropack-runtime-fbneo/submodules/fbneo/src/burn/debug_track.cpp:160:54: warning: ISO C++11 does not allow conversion from string literal to 'TCHAR *' (aka 'char *') [-Wwritable-strings]
  160 |         if (DebugCPU_SH2Initted)                        bprintf(PRINT_ERROR, _T("CPU SH2 Not Exited\n"));
      |                                                                                 ^
75 warnings generated.
[7/46] Building CXX object CMakeFiles/retropack-runtime-fbneo.dir/submodules/fbneo/src/burn/cheat.cpp.o
In file included from /home/runner/work/retro-manager/retro-manager/runtime/retropack-runtime-fbneo/submodules/fbneo/src/burn/cheat.cpp:4:
In file included from /home/runner/work/retro-manager/retro-manager/runtime/retropack-runtime-fbneo/submodules/fbneo/src/burn/burnint.h:17:
/home/runner/work/retro-manager/retro-manager/runtime/retropack-runtime-fbneo/submodules/fbneo/src/burn/devices/joyprocess.h:70:3: warning: ISO C++11 does not allow conversion from string literal to 'char *' [-Wwritable-strings]
   70 |                 SCAN_VAR(state);
      |                 ^
/home/runner/work/retro-manager/retro-manager/runtime/retropack-runtime-fbneo/submodules/fbneo/src/burn/state.h:72:44: note: expanded from macro 'SCAN_VAR'
   72 | #define SCAN_VAR(x) ScanVar(&x, sizeof(x), #x)
      |                                            ^
<scratch space>:117:1: note: expanded from here
  117 | "state"
      | ^
In file included from /home/runner/work/retro-manager/retro-manager/runtime/retropack-runtime-fbneo/submodules/fbneo/src/burn/cheat.cpp:4:
In file included from /home/runner/work/retro-manager/retro-manager/runtime/retropack-runtime-fbneo/submodules/fbneo/src/burn/burnint.h:17:
/home/runner/work/retro-manager/retro-manager/runtime/retropack-runtime-fbneo/submodules/fbneo/src/burn/devices/joyprocess.h:71:3: warning: ISO C++11 does not allow conversion from string literal to 'char *' [-Wwritable-strings]
   71 |                 SCAN_VAR(last_state);
      |                 ^
/home/runner/work/retro-manager/retro-manager/runtime/retropack-runtime-fbneo/submodules/fbneo/src/burn/state.h:72:44: note: expanded from macro 'SCAN_VAR'
   72 | #define SCAN_VAR(x) ScanVar(&x, sizeof(x), #x)
      |                                            ^
<scratch space>:118:1: note: expanded from here
  118 | "last_state"
      | ^
/home/runner/work/retro-manager/retro-manager/runtime/retropack-runtime-fbneo/submodules/fbneo/src/burn/cheat.cpp:86:16: warning: ISO C++11 does not allow conversion from string literal to 'TCHAR *' (aka 'char *') [-Wwritable-strings]
   86 |         bprintf(0, _T("CPU-registry: %s cpu #%d ...\n"), s_ptr->cpuconfig->cpu_name, nCPU);
      |                       ^
/home/runner/work/retro-manager/retro-manager/runtime/retropack-runtime-fbneo/submodules/fbneo/src/burn/cheat.cpp:132:18: warning: ISO C++11 does not allow conversion from string literal to 'TCHAR *' (aka 'char *') [-Wwritable-strings]
  132 |                         bprintf(0, _T("NES-Cheat #%d, option #%d: "), nCheat, pCurrentCheat->nCurrent);
      |                                       ^
/home/runner/work/retro-manager/retro-manager/runtime/retropack-runtime-fbneo/submodules/fbneo/src/burn/cheat.cpp:199:22: warning: ISO C++11 does not allow conversion from string literal to 'TCHAR *' (aka 'char *') [-Wwritable-strings]
  199 |                                                         bprintf(0, _T("Cheat #%d, option #%d. action: "), nCheat, nOption);
      |                                                                       ^
/home/runner/work/retro-manager/retro-manager/runtime/retropack-runtime-fbneo/submodules/fbneo/src/burn/cheat.cpp:200:22: warning: ISO C++11 does not allow conversion from string literal to 'TCHAR *' (aka 'char *') [-Wwritable-strings]
  200 |                                                         bprintf(0, _T("Undo cheat @ 0x%X -> 0x%X.\n"), pAddressInfo->nAddress, pAddressInfo->nOriginalValue);
      |                                                                       ^
/home/runner/work/retro-manager/retro-manager/runtime/retropack-runtime-fbneo/submodules/fbneo/src/burn/cheat.cpp:225:21: warning: ISO C++11 does not allow conversion from string literal to 'TCHAR *' (aka 'char *') [-Wwritable-strings]
  225 |                                                 bprintf(0, _T("NES-Cheat #%d, option #%d: "), nCheat, nOption);
      |                                                               ^
/home/runner/work/retro-manager/retro-manager/runtime/retropack-runtime-fbneo/submodules/fbneo/src/burn/cheat.cpp:242:21: warning: ISO C++11 does not allow conversion from string literal to 'TCHAR *' (aka 'char *') [-Wwritable-strings]
  242 |                                                 bprintf(0, _T("Cheat #%d, option #%d. action: "), nCheat, nOption);
      |                                                               ^
/home/runner/work/retro-manager/retro-manager/runtime/retropack-runtime-fbneo/submodules/fbneo/src/burn/cheat.cpp:245:22: warning: ISO C++11 does not allow conversion from string literal to 'TCHAR *' (aka 'char *') [-Wwritable-strings]
  245 |                                                         bprintf(0, _T("Watch memory @ 0x%X (0x%X)\n"), pAddressInfo->nAddress, pAddressInfo->nOriginalValue);
      |                                                                       ^
/home/runner/work/retro-manager/retro-manager/runtime/retropack-runtime-fbneo/submodules/fbneo/src/burn/cheat.cpp:248:23: warning: ISO C++11 does not allow conversion from string literal to 'TCHAR *' (aka 'char *') [-Wwritable-strings]
  248 |                                                                 bprintf(0, _T("Apply cheat @ 0x%X -> 0x%X. (Before 0x%X - One-Shot mode)\n"), pAddressInfo->nAddress, pAddressInfo->nValue, pAddressInfo->nOriginalValue);
      |                                                                               ^
/home/runner/work/retro-manager/retro-manager/runtime/retropack-runtime-fbneo/submodules/fbneo/src/burn/cheat.cpp:254:25: warning: ISO C++11 does not allow conversion from string literal to 'TCHAR *' (aka 'char *') [-Wwritable-strings]
  254 |                                                                                 bprintf(0, _T("Apply cheat @ %s pointer ([0x%X] + 0x%x + %x) -> 0x%X.\n"), nBits[pAddressInfo->nRelAddressBits & 3], pAddressInfo->nAddress, pAddressInfo->nRelAddressOffset, pAddressInfo->nMultiByte, pAddressInfo->nValue);
      |                                                                                               ^
/home/runner/work/retro-manager/retro-manager/runtime/retropack-runtime-fbneo/submodules/fbneo/src/burn/cheat.cpp:256:25: warning: ISO C++11 does not allow conversion from string literal to 'TCHAR *' (aka 'char *') [-Wwritable-strings]
  256 |                                                                                 bprintf(0, _T("Apply cheat @ %s pointer ([0x%X] + 0x%x) -> 0x%X.\n"), nBits[pAddressInfo->nRelAddressBits & 3], pAddressInfo->nAddress, pAddressInfo->nRelAddressOffset, pAddressInfo->nValue);
      |                                                                                               ^
/home/runner/work/retro-manager/retro-manager/runtime/retropack-runtime-fbneo/submodules/fbneo/src/burn/cheat.cpp:260:24: warning: ISO C++11 does not allow conversion from string literal to 'TCHAR *' (aka 'char *') [-Wwritable-strings]
  260 |                                                                         bprintf(0, _T("Apply cheat @ 0x%X -> 0x%X. (Undo 0x%X)\n"), pAddressInfo->nAddress, pAddressInfo->nValue, pAddressInfo->nOriginalValue);
      |                                                                                       ^
/home/runner/work/retro-manager/retro-manager/runtime/retropack-runtime-fbneo/submodules/fbneo/src/burn/cheat.cpp:264:22: warning: ISO C++11 does not allow conversion from string literal to 'TCHAR *' (aka 'char *') [-Wwritable-strings]
  264 |                                                         bprintf(0, _T(" - Triggered by: Waiting for modification!\n"));
      |                                                                       ^
/home/runner/work/retro-manager/retro-manager/runtime/retropack-runtime-fbneo/submodules/fbneo/src/burn/cheat.cpp:266:22: warning: ISO C++11 does not allow conversion from string literal to 'TCHAR *' (aka 'char *') [-Wwritable-strings]
  266 |                                                         bprintf(0, _T(" - Triggered by: Waiting for Match memory with extended!\n"));
      |                                                                       ^
/home/runner/work/retro-manager/retro-manager/runtime/retropack-runtime-fbneo/submodules/fbneo/src/burn/cheat.cpp:366:22: warning: ISO C++11 does not allow conversion from string literal to 'TCHAR *' (aka 'char *') [-Wwritable-strings]
  366 |                                                         bprintf(0, _T(" - Address modified! previous = %X now = %X\n"),pAddressInfo->nOriginalValue, nValNow);
      |                                                                       ^
/home/runner/work/retro-manager/retro-manager/runtime/retropack-runtime-fbneo/submodules/fbneo/src/burn/cheat.cpp:375:22: warning: ISO C++11 does not allow conversion from string literal to 'TCHAR *' (aka 'char *') [-Wwritable-strings]
  375 |                                                         bprintf(0, _T(" - Address Matched! previous = %X now = %X\n"),pAddressInfo->nOriginalValue, nValNow);
      |                                                                       ^
/home/runner/work/retro-manager/retro-manager/runtime/retropack-runtime-fbneo/submodules/fbneo/src/burn/cheat.cpp:431:20: warning: ISO C++11 does not allow conversion from string literal to 'TCHAR *' (aka 'char *') [-Wwritable-strings]
  431 |                                         bprintf(0, _T("One-Shot cheat #%d ends.\n"), nCurrentCheat);
      |                                                       ^
/home/runner/work/retro-manager/retro-manager/runtime/retropack-runtime-fbneo/submodules/fbneo/src/burn/cheat.cpp:454:16: warning: ISO C++11 does not allow conversion from string literal to 'TCHAR *' (aka 'char *') [-Wwritable-strings]
  454 |         bprintf(0, _T("Cheat cpu-register INIT.\n"));
      |                       ^
/home/runner/work/retro-manager/retro-manager/runtime/retropack-runtime-fbneo/submodules/fbneo/src/burn/cheat.cpp:523:17: warning: ISO C++11 does not allow conversion from string literal to 'TCHAR *' (aka 'char *') [-Wwritable-strings]
  523 |                 bprintf(0, _T("*  CPU memory range too huge, can't cheat search.\n"));
      |                               ^
/home/runner/work/retro-manager/retro-manager/runtime/retropack-runtime-fbneo/submodules/fbneo/src/burn/cheat.cpp:536:25: warning: ISO C++11 does not allow conversion from string literal to 'char *' [-Wwritable-strings]
  536 |         MemoryValues = (UINT8*)BurnMalloc(nMemorySize);
      |                                ^
/home/runner/work/retro-manager/retro-manager/runtime/retropack-runtime-fbneo/submodules/fbneo/src/burn/burnint.h:199:38: note: expanded from macro 'BurnMalloc'
  199 | #define BurnMalloc(x) _BurnMalloc(x, __FILE__, __LINE__)
      |                                      ^
<scratch space>:124:1: note: expanded from here
  124 | "/home/runner/work/retro-manager/retro-manager/runtime/retropack-runtime-fbneo/submodules/fbneo/src/burn/cheat.cpp"
      | ^
/home/runner/work/retro-manager/retro-manager/runtime/retropack-runtime-fbneo/submodules/fbneo/src/burn/cheat.cpp:537:25: warning: ISO C++11 does not allow conversion from string literal to 'char *' [-Wwritable-strings]
  537 |         MemoryStatus = (UINT8*)BurnMalloc(nMemorySize);
      |                                ^
/home/runner/work/retro-manager/retro-manager/runtime/retropack-runtime-fbneo/submodules/fbneo/src/burn/burnint.h:199:38: note: expanded from macro 'BurnMalloc'
  199 | #define BurnMalloc(x) _BurnMalloc(x, __FILE__, __LINE__)
      |                                      ^
<scratch space>:126:1: note: expanded from here
  126 | "/home/runner/work/retro-manager/retro-manager/runtime/retropack-runtime-fbneo/submodules/fbneo/src/burn/cheat.cpp"
      | ^
22 warnings generated.
[8/46] Building CXX object CMakeFiles/retropack-runtime-fbneo.dir/submodules/fbneo/src/burn/burn_gun.cpp.o
In file included from /home/runner/work/retro-manager/retro-manager/runtime/retropack-runtime-fbneo/submodules/fbneo/src/burn/burn_gun.cpp:1:
In file included from /home/runner/work/retro-manager/retro-manager/runtime/retropack-runtime-fbneo/submodules/fbneo/src/burn/burnint.h:17:
/home/runner/work/retro-manager/retro-manager/runtime/retropack-runtime-fbneo/submodules/fbneo/src/burn/devices/joyprocess.h:70:3: warning: ISO C++11 does not allow conversion from string literal to 'char *' [-Wwritable-strings]
   70 |                 SCAN_VAR(state);
      |                 ^
/home/runner/work/retro-manager/retro-manager/runtime/retropack-runtime-fbneo/submodules/fbneo/src/burn/state.h:72:44: note: expanded from macro 'SCAN_VAR'
   72 | #define SCAN_VAR(x) ScanVar(&x, sizeof(x), #x)
      |                                            ^
<scratch space>:117:1: note: expanded from here
  117 | "state"
      | ^
In file included from /home/runner/work/retro-manager/retro-manager/runtime/retropack-runtime-fbneo/submodules/fbneo/src/burn/burn_gun.cpp:1:
In file included from /home/runner/work/retro-manager/retro-manager/runtime/retropack-runtime-fbneo/submodules/fbneo/src/burn/burnint.h:17:
/home/runner/work/retro-manager/retro-manager/runtime/retropack-runtime-fbneo/submodules/fbneo/src/burn/devices/joyprocess.h:71:3: warning: ISO C++11 does not allow conversion from string literal to 'char *' [-Wwritable-strings]
   71 |                 SCAN_VAR(last_state);
      |                 ^
/home/runner/work/retro-manager/retro-manager/runtime/retropack-runtime-fbneo/submodules/fbneo/src/burn/state.h:72:44: note: expanded from macro 'SCAN_VAR'
   72 | #define SCAN_VAR(x) ScanVar(&x, sizeof(x), #x)
      |                                            ^
<scratch space>:118:1: note: expanded from here
  118 | "last_state"
      | ^
/home/runner/work/retro-manager/retro-manager/runtime/retropack-runtime-fbneo/submodules/fbneo/src/burn/burn_gun.cpp:450:17: warning: ISO C++11 does not allow conversion from string literal to 'TCHAR *' (aka 'char *') [-Wwritable-strings]
  450 |                 bprintf(0, _T("BurnTrackballReadInterpolated(): Max_Scanlines not set!\n"));
      |                               ^
/home/runner/work/retro-manager/retro-manager/runtime/retropack-runtime-fbneo/submodules/fbneo/src/burn/burn_gun.cpp:695:3: warning: ISO C++11 does not allow conversion from string literal to 'char *' [-Wwritable-strings]
  695 |                 SCAN_VAR(BurnPaddleX);
      |                 ^
/home/runner/work/retro-manager/retro-manager/runtime/retropack-runtime-fbneo/submodules/fbneo/src/burn/state.h:72:44: note: expanded from macro 'SCAN_VAR'
   72 | #define SCAN_VAR(x) ScanVar(&x, sizeof(x), #x)
      |                                            ^
<scratch space>:423:1: note: expanded from here
  423 | "BurnPaddleX"
      | ^
/home/runner/work/retro-manager/retro-manager/runtime/retropack-runtime-fbneo/submodules/fbneo/src/burn/burn_gun.cpp:696:3: warning: ISO C++11 does not allow conversion from string literal to 'char *' [-Wwritable-strings]
  696 |                 SCAN_VAR(BurnPaddleY);
      |                 ^
/home/runner/work/retro-manager/retro-manager/runtime/retropack-runtime-fbneo/submodules/fbneo/src/burn/state.h:72:44: note: expanded from macro 'SCAN_VAR'
   72 | #define SCAN_VAR(x) ScanVar(&x, sizeof(x), #x)
      |                                            ^
<scratch space>:424:1: note: expanded from here
  424 | "BurnPaddleY"
      | ^
/home/runner/work/retro-manager/retro-manager/runtime/retropack-runtime-fbneo/submodules/fbneo/src/burn/burn_gun.cpp:697:3: warning: ISO C++11 does not allow conversion from string literal to 'char *' [-Wwritable-strings]
  697 |                 SCAN_VAR(TrackA);
      |                 ^
/home/runner/work/retro-manager/retro-manager/runtime/retropack-runtime-fbneo/submodules/fbneo/src/burn/state.h:72:44: note: expanded from macro 'SCAN_VAR'
   72 | #define SCAN_VAR(x) ScanVar(&x, sizeof(x), #x)
      |                                            ^
<scratch space>:425:1: note: expanded from here
  425 | "TrackA"
      | ^
/home/runner/work/retro-manager/retro-manager/runtime/retropack-runtime-fbneo/submodules/fbneo/src/burn/burn_gun.cpp:698:3: warning: ISO C++11 does not allow conversion from string literal to 'char *' [-Wwritable-strings]
  698 |                 SCAN_VAR(TrackB);
      |                 ^
/home/runner/work/retro-manager/retro-manager/runtime/retropack-runtime-fbneo/submodules/fbneo/src/burn/state.h:72:44: note: expanded from macro 'SCAN_VAR'
   72 | #define SCAN_VAR(x) ScanVar(&x, sizeof(x), #x)
      |                                            ^
<scratch space>:426:1: note: expanded from here
  426 | "TrackB"
      | ^
/home/runner/work/retro-manager/retro-manager/runtime/retropack-runtime-fbneo/submodules/fbneo/src/burn/burn_gun.cpp:699:3: warning: ISO C++11 does not allow conversion from string literal to 'char *' [-Wwritable-strings]
  699 |                 SCAN_VAR(TrackA_Prev);
      |                 ^
/home/runner/work/retro-manager/retro-manager/runtime/retropack-runtime-fbneo/submodules/fbneo/src/burn/state.h:72:44: note: expanded from macro 'SCAN_VAR'
   72 | #define SCAN_VAR(x) ScanVar(&x, sizeof(x), #x)
      |                                            ^
<scratch space>:427:1: note: expanded from here
  427 | "TrackA_Prev"
      | ^
/home/runner/work/retro-manager/retro-manager/runtime/retropack-runtime-fbneo/submodules/fbneo/src/burn/burn_gun.cpp:700:3: warning: ISO C++11 does not allow conversion from string literal to 'char *' [-Wwritable-strings]
  700 |                 SCAN_VAR(TrackB_Prev);
      |                 ^
/home/runner/work/retro-manager/retro-manager/runtime/retropack-runtime-fbneo/submodules/fbneo/src/burn/state.h:72:44: note: expanded from macro 'SCAN_VAR'
   72 | #define SCAN_VAR(x) ScanVar(&x, sizeof(x), #x)
      |                                            ^
<scratch space>:428:1: note: expanded from here
  428 | "TrackB_Prev"
      | ^
/home/runner/work/retro-manager/retro-manager/runtime/retropack-runtime-fbneo/submodules/fbneo/src/burn/burn_gun.cpp:702:3: warning: ISO C++11 does not allow conversion from string literal to 'char *' [-Wwritable-strings]
  702 |                 SCAN_VAR(PaddleLast);
      |                 ^
/home/runner/work/retro-manager/retro-manager/runtime/retropack-runtime-fbneo/submodules/fbneo/src/burn/state.h:72:44: note: expanded from macro 'SCAN_VAR'
   72 | #define SCAN_VAR(x) ScanVar(&x, sizeof(x), #x)
      |                                            ^
<scratch space>:429:1: note: expanded from here
  429 | "PaddleLast"
      | ^
/home/runner/work/retro-manager/retro-manager/runtime/retropack-runtime-fbneo/submodules/fbneo/src/burn/burn_gun.cpp:704:3: warning: ISO C++11 does not allow conversion from string literal to 'char *' [-Wwritable-strings]
  704 |                 SCAN_VAR(DIAL_INC);
      |                 ^
/home/runner/work/retro-manager/retro-manager/runtime/retropack-runtime-fbneo/submodules/fbneo/src/burn/state.h:72:44: note: expanded from macro 'SCAN_VAR'
   72 | #define SCAN_VAR(x) ScanVar(&x, sizeof(x), #x)
      |                                            ^
<scratch space>:430:1: note: expanded from here
  430 | "DIAL_INC"
      | ^
/home/runner/work/retro-manager/retro-manager/runtime/retropack-runtime-fbneo/submodules/fbneo/src/burn/burn_gun.cpp:705:3: warning: ISO C++11 does not allow conversion from string literal to 'char *' [-Wwritable-strings]
  705 |                 SCAN_VAR(DIAL_VEL);
      |                 ^
/home/runner/work/retro-manager/retro-manager/runtime/retropack-runtime-fbneo/submodules/fbneo/src/burn/state.h:72:44: note: expanded from macro 'SCAN_VAR'
   72 | #define SCAN_VAR(x) ScanVar(&x, sizeof(x), #x)
      |                                            ^
<scratch space>:431:1: note: expanded from here
  431 | "DIAL_VEL"
      | ^
/home/runner/work/retro-manager/retro-manager/runtime/retropack-runtime-fbneo/submodules/fbneo/src/burn/burn_gun.cpp:706:3: warning: ISO C++11 does not allow conversion from string literal to 'char *' [-Wwritable-strings]
  706 |                 SCAN_VAR(DIAL_VELx);
      |                 ^
/home/runner/work/retro-manager/retro-manager/runtime/retropack-runtime-fbneo/submodules/fbneo/src/burn/state.h:72:44: note: expanded from macro 'SCAN_VAR'
   72 | #define SCAN_VAR(x) ScanVar(&x, sizeof(x), #x)
      |                                            ^
<scratch space>:432:1: note: expanded from here
  432 | "DIAL_VELx"
      | ^
/home/runner/work/retro-manager/retro-manager/runtime/retropack-runtime-fbneo/submodules/fbneo/src/burn/burn_gun.cpp:707:3: warning: ISO C++11 does not allow conversion from string literal to 'char *' [-Wwritable-strings]
  707 |                 SCAN_VAR(DrvJoyT);
      |                 ^
/home/runner/work/retro-manager/retro-manager/runtime/retropack-runtime-fbneo/submodules/fbneo/src/burn/state.h:72:44: note: expanded from macro 'SCAN_VAR'
   72 | #define SCAN_VAR(x) ScanVar(&x, sizeof(x), #x)
      |                                            ^
<scratch space>:433:1: note: expanded from here
  433 | "DrvJoyT"
      | ^
/home/runner/work/retro-manager/retro-manager/runtime/retropack-runtime-fbneo/submodules/fbneo/src/burn/burn_gun.cpp:710:3: warning: ISO C++11 does not allow conversion from string literal to 'char *' [-Wwritable-strings]
  710 |                 SCAN_VAR(BurnGunX);
      |                 ^
/home/runner/work/retro-manager/retro-manager/runtime/retropack-runtime-fbneo/submodules/fbneo/src/burn/state.h:72:44: note: expanded from macro 'SCAN_VAR'
   72 | #define SCAN_VAR(x) ScanVar(&x, sizeof(x), #x)
      |                                            ^
<scratch space>:434:1: note: expanded from here
  434 | "BurnGunX"
      | ^
/home/runner/work/retro-manager/retro-manager/runtime/retropack-runtime-fbneo/submodules/fbneo/src/burn/burn_gun.cpp:711:3: warning: ISO C++11 does not allow conversion from string literal to 'char *' [-Wwritable-strings]
  711 |                 SCAN_VAR(BurnGunY);
      |                 ^
/home/runner/work/retro-manager/retro-manager/runtime/retropack-runtime-fbneo/submodules/fbneo/src/burn/state.h:72:44: note: expanded from macro 'SCAN_VAR'
   72 | #define SCAN_VAR(x) ScanVar(&x, sizeof(x), #x)
      |                                            ^
<scratch space>:435:1: note: expanded from here
  435 | "BurnGunY"
      | ^
/home/runner/work/retro-manager/retro-manager/runtime/retropack-runtime-fbneo/submodules/fbneo/src/burn/burn_gun.cpp:712:3: warning: ISO C++11 does not allow conversion from string literal to 'char *' [-Wwritable-strings]
  712 |                 SCAN_VAR(GunTargetTimer);
      |                 ^
/home/runner/work/retro-manager/retro-manager/runtime/retropack-runtime-fbneo/submodules/fbneo/src/burn/state.h:72:44: note: expanded from macro 'SCAN_VAR'
   72 | #define SCAN_VAR(x) ScanVar(&x, sizeof(x), #x)
      |                                            ^
<scratch space>:436:1: note: expanded from here
  436 | "GunTargetTimer"
      | ^
/home/runner/work/retro-manager/retro-manager/runtime/retropack-runtime-fbneo/submodules/fbneo/src/burn/burn_gun.cpp:713:3: warning: ISO C++11 does not allow conversion from string literal to 'char *' [-Wwritable-strings]
  713 |                 SCAN_VAR(GunTargetLastX);
      |                 ^
/home/runner/work/retro-manager/retro-manager/runtime/retropack-runtime-fbneo/submodules/fbneo/src/burn/state.h:72:44: note: expanded from macro 'SCAN_VAR'
   72 | #define SCAN_VAR(x) ScanVar(&x, sizeof(x), #x)
      |                                            ^
<scratch space>:437:1: note: expanded from here
  437 | "GunTargetLastX"
      | ^
/home/runner/work/retro-manager/retro-manager/runtime/retropack-runtime-fbneo/submodules/fbneo/src/burn/burn_gun.cpp:714:3: warning: ISO C++11 does not allow conversion from string literal to 'char *' [-Wwritable-strings]
  714 |                 SCAN_VAR(GunTargetLastY);
      |                 ^
/home/runner/work/retro-manager/retro-manager/runtime/retropack-runtime-fbneo/submodules/fbneo/src/burn/state.h:72:44: note: expanded from macro 'SCAN_VAR'
   72 | #define SCAN_VAR(x) ScanVar(&x, sizeof(x), #x)
      |                                            ^
<scratch space>:438:1: note: expanded from here
  438 | "GunTargetLastY"
      | ^
19 warnings generated.
ninja: build stopped: subcommand failed.

C++ build system [build] failed while executing:
    /usr/local/lib/android/sdk/cmake/3.22.1/bin/ninja \
      -C \
      /home/runner/work/retro-manager/retro-manager/runtime/retropack-runtime-fbneo/.cxx/Debug/1b1s4j3o/arm64-v8a \
      retropack-runtime-fbneo
  from /home/runner/work/retro-manager/retro-manager/runtime/retropack-runtime-fbneo
	at org.gradle.internal.UncheckedException.throwAsUncheckedException(UncheckedException.java:69)
	at org.gradle.internal.UncheckedException.throwAsUncheckedException(UncheckedException.java:42)
	at org.gradle.internal.reflect.JavaMethod.invoke(JavaMethod.java:129)
	at org.gradle.api.internal.project.taskfactory.StandardTaskAction.doExecute(StandardTaskAction.java:58)
	at org.gradle.api.internal.project.taskfactory.StandardTaskAction.execute(StandardTaskAction.java:51)
	at org.gradle.api.internal.project.taskfactory.StandardTaskAction.execute(StandardTaskAction.java:29)
	at org.gradle.api.internal.tasks.execution.TaskExecution$3.run(TaskExecution.java:259)
	at org.gradle.internal.operations.DefaultBuildOperationRunner$1.execute(DefaultBuildOperationRunner.java:30)
	at org.gradle.internal.operations.DefaultBuildOperationRunner$1.execute(DefaultBuildOperationRunner.java:27)
	at org.gradle.internal.operations.DefaultBuildOperationRunner$2.execute(DefaultBuildOperationRunner.java:67)
	at org.gradle.internal.operations.DefaultBuildOperationRunner$2.execute(DefaultBuildOperationRunner.java:60)
	at org.gradle.internal.operations.DefaultBuildOperationRunner.execute(DefaultBuildOperationRunner.java:167)
	at org.gradle.internal.operations.DefaultBuildOperationRunner.execute(DefaultBuildOperationRunner.java:60)
	at org.gradle.internal.operations.DefaultBuildOperationRunner.run(DefaultBuildOperationRunner.java:48)
	at org.gradle.api.internal.tasks.execution.TaskExecution.executeAction(TaskExecution.java:244)
	at org.gradle.api.internal.tasks.execution.TaskExecution.executeActions(TaskExecution.java:227)
	at org.gradle.api.internal.tasks.execution.TaskExecution.executeWithPreviousOutputFiles(TaskExecution.java:210)
	at org.gradle.api.internal.tasks.execution.TaskExecution.execute(TaskExecution.java:176)
	at org.gradle.internal.execution.steps.ExecuteStep.executeInternal(ExecuteStep.java:167)
	at org.gradle.internal.execution.steps.ExecuteStep.access$000(ExecuteStep.java:47)
	at org.gradle.internal.execution.steps.ExecuteStep$1.call(ExecuteStep.java:137)
	at org.gradle.internal.execution.steps.ExecuteStep$1.call(ExecuteStep.java:134)
	at org.gradle.internal.operations.DefaultBuildOperationRunner$CallableBuildOperationWorker.execute(DefaultBuildOperationRunner.java:210)
	at org.gradle.internal.operations.DefaultBuildOperationRunner$CallableBuildOperationWorker.execute(DefaultBuildOperationRunner.java:205)
	at org.gradle.internal.operations.DefaultBuildOperationRunner$2.execute(DefaultBuildOperationRunner.java:67)
	at org.gradle.internal.operations.DefaultBuildOperationRunner$2.execute(DefaultBuildOperationRunner.java:60)
	at org.gradle.internal.operations.DefaultBuildOperationRunner.execute(DefaultBuildOperationRunner.java:167)
	at org.gradle.internal.operations.DefaultBuildOperationRunner.execute(DefaultBuildOperationRunner.java:60)
	at org.gradle.internal.operations.DefaultBuildOperationRunner.call(DefaultBuildOperationRunner.java:54)
	at org.gradle.internal.execution.steps.ExecuteStep.execute(ExecuteStep.java:134)
	at org.gradle.internal.execution.steps.ExecuteStep$Mutable.execute(ExecuteStep.java:80)
	at org.gradle.internal.execution.steps.CancelExecutionStep.execute(CancelExecutionStep.java:42)
	at org.gradle.internal.execution.steps.TimeoutStep.executeWithoutTimeout(TimeoutStep.java:75)
	at org.gradle.internal.execution.steps.TimeoutStep.execute(TimeoutStep.java:55)
	at org.gradle.internal.execution.steps.PreCreateOutputParentsStep.execute(PreCreateOutputParentsStep.java:51)
	at org.gradle.internal.execution.steps.PreCreateOutputParentsStep.execute(PreCreateOutputParentsStep.java:29)
	at org.gradle.internal.execution.steps.RemovePreviousOutputsStep.executeMutable(RemovePreviousOutputsStep.java:67)
	at org.gradle.internal.execution.steps.RemovePreviousOutputsStep.executeMutable(RemovePreviousOutputsStep.java:39)
	at org.gradle.internal.execution.steps.MutableStep.execute(MutableStep.java:26)
	at org.gradle.internal.execution.steps.BroadcastChangingOutputsStep.execute(BroadcastChangingOutputsStep.java:42)
	at org.gradle.internal.execution.steps.BroadcastChangingOutputsStep.execute(BroadcastChangingOutputsStep.java:24)
	at org.gradle.internal.execution.steps.CaptureOutputsAfterExecutionStep.execute(CaptureOutputsAfterExecutionStep.java:69)
	at org.gradle.internal.execution.steps.CaptureOutputsAfterExecutionStep.execute(CaptureOutputsAfterExecutionStep.java:46)
	at org.gradle.internal.execution.steps.ResolveInputChangesStep.executeMutable(ResolveInputChangesStep.java:39)
	at org.gradle.internal.execution.steps.ResolveInputChangesStep.executeMutable(ResolveInputChangesStep.java:28)
	at org.gradle.internal.execution.steps.MutableStep.execute(MutableStep.java:26)
	at org.gradle.internal.execution.steps.BuildCacheStep.executeWithoutCache(BuildCacheStep.java:189)
	at org.gradle.internal.execution.steps.BuildCacheStep.lambda$execute$1(BuildCacheStep.java:76)
	at org.gradle.internal.Either$Right.fold(Either.java:176)
	at org.gradle.internal.execution.caching.CachingState.fold(CachingState.java:62)
	at org.gradle.internal.execution.steps.BuildCacheStep.execute(BuildCacheStep.java:74)
	at org.gradle.internal.execution.steps.BuildCacheStep.execute(BuildCacheStep.java:49)
	at org.gradle.internal.execution.steps.StoreExecutionStateStep.executeMutable(StoreExecutionStateStep.java:46)
	at org.gradle.internal.execution.steps.StoreExecutionStateStep.executeMutable(StoreExecutionStateStep.java:35)
	at org.gradle.internal.execution.steps.MutableStep.execute(MutableStep.java:26)
	at org.gradle.internal.execution.steps.SkipUpToDateStep.executeBecause(SkipUpToDateStep.java:75)
	at org.gradle.internal.execution.steps.SkipUpToDateStep.lambda$execute$2(SkipUpToDateStep.java:53)
	at org.gradle.internal.execution.steps.SkipUpToDateStep.execute(SkipUpToDateStep.java:53)
	at org.gradle.internal.execution.steps.SkipUpToDateStep.execute(SkipUpToDateStep.java:35)
	at org.gradle.internal.execution.steps.legacy.MarkSnapshottingInputsFinishedStep.execute(MarkSnapshottingInputsFinishedStep.java:37)
	at org.gradle.internal.execution.steps.legacy.MarkSnapshottingInputsFinishedStep.execute(MarkSnapshottingInputsFinishedStep.java:27)
	at org.gradle.internal.execution.steps.ResolveMutableCachingStateStep.executeDelegate(ResolveMutableCachingStateStep.java:70)
	at org.gradle.internal.execution.steps.ResolveMutableCachingStateStep.executeDelegate(ResolveMutableCachingStateStep.java:32)
	at org.gradle.internal.execution.steps.AbstractResolveCachingStateStep.execute(AbstractResolveCachingStateStep.java:69)
	at org.gradle.internal.execution.steps.AbstractResolveCachingStateStep.execute(AbstractResolveCachingStateStep.java:37)
	at org.gradle.internal.execution.steps.ResolveChangesStep.executeMutable(ResolveChangesStep.java:63)
	at org.gradle.internal.execution.steps.ResolveChangesStep.executeMutable(ResolveChangesStep.java:34)
	at org.gradle.internal.execution.steps.MutableStep.execute(MutableStep.java:26)
	at org.gradle.internal.execution.steps.ValidateStep$Mutable.executeDelegate(ValidateStep.java:79)
	at org.gradle.internal.execution.steps.ValidateStep$Mutable.executeDelegate(ValidateStep.java:65)
	at org.gradle.internal.execution.steps.ValidateStep.execute(ValidateStep.java:99)
	at org.gradle.internal.execution.steps.ValidateStep$Mutable.execute(ValidateStep.java:65)
	at org.gradle.internal.execution.steps.CaptureMutableStateBeforeExecutionStep.executeMutable(CaptureMutableStateBeforeExecutionStep.java:86)
	at org.gradle.internal.execution.steps.CaptureMutableStateBeforeExecutionStep.execute(CaptureMutableStateBeforeExecutionStep.java:65)
	at org.gradle.internal.execution.steps.CaptureMutableStateBeforeExecutionStep.execute(CaptureMutableStateBeforeExecutionStep.java:45)
	at org.gradle.internal.execution.steps.SkipEmptyMutableWorkStep.executeWithNonEmptySources(SkipEmptyMutableWorkStep.java:210)
	at org.gradle.internal.execution.steps.SkipEmptyMutableWorkStep.executeMutable(SkipEmptyMutableWorkStep.java:85)
	at org.gradle.internal.execution.steps.SkipEmptyMutableWorkStep.executeMutable(SkipEmptyMutableWorkStep.java:53)
	at org.gradle.internal.execution.steps.MutableStep.execute(MutableStep.java:26)
	at org.gradle.internal.execution.steps.legacy.MarkSnapshottingInputsStartedStep.execute(MarkSnapshottingInputsStartedStep.java:38)
	at org.gradle.internal.execution.steps.LoadPreviousExecutionStateStep.executeMutable(LoadPreviousExecutionStateStep.java:36)
	at org.gradle.internal.execution.steps.LoadPreviousExecutionStateStep.executeMutable(LoadPreviousExecutionStateStep.java:23)
	at org.gradle.internal.execution.steps.MutableStep.execute(MutableStep.java:26)
	at org.gradle.internal.execution.steps.HandleStaleOutputsStep.executeMutable(HandleStaleOutputsStep.java:77)
	at org.gradle.internal.execution.steps.HandleStaleOutputsStep.executeMutable(HandleStaleOutputsStep.java:43)
	at org.gradle.internal.execution.steps.MutableStep.execute(MutableStep.java:26)
	at org.gradle.internal.execution.steps.AssignMutableWorkspaceStep.lambda$executeMutable$0(AssignMutableWorkspaceStep.java:34)
	at org.gradle.api.internal.tasks.execution.TaskExecution$4.withWorkspace(TaskExecution.java:305)
	at org.gradle.internal.execution.steps.AssignMutableWorkspaceStep.executeMutable(AssignMutableWorkspaceStep.java:30)
	at org.gradle.internal.execution.steps.AssignMutableWorkspaceStep.executeMutable(AssignMutableWorkspaceStep.java:21)
	at org.gradle.internal.execution.steps.MutableStep.execute(MutableStep.java:26)
	at org.gradle.internal.execution.steps.ChoosePipelineStep.execute(ChoosePipelineStep.java:40)
	at org.gradle.internal.execution.steps.ChoosePipelineStep.execute(ChoosePipelineStep.java:23)
	at org.gradle.internal.execution.steps.ExecuteWorkBuildOperationFiringStep.lambda$execute$2(ExecuteWorkBuildOperationFiringStep.java:67)
	at org.gradle.internal.execution.steps.ExecuteWorkBuildOperationFiringStep.execute(ExecuteWorkBuildOperationFiringStep.java:67)
	at org.gradle.internal.execution.steps.ExecuteWorkBuildOperationFiringStep.execute(ExecuteWorkBuildOperationFiringStep.java:39)
	at org.gradle.internal.execution.steps.IdentityCacheStep.execute(IdentityCacheStep.java:46)
	at org.gradle.internal.execution.steps.IdentityCacheStep.execute(IdentityCacheStep.java:34)
	at org.gradle.internal.execution.steps.IdentifyStep.execute(IdentifyStep.java:56)
	at org.gradle.internal.execution.steps.IdentifyStep.execute(IdentifyStep.java:38)
	at org.gradle.internal.execution.impl.DefaultExecutionEngine$1.execute(DefaultExecutionEngine.java:68)
	at org.gradle.api.internal.tasks.execution.ExecuteActionsTaskExecuter.executeIfValid(ExecuteActionsTaskExecuter.java:132)
	... 61 more
Caused by: com.android.ide.common.process.ProcessException: ninja: Entering directory `/home/runner/work/retro-manager/retro-manager/runtime/retropack-runtime-fbneo/.cxx/Debug/1b1s4j3o/arm64-v8a'
[1/46] Building CXX object CMakeFiles/retropack-runtime-fbneo.dir/submodules/fbneo/src/burn/burn_memory.cpp.o
In file included from /home/runner/work/retro-manager/retro-manager/runtime/retropack-runtime-fbneo/submodules/fbneo/src/burn/burn_memory.cpp:7:
In file included from /home/runner/work/retro-manager/retro-manager/runtime/retropack-runtime-fbneo/submodules/fbneo/src/burn/burnint.h:17:
/home/runner/work/retro-manager/retro-manager/runtime/retropack-runtime-fbneo/submodules/fbneo/src/burn/devices/joyprocess.h:70:3: warning: ISO C++11 does not allow conversion from string literal to 'char *' [-Wwritable-strings]
   70 |                 SCAN_VAR(state);
      |                 ^
/home/runner/work/retro-manager/retro-manager/runtime/retropack-runtime-fbneo/submodules/fbneo/src/burn/state.h:72:44: note: expanded from macro 'SCAN_VAR'
   72 | #define SCAN_VAR(x) ScanVar(&x, sizeof(x), #x)
      |                                            ^
<scratch space>:117:1: note: expanded from here
  117 | "state"
      | ^
In file included from /home/runner/work/retro-manager/retro-manager/runtime/retropack-runtime-fbneo/submodules/fbneo/src/burn/burn_memory.cpp:7:
In file included from /home/runner/work/retro-manager/retro-manager/runtime/retropack-runtime-fbneo/submodules/fbneo/src/burn/burnint.h:17:
/home/runner/work/retro-manager/retro-manager/runtime/retropack-runtime-fbneo/submodules/fbneo/src/burn/devices/joyprocess.h:71:3: warning: ISO C++11 does not allow conversion from string literal to 'char *' [-Wwritable-strings]
   71 |                 SCAN_VAR(last_state);
      |                 ^
/home/runner/work/retro-manager/retro-manager/runtime/retropack-runtime-fbneo/submodules/fbneo/src/burn/state.h:72:44: note: expanded from macro 'SCAN_VAR'
   72 | #define SCAN_VAR(x) ScanVar(&x, sizeof(x), #x)
      |                                            ^
<scratch space>:118:1: note: expanded from here
  118 | "last_state"
      | ^
/home/runner/work/retro-manager/retro-manager/runtime/retropack-runtime-fbneo/submodules/fbneo/src/burn/burn_memory.cpp:38:20: warning: ISO C++11 does not allow conversion from string literal to 'TCHAR *' (aka 'char *') [-Wwritable-strings]
   38 |                                 bprintf (0, _T("BurnMalloc failed to allocate %d bytes of memory!\n"), size);
      |                                                ^
/home/runner/work/retro-manager/retro-manager/runtime/retropack-runtime-fbneo/submodules/fbneo/src/burn/burn_memory.cpp:55:17: warning: ISO C++11 does not allow conversion from string literal to 'TCHAR *' (aka 'char *') [-Wwritable-strings]
   55 |         bprintf (0, _T("BurnMalloc called too many times!\n"));
      |                        ^
/home/runner/work/retro-manager/retro-manager/runtime/retropack-runtime-fbneo/submodules/fbneo/src/burn/burn_memory.cpp:76:18: warning: ISO C++11 does not allow conversion from string literal to 'TCHAR *' (aka 'char *') [-Wwritable-strings]
   76 |                         bprintf(0, _T("burn_memory.cpp(%s): OOB detected in allocated index %d @ %x!!\n"), (type == MEM_FREE) ? _T("BurnFree()") : _T("BurnRealloc()"), i, z);
      |                                       ^
/home/runner/work/retro-manager/retro-manager/runtime/retropack-runtime-fbneo/submodules/fbneo/src/burn/burn_memory.cpp:82:17: warning: ISO C++11 does not allow conversion from string literal to 'TCHAR *' (aka 'char *') [-Wwritable-strings]
   82 |                 bprintf(0, _T("->OOB memory issue detected in allocated index %d, please let FBNeo team know!\n"), i);
      |                               ^
/home/runner/work/retro-manager/retro-manager/runtime/retropack-runtime-fbneo/submodules/fbneo/src/burn/burn_memory.cpp:132:16: warning: ISO C++11 does not allow conversion from string literal to 'char *' [-Wwritable-strings]
  132 |         UINT8 *temp = BurnMalloc(size);
      |                       ^
/home/runner/work/retro-manager/retro-manager/runtime/retropack-runtime-fbneo/submodules/fbneo/src/burn/burnint.h:199:38: note: expanded from macro 'BurnMalloc'
  199 | #define BurnMalloc(x) _BurnMalloc(x, __FILE__, __LINE__)
      |                                      ^
<scratch space>:124:1: note: expanded from here
  124 | "/home/runner/work/retro-manager/retro-manager/runtime/retropack-runtime-fbneo/submodules/fbneo/src/burn/burn_memory.cpp"
      | ^
7 warnings generated.
[2/46] Building C object CMakeFiles/retropack-runtime-fbneo.dir/src/main/cpp/ringbuffer.c.o
[3/46] Building C object CMakeFiles/retropack-runtime-fbneo.dir/src/main/cpp/fbneo-jni.c.o
FAILED: CMakeFiles/retropack-runtime-fbneo.dir/src/main/cpp/fbneo-jni.c.o 
/usr/local/lib/android/sdk/ndk/27.0.12077973/toolchains/llvm/prebuilt/linux-x86_64/bin/clang --target=aarch64-none-linux-android26 --sysroot=/usr/local/lib/android/sdk/ndk/27.0.12077973/toolchains/llvm/prebuilt/linux-x86_64/sysroot -DBUILD_NEOGEO=1 -DHAVE_FBNEO_CORE=1 -DINLINE=inline -DSUPPORT_SPLIT_DRIVER=1 -D__LIBRETRO_OPTIMIZATIONS__=1 -D__LIBRETRO__=1 -Dretropack_runtime_fbneo_EXPORTS -I/home/runner/work/retro-manager/retro-manager/runtime/retropack-runtime-fbneo/src/main/cpp -I/home/runner/work/retro-manager/retro-manager/runtime/retropack-runtime-fbneo/../retropack-runtime-common/src/main/cpp -I/home/runner/work/retro-manager/retro-manager/runtime/retropack-runtime-fbneo/submodules/fbneo -I/home/runner/work/retro-manager/retro-manager/runtime/retropack-runtime-fbneo/submodules/fbneo/src -I/home/runner/work/retro-manager/retro-manager/runtime/retropack-runtime-fbneo/submodules/fbneo/src/burn -I/home/runner/work/retro-manager/retro-manager/runtime/retropack-runtime-fbneo/submodules/fbneo/src/burn/devices -I/home/runner/work/retro-manager/retro-manager/runtime/retropack-runtime-fbneo/submodules/fbneo/src/burn/snd -I/home/runner/work/retro-manager/retro-manager/runtime/retropack-runtime-fbneo/submodules/fbneo/src/burn/drv/neogeo -I/home/runner/work/retro-manager/retro-manager/runtime/retropack-runtime-fbneo/submodules/fbneo/src/burner -I/home/runner/work/retro-manager/retro-manager/runtime/retropack-runtime-fbneo/submodules/fbneo/src/burner/libretro -I/home/runner/work/retro-manager/retro-manager/runtime/retropack-runtime-fbneo/submodules/fbneo/src/burner/libretro/libretro-common/include -I/home/runner/work/retro-manager/retro-manager/runtime/retropack-runtime-fbneo/submodules/fbneo/src/cpu -I/home/runner/work/retro-manager/retro-manager/runtime/retropack-runtime-fbneo/submodules/fbneo/src/cpu/m68k -I/home/runner/work/retro-manager/retro-manager/runtime/retropack-runtime-fbneo/submodules/fbneo/src/cpu/z80 -I/home/runner/work/retro-manager/retro-manager/runtime/retropack-runtime-fbneo/submodules/fbneo/src/dep/libs/zlib -g -DANDROID -fdata-sections -ffunction-sections -funwind-tables -fstack-protector-strong -no-canonical-prefixes -D_FORTIFY_SOURCE=2 -Wformat -Werror=format-security  -fno-limit-debug-info  -fPIC -std=gnu11 -MD -MT CMakeFiles/retropack-runtime-fbneo.dir/src/main/cpp/fbneo-jni.c.o -MF CMakeFiles/retropack-runtime-fbneo.dir/src/main/cpp/fbneo-jni.c.o.d -o CMakeFiles/retropack-runtime-fbneo.dir/src/main/cpp/fbneo-jni.c.o -c /home/runner/work/retro-manager/retro-manager/runtime/retropack-runtime-fbneo/src/main/cpp/fbneo-jni.c
In file included from /home/runner/work/retro-manager/retro-manager/runtime/retropack-runtime-fbneo/src/main/cpp/fbneo-jni.c:43:
In file included from /home/runner/work/retro-manager/retro-manager/runtime/retropack-runtime-fbneo/submodules/fbneo/src/burner/burner.h:27:
In file included from /home/runner/work/retro-manager/retro-manager/runtime/retropack-runtime-fbneo/submodules/fbneo/src/burn/burn.h:124:
/home/runner/work/retro-manager/retro-manager/runtime/retropack-runtime-fbneo/submodules/fbneo/src/burn/cheat.h:50:8: error: must use 'struct' tag to refer to type 'CheatInfo'
   50 | extern CheatInfo* pCheatInfo;
      |        ^
      |        struct 
In file included from /home/runner/work/retro-manager/retro-manager/runtime/retropack-runtime-fbneo/src/main/cpp/fbneo-jni.c:43:
In file included from /home/runner/work/retro-manager/retro-manager/runtime/retropack-runtime-fbneo/submodules/fbneo/src/burner/burner.h:27:
In file included from /home/runner/work/retro-manager/retro-manager/runtime/retropack-runtime-fbneo/submodules/fbneo/src/burn/burn.h:125:
/home/runner/work/retro-manager/retro-manager/runtime/retropack-runtime-fbneo/submodules/fbneo/src/burn/hiscore.h:15:41: error: C does not support default arguments
   15 | void HiscoreReset(INT32 nHiscoreOptions = 0);
      |                                         ^ ~
In file included from /home/runner/work/retro-manager/retro-manager/runtime/retropack-runtime-fbneo/src/main/cpp/fbneo-jni.c:43:
In file included from /home/runner/work/retro-manager/retro-manager/runtime/retropack-runtime-fbneo/submodules/fbneo/src/burner/burner.h:27:
/home/runner/work/retro-manager/retro-manager/runtime/retropack-runtime-fbneo/submodules/fbneo/src/burn/burn.h:142:55: error: must use 'enum' tag to refer to type 'BurnCartrigeCommand'
  142 | extern INT32 (__cdecl *BurnExtCartridgeSetupCallback)(BurnCartrigeCommand nCommand);
      |                                                       ^
      |                                                       enum 
/home/runner/work/retro-manager/retro-manager/runtime/retropack-runtime-fbneo/submodules/fbneo/src/burn/burn.h:226:8: error: must use 'struct' tag to refer to type 'RomDataInfo'
  226 | extern RomDataInfo* pRDI;
      |        ^
      |        struct 
/home/runner/work/retro-manager/retro-manager/runtime/retropack-runtime-fbneo/submodules/fbneo/src/burn/burn.h:227:8: error: must use 'struct' tag to refer to type 'BurnRomInfo'
  227 | extern BurnRomInfo* pDataRomDesc;
      |        ^
      |        struct 
/home/runner/work/retro-manager/retro-manager/runtime/retropack-runtime-fbneo/submodules/fbneo/src/burn/burn.h:407:29: error: must use 'enum' tag to refer to type 'BurnCartrigeCommand'
  407 | INT32 BurnDrvCartridgeSetup(BurnCartrigeCommand nCommand);
      |                             ^
      |                             enum 
/home/runner/work/retro-manager/retro-manager/runtime/retropack-runtime-fbneo/submodules/fbneo/src/burn/burn.h:419:23: error: must use 'struct' tag to refer to type 'tm'
  419 | void BurnGetLocalTime(tm *nTime);                   // Retrieve local-time of machine w/tweaks for netgame and input recordings
      |                       ^
      |                       struct 
/home/runner/work/retro-manager/retro-manager/runtime/retropack-runtime-fbneo/submodules/fbneo/src/burn/burn.h:533:81: error: C does not support default arguments
  533 | void IpsApplyPatches(UINT8* base, char* rom_name, UINT32 rom_crc, bool readonly = false);
      |                                                                                 ^ ~~~~~
In file included from /home/runner/work/retro-manager/retro-manager/runtime/retropack-runtime-fbneo/src/main/cpp/fbneo-jni.c:43:
In file included from /home/runner/work/retro-manager/retro-manager/runtime/retropack-runtime-fbneo/submodules/fbneo/src/burner/burner.h:28:
/home/runner/work/retro-manager/retro-manager/runtime/retropack-runtime-fbneo/submodules/fbneo/src/burn/devices/joyprocess.h:40:7: error: conflicting types for 'ProcessAnalog'
   40 | UINT8 ProcessAnalog(INT16 anaval, INT32 reversed, INT32 flags, UINT8 scalemin, UINT8 scalemax, UINT8 centerval);
      |       ^
/home/runner/work/retro-manager/retro-manager/runtime/retropack-runtime-fbneo/submodules/fbneo/src/burn/devices/joyprocess.h:39:7: note: previous declaration is here
   39 | UINT8 ProcessAnalog(INT16 anaval, INT32 reversed, INT32 flags, UINT8 scalemin, UINT8 scalemax);
      |       ^
/home/runner/work/retro-manager/retro-manager/runtime/retropack-runtime-fbneo/submodules/fbneo/src/burn/devices/joyprocess.h:42:45: error: C does not support default arguments
   42 | INT32 AnalogDeadZone(INT32 anaval, INT32 dz = 4);
      |                                             ^ ~
/home/runner/work/retro-manager/retro-manager/runtime/retropack-runtime-fbneo/submodules/fbneo/src/burn/devices/joyprocess.h:52:2: error: type name requires a specifier or qualifier
   52 |         ButtonToggle() {
      |         ^
/home/runner/work/retro-manager/retro-manager/runtime/retropack-runtime-fbneo/submodules/fbneo/src/burn/devices/joyprocess.h:52:16: error: expected ';' at end of declaration list
   52 |         ButtonToggle() {
      |                       ^
      |                       ;
/home/runner/work/retro-manager/retro-manager/runtime/retropack-runtime-fbneo/submodules/fbneo/src/burn/devices/joyprocess.h:76:1: error: unknown type name 'template'
   76 | template <int N, typename T = UINT8>
      | ^
/home/runner/work/retro-manager/retro-manager/runtime/retropack-runtime-fbneo/submodules/fbneo/src/burn/devices/joyprocess.h:76:10: error: expected identifier or '('
   76 | template <int N, typename T = UINT8>
      |          ^
/home/runner/work/retro-manager/retro-manager/runtime/retropack-runtime-fbneo/submodules/fbneo/src/burn/devices/joyprocess.h:122:1: error: unknown type name 'template'
  122 | template <int N, typename T>
      | ^
/home/runner/work/retro-manager/retro-manager/runtime/retropack-runtime-fbneo/submodules/fbneo/src/burn/devices/joyprocess.h:122:10: error: expected identifier or '('
  122 | template <int N, typename T>
      |          ^
In file included from /home/runner/work/retro-manager/retro-manager/runtime/retropack-runtime-fbneo/src/main/cpp/fbneo-jni.c:43:
In file included from /home/runner/work/retro-manager/retro-manager/runtime/retropack-runtime-fbneo/submodules/fbneo/src/burner/burner.h:51:
/home/runner/work/retro-manager/retro-manager/runtime/retropack-runtime-fbneo/submodules/fbneo/src/burner/libretro/burner_libretro.h:5:10: fatal error: 'cd_interface.h' file not found
    5 | #include "cd_interface.h"
      |          ^~~~~~~~~~~~~~~~
17 errors generated.
[4/46] Building CXX object CMakeFiles/retropack-runtime-fbneo.dir/submodules/fbneo/src/burn/burn.cpp.o
FAILED: CMakeFiles/retropack-runtime-fbneo.dir/submodules/fbneo/src/burn/burn.cpp.o 
/usr/local/lib/android/sdk/ndk/27.0.12077973/toolchains/llvm/prebuilt/linux-x86_64/bin/clang++ --target=aarch64-none-linux-android26 --sysroot=/usr/local/lib/android/sdk/ndk/27.0.12077973/toolchains/llvm/prebuilt/linux-x86_64/sysroot -DBUILD_NEOGEO=1 -DHAVE_FBNEO_CORE=1 -DINLINE=inline -DSUPPORT_SPLIT_DRIVER=1 -D__LIBRETRO_OPTIMIZATIONS__=1 -D__LIBRETRO__=1 -Dretropack_runtime_fbneo_EXPORTS -I/home/runner/work/retro-manager/retro-manager/runtime/retropack-runtime-fbneo/src/main/cpp -I/home/runner/work/retro-manager/retro-manager/runtime/retropack-runtime-fbneo/../retropack-runtime-common/src/main/cpp -I/home/runner/work/retro-manager/retro-manager/runtime/retropack-runtime-fbneo/submodules/fbneo -I/home/runner/work/retro-manager/retro-manager/runtime/retropack-runtime-fbneo/submodules/fbneo/src -I/home/runner/work/retro-manager/retro-manager/runtime/retropack-runtime-fbneo/submodules/fbneo/src/burn -I/home/runner/work/retro-manager/retro-manager/runtime/retropack-runtime-fbneo/submodules/fbneo/src/burn/devices -I/home/runner/work/retro-manager/retro-manager/runtime/retropack-runtime-fbneo/submodules/fbneo/src/burn/snd -I/home/runner/work/retro-manager/retro-manager/runtime/retropack-runtime-fbneo/submodules/fbneo/src/burn/drv/neogeo -I/home/runner/work/retro-manager/retro-manager/runtime/retropack-runtime-fbneo/submodules/fbneo/src/burner -I/home/runner/work/retro-manager/retro-manager/runtime/retropack-runtime-fbneo/submodules/fbneo/src/burner/libretro -I/home/runner/work/retro-manager/retro-manager/runtime/retropack-runtime-fbneo/submodules/fbneo/src/burner/libretro/libretro-common/include -I/home/runner/work/retro-manager/retro-manager/runtime/retropack-runtime-fbneo/submodules/fbneo/src/cpu -I/home/runner/work/retro-manager/retro-manager/runtime/retropack-runtime-fbneo/submodules/fbneo/src/cpu/m68k -I/home/runner/work/retro-manager/retro-manager/runtime/retropack-runtime-fbneo/submodules/fbneo/src/cpu/z80 -I/home/runner/work/retro-manager/retro-manager/runtime/retropack-runtime-fbneo/submodules/fbneo/src/dep/libs/zlib -g -DANDROID -fdata-sections -ffunction-sections -funwind-tables -fstack-protector-strong -no-canonical-prefixes -D_FORTIFY_SOURCE=2 -Wformat -Werror=format-security   -fno-limit-debug-info  -fPIC -MD -MT CMakeFiles/retropack-runtime-fbneo.dir/submodules/fbneo/src/burn/burn.cpp.o -MF CMakeFiles/retropack-runtime-fbneo.dir/submodules/fbneo/src/burn/burn.cpp.o.d -o CMakeFiles/retropack-runtime-fbneo.dir/submodules/fbneo/src/burn/burn.cpp.o -c /home/runner/work/retro-manager/retro-manager/runtime/retropack-runtime-fbneo/submodules/fbneo/src/burn/burn.cpp
In file included from /home/runner/work/retro-manager/retro-manager/runtime/retropack-runtime-fbneo/submodules/fbneo/src/burn/burn.cpp:4:
In file included from /home/runner/work/retro-manager/retro-manager/runtime/retropack-runtime-fbneo/submodules/fbneo/src/burn/burnint.h:17:
/home/runner/work/retro-manager/retro-manager/runtime/retropack-runtime-fbneo/submodules/fbneo/src/burn/devices/joyprocess.h:70:3: warning: ISO C++11 does not allow conversion from string literal to 'char *' [-Wwritable-strings]
   70 |                 SCAN_VAR(state);
      |                 ^
/home/runner/work/retro-manager/retro-manager/runtime/retropack-runtime-fbneo/submodules/fbneo/src/burn/state.h:72:44: note: expanded from macro 'SCAN_VAR'
   72 | #define SCAN_VAR(x) ScanVar(&x, sizeof(x), #x)
      |                                            ^
<scratch space>:117:1: note: expanded from here
  117 | "state"
      | ^
In file included from /home/runner/work/retro-manager/retro-manager/runtime/retropack-runtime-fbneo/submodules/fbneo/src/burn/burn.cpp:4:
In file included from /home/runner/work/retro-manager/retro-manager/runtime/retropack-runtime-fbneo/submodules/fbneo/src/burn/burnint.h:17:
/home/runner/work/retro-manager/retro-manager/runtime/retropack-runtime-fbneo/submodules/fbneo/src/burn/devices/joyprocess.h:71:3: warning: ISO C++11 does not allow conversion from string literal to 'char *' [-Wwritable-strings]
   71 |                 SCAN_VAR(last_state);
      |                 ^
/home/runner/work/retro-manager/retro-manager/runtime/retropack-runtime-fbneo/submodules/fbneo/src/burn/state.h:72:44: note: expanded from macro 'SCAN_VAR'
   72 | #define SCAN_VAR(x) ScanVar(&x, sizeof(x), #x)
      |                                            ^
<scratch space>:118:1: note: expanded from here
  118 | "last_state"
      | ^
/home/runner/work/retro-manager/retro-manager/runtime/retropack-runtime-fbneo/submodules/fbneo/src/burn/burn.cpp:7:10: fatal error: 'driverlist.h' file not found
    7 | #include "driverlist.h"
      |          ^~~~~~~~~~~~~~
2 warnings and 1 error generated.
[5/46] Building CXX object CMakeFiles/retropack-runtime-fbneo.dir/submodules/fbneo/src/burn/burn_sound.cpp.o
In file included from /home/runner/work/retro-manager/retro-manager/runtime/retropack-runtime-fbneo/submodules/fbneo/src/burn/burn_sound.cpp:1:
In file included from /home/runner/work/retro-manager/retro-manager/runtime/retropack-runtime-fbneo/submodules/fbneo/src/burn/burnint.h:17:
/home/runner/work/retro-manager/retro-manager/runtime/retropack-runtime-fbneo/submodules/fbneo/src/burn/devices/joyprocess.h:70:3: warning: ISO C++11 does not allow conversion from string literal to 'char *' [-Wwritable-strings]
   70 |                 SCAN_VAR(state);
      |                 ^
/home/runner/work/retro-manager/retro-manager/runtime/retropack-runtime-fbneo/submodules/fbneo/src/burn/state.h:72:44: note: expanded from macro 'SCAN_VAR'
   72 | #define SCAN_VAR(x) ScanVar(&x, sizeof(x), #x)
      |                                            ^
<scratch space>:117:1: note: expanded from here
  117 | "state"
      | ^
In file included from /home/runner/work/retro-manager/retro-manager/runtime/retropack-runtime-fbneo/submodules/fbneo/src/burn/burn_sound.cpp:1:
In file included from /home/runner/work/retro-manager/retro-manager/runtime/retropack-runtime-fbneo/submodules/fbneo/src/burn/burnint.h:17:
/home/runner/work/retro-manager/retro-manager/runtime/retropack-runtime-fbneo/submodules/fbneo/src/burn/devices/joyprocess.h:71:3: warning: ISO C++11 does not allow conversion from string literal to 'char *' [-Wwritable-strings]
   71 |                 SCAN_VAR(last_state);
      |                 ^
/home/runner/work/retro-manager/retro-manager/runtime/retropack-runtime-fbneo/submodules/fbneo/src/burn/state.h:72:44: note: expanded from macro 'SCAN_VAR'
   72 | #define SCAN_VAR(x) ScanVar(&x, sizeof(x), #x)
      |                                            ^
<scratch space>:118:1: note: expanded from here
  118 | "last_state"
      | ^
/home/runner/work/retro-manager/retro-manager/runtime/retropack-runtime-fbneo/submodules/fbneo/src/burn/burn_sound.cpp:75:26: warning: ISO C++11 does not allow conversion from string literal to 'TCHAR *' (aka 'char *') [-Wwritable-strings]
   75 |         if (clip) bprintf(0, _T("BurnSoundTweakVolume(): CLIPPING @ frame %x\n"), nCurrentFrame);
      |                                 ^
3 warnings generated.
[6/46] Building CXX object CMakeFiles/retropack-runtime-fbneo.dir/submodules/fbneo/src/burn/debug_track.cpp.o
In file included from /home/runner/work/retro-manager/retro-manager/runtime/retropack-runtime-fbneo/submodules/fbneo/src/burn/debug_track.cpp:3:
In file included from /home/runner/work/retro-manager/retro-manager/runtime/retropack-runtime-fbneo/submodules/fbneo/src/burn/burnint.h:17:
/home/runner/work/retro-manager/retro-manager/runtime/retropack-runtime-fbneo/submodules/fbneo/src/burn/devices/joyprocess.h:70:3: warning: ISO C++11 does not allow conversion from string literal to 'char *' [-Wwritable-strings]
   70 |                 SCAN_VAR(state);
      |                 ^
/home/runner/work/retro-manager/retro-manager/runtime/retropack-runtime-fbneo/submodules/fbneo/src/burn/state.h:72:44: note: expanded from macro 'SCAN_VAR'
   72 | #define SCAN_VAR(x) ScanVar(&x, sizeof(x), #x)
      |                                            ^
<scratch space>:117:1: note: expanded from here
  117 | "state"
      | ^
In file included from /home/runner/work/retro-manager/retro-manager/runtime/retropack-runtime-fbneo/submodules/fbneo/src/burn/debug_track.cpp:3:
In file included from /home/runner/work/retro-manager/retro-manager/runtime/retropack-runtime-fbneo/submodules/fbneo/src/burn/burnint.h:17:
/home/runner/work/retro-manager/retro-manager/runtime/retropack-runtime-fbneo/submodules/fbneo/src/burn/devices/joyprocess.h:71:3: warning: ISO C++11 does not allow conversion from string literal to 'char *' [-Wwritable-strings]
   71 |                 SCAN_VAR(last_state);
      |                 ^
/home/runner/work/retro-manager/retro-manager/runtime/retropack-runtime-fbneo/submodules/fbneo/src/burn/state.h:72:44: note: expanded from macro 'SCAN_VAR'
   72 | #define SCAN_VAR(x) ScanVar(&x, sizeof(x), #x)
      |                                            ^
<scratch space>:118:1: note: expanded from here
  118 | "last_state"
      | ^
/home/runner/work/retro-manager/retro-manager/runtime/retropack-runtime-fbneo/submodules/fbneo/src/burn/debug_track.cpp:85:59: warning: ISO C++11 does not allow conversion from string literal to 'TCHAR *' (aka 'char *') [-Wwritable-strings]
   85 |         if (Debug_BurnTransferInitted)          bprintf(PRINT_ERROR, _T("BurnTransfer Not Exited\n"));
      |                                                                         ^
/home/runner/work/retro-manager/retro-manager/runtime/retropack-runtime-fbneo/submodules/fbneo/src/burn/debug_track.cpp:86:55: warning: ISO C++11 does not allow conversion from string literal to 'TCHAR *' (aka 'char *') [-Wwritable-strings]
   86 |         if (Debug_BurnGunInitted)                       bprintf(PRINT_ERROR, _T("BurnGun Not Exited\n"));
      |                                                                                 ^
/home/runner/work/retro-manager/retro-manager/runtime/retropack-runtime-fbneo/submodules/fbneo/src/burn/debug_track.cpp:87:55: warning: ISO C++11 does not allow conversion from string literal to 'TCHAR *' (aka 'char *') [-Wwritable-strings]
   87 |         if (Debug_BurnLedInitted)                       bprintf(PRINT_ERROR, _T("BurnLed Not Exited\n"));
      |                                                                                 ^
/home/runner/work/retro-manager/retro-manager/runtime/retropack-runtime-fbneo/submodules/fbneo/src/burn/debug_track.cpp:88:56: warning: ISO C++11 does not allow conversion from string literal to 'TCHAR *' (aka 'char *') [-Wwritable-strings]
   88 |         if (Debug_BurnShiftInitted)             bprintf(PRINT_ERROR, _T("BurnShit Not Exited\n"));
      |                                                                         ^
/home/runner/work/retro-manager/retro-manager/runtime/retropack-runtime-fbneo/submodules/fbneo/src/burn/debug_track.cpp:89:55: warning: ISO C++11 does not allow conversion from string literal to 'TCHAR *' (aka 'char *') [-Wwritable-strings]
   89 |         if (Debug_HiscoreInitted)                       bprintf(PRINT_ERROR, _T("Hiscore Not Exited\n"));
      |                                                                                 ^
/home/runner/work/retro-manager/retro-manager/runtime/retropack-runtime-fbneo/submodules/fbneo/src/burn/debug_track.cpp:90:59: warning: ISO C++11 does not allow conversion from string literal to 'TCHAR *' (aka 'char *') [-Wwritable-strings]
   90 |         if (Debug_GenericTilesInitted)          bprintf(PRINT_ERROR, _T("GenericTiles Not Exited\n"));
      |                                                                         ^
/home/runner/work/retro-manager/retro-manager/runtime/retropack-runtime-fbneo/submodules/fbneo/src/burn/debug_track.cpp:92:57: warning: ISO C++11 does not allow conversion from string literal to 'TCHAR *' (aka 'char *') [-Wwritable-strings]
   92 |         if (DebugDev_8255PPIInitted)            bprintf(PRINT_ERROR, _T("Device 8255PPI Not Exited\n"));
      |                                                                         ^
/home/runner/work/retro-manager/retro-manager/runtime/retropack-runtime-fbneo/submodules/fbneo/src/burn/debug_track.cpp:93:57: warning: ISO C++11 does not allow conversion from string literal to 'TCHAR *' (aka 'char *') [-Wwritable-strings]
   93 |         if (DebugDev_8257DMAInitted)            bprintf(PRINT_ERROR, _T("Device 8257DMA Not Exited\n"));
      |                                                                         ^
/home/runner/work/retro-manager/retro-manager/runtime/retropack-runtime-fbneo/submodules/fbneo/src/burn/debug_track.cpp:94:56: warning: ISO C++11 does not allow conversion from string literal to 'TCHAR *' (aka 'char *') [-Wwritable-strings]
   94 |         if (DebugDev_EEPROMInitted)             bprintf(PRINT_ERROR, _T("Device EEPROM Not Exited\n"));
      |                                                                         ^
/home/runner/work/retro-manager/retro-manager/runtime/retropack-runtime-fbneo/submodules/fbneo/src/burn/debug_track.cpp:95:57: warning: ISO C++11 does not allow conversion from string literal to 'TCHAR *' (aka 'char *') [-Wwritable-strings]
   95 |         if (DebugDev_PandoraInitted)            bprintf(PRINT_ERROR, _T("Device Pandora Not Exited\n"));
      |                                                                         ^
/home/runner/work/retro-manager/retro-manager/runtime/retropack-runtime-fbneo/submodules/fbneo/src/burn/debug_track.cpp:96:58: warning: ISO C++11 does not allow conversion from string literal to 'TCHAR *' (aka 'char *') [-Wwritable-strings]
   96 |         if (DebugDev_SeibuSndInitted)           bprintf(PRINT_ERROR, _T("Device SeibuSnd Not Exited\n"));
      |                                                                         ^
/home/runner/work/retro-manager/retro-manager/runtime/retropack-runtime-fbneo/submodules/fbneo/src/burn/debug_track.cpp:97:57: warning: ISO C++11 does not allow conversion from string literal to 'TCHAR *' (aka 'char *') [-Wwritable-strings]
   97 |         if (DebugDev_SknsSprInitted)            bprintf(PRINT_ERROR, _T("Device SknsSpr Not Exited\n"));
      |                                                                         ^
/home/runner/work/retro-manager/retro-manager/runtime/retropack-runtime-fbneo/submodules/fbneo/src/burn/debug_track.cpp:98:58: warning: ISO C++11 does not allow conversion from string literal to 'TCHAR *' (aka 'char *') [-Wwritable-strings]
   98 |         if (DebugDev_SlapsticInitted)           bprintf(PRINT_ERROR, _T("Device Slapstic Not Exited\n"));
      |                                                                         ^
/home/runner/work/retro-manager/retro-manager/runtime/retropack-runtime-fbneo/submodules/fbneo/src/burn/debug_track.cpp:99:56: warning: ISO C++11 does not allow conversion from string literal to 'TCHAR *' (aka 'char *') [-Wwritable-strings]
   99 |         if (DebugDev_T5182Initted)                      bprintf(PRINT_ERROR, _T("Device T5182 Not Exited\n"));
      |                                                                                 ^
/home/runner/work/retro-manager/retro-manager/runtime/retropack-runtime-fbneo/submodules/fbneo/src/burn/debug_track.cpp:100:57: warning: ISO C++11 does not allow conversion from string literal to 'TCHAR *' (aka 'char *') [-Wwritable-strings]
  100 |         if (DebugDev_TimeKprInitted)            bprintf(PRINT_ERROR, _T("Device TimeKpr Not Exited\n"));
      |                                                                         ^
/home/runner/work/retro-manager/retro-manager/runtime/retropack-runtime-fbneo/submodules/fbneo/src/burn/debug_track.cpp:101:58: warning: ISO C++11 does not allow conversion from string literal to 'TCHAR *' (aka 'char *') [-Wwritable-strings]
  101 |         if (DebugDev_Tms34061Initted)           bprintf(PRINT_ERROR, _T("Device TMS34061 Not Exited\n"));
      |                                                                         ^
/home/runner/work/retro-manager/retro-manager/runtime/retropack-runtime-fbneo/submodules/fbneo/src/burn/debug_track.cpp:102:56: warning: ISO C++11 does not allow conversion from string literal to 'TCHAR *' (aka 'char *') [-Wwritable-strings]
  102 |         if (DebugDev_V3021Initted)                      bprintf(PRINT_ERROR, _T("Device V3021 Not Exited\n"));
      |                                                                                 ^
/home/runner/work/retro-manager/retro-manager/runtime/retropack-runtime-fbneo/submodules/fbneo/src/burn/debug_track.cpp:103:54: warning: ISO C++11 does not allow conversion from string literal to 'TCHAR *' (aka 'char *') [-Wwritable-strings]
  103 |         if (DebugDev_VDCInitted)                        bprintf(PRINT_ERROR, _T("Device VDC Not Exited\n"));
      |                                                                                 ^
/home/runner/work/retro-manager/retro-manager/runtime/retropack-runtime-fbneo/submodules/fbneo/src/burn/debug_track.cpp:105:56: warning: ISO C++11 does not allow conversion from string literal to 'TCHAR *' (aka 'char *') [-Wwritable-strings]
  105 |         if (DebugSnd_AY8910Initted)             bprintf(PRINT_ERROR, _T("Sound Module AY8910 Not Exited\n"));
      |                                                                         ^
/home/runner/work/retro-manager/retro-manager/runtime/retropack-runtime-fbneo/submodules/fbneo/src/burn/debug_track.cpp:106:56: warning: ISO C++11 does not allow conversion from string literal to 'TCHAR *' (aka 'char *') [-Wwritable-strings]
  106 |         if (DebugSnd_Y8950Initted)                      bprintf(PRINT_ERROR, _T("Sound Module Y8950 Not Exited\n"));
      |                                                                                 ^
/home/runner/work/retro-manager/retro-manager/runtime/retropack-runtime-fbneo/submodules/fbneo/src/burn/debug_track.cpp:107:56: warning: ISO C++11 does not allow conversion from string literal to 'TCHAR *' (aka 'char *') [-Wwritable-strings]
  107 |         if (DebugSnd_YM2151Initted)             bprintf(PRINT_ERROR, _T("Sound Module YM2151 Not Exited\n"));
      |                                                                         ^
/home/runner/work/retro-manager/retro-manager/runtime/retropack-runtime-fbneo/submodules/fbneo/src/burn/debug_track.cpp:108:56: warning: ISO C++11 does not allow conversion from string literal to 'TCHAR *' (aka 'char *') [-Wwritable-strings]
  108 |         if (DebugSnd_YM2203Initted)             bprintf(PRINT_ERROR, _T("Sound Module YM2203 Not Exited\n"));
      |                                                                         ^
/home/runner/work/retro-manager/retro-manager/runtime/retropack-runtime-fbneo/submodules/fbneo/src/burn/debug_track.cpp:109:56: warning: ISO C++11 does not allow conversion from string literal to 'TCHAR *' (aka 'char *') [-Wwritable-strings]
  109 |         if (DebugSnd_YM2413Initted)             bprintf(PRINT_ERROR, _T("Sound Module YM2413 Not Exited\n"));
      |                                                                         ^
/home/runner/work/retro-manager/retro-manager/runtime/retropack-runtime-fbneo/submodules/fbneo/src/burn/debug_track.cpp:110:56: warning: ISO C++11 does not allow conversion from string literal to 'TCHAR *' (aka 'char *') [-Wwritable-strings]
  110 |         if (DebugSnd_YM2608Initted)             bprintf(PRINT_ERROR, _T("Sound Module YM2608 Not Exited\n"));
      |                                                                         ^
/home/runner/work/retro-manager/retro-manager/runtime/retropack-runtime-fbneo/submodules/fbneo/src/burn/debug_track.cpp:111:56: warning: ISO C++11 does not allow conversion from string literal to 'TCHAR *' (aka 'char *') [-Wwritable-strings]
  111 |         if (DebugSnd_YM2610Initted)             bprintf(PRINT_ERROR, _T("Sound Module YM2610 Not Exited\n"));
      |                                                                         ^
/home/runner/work/retro-manager/retro-manager/runtime/retropack-runtime-fbneo/submodules/fbneo/src/burn/debug_track.cpp:112:56: warning: ISO C++11 does not allow conversion from string literal to 'TCHAR *' (aka 'char *') [-Wwritable-strings]
  112 |         if (DebugSnd_YM2612Initted)             bprintf(PRINT_ERROR, _T("Sound Module YM2612 Not Exited\n"));
      |                                                                         ^
/home/runner/work/retro-manager/retro-manager/runtime/retropack-runtime-fbneo/submodules/fbneo/src/burn/debug_track.cpp:113:56: warning: ISO C++11 does not allow conversion from string literal to 'TCHAR *' (aka 'char *') [-Wwritable-strings]
  113 |         if (DebugSnd_YM3526Initted)             bprintf(PRINT_ERROR, _T("Sound Module YM3526 Not Exited\n"));
      |                                                                         ^
/home/runner/work/retro-manager/retro-manager/runtime/retropack-runtime-fbneo/submodules/fbneo/src/burn/debug_track.cpp:114:56: warning: ISO C++11 does not allow conversion from string literal to 'TCHAR *' (aka 'char *') [-Wwritable-strings]
  114 |         if (DebugSnd_YM3812Initted)             bprintf(PRINT_ERROR, _T("Sound Module YM3812 Not Exited\n"));
      |                                                                         ^
/home/runner/work/retro-manager/retro-manager/runtime/retropack-runtime-fbneo/submodules/fbneo/src/burn/debug_track.cpp:115:57: warning: ISO C++11 does not allow conversion from string literal to 'TCHAR *' (aka 'char *') [-Wwritable-strings]
  115 |         if (DebugSnd_YMF278BInitted)            bprintf(PRINT_ERROR, _T("Sound Module YMF278B Not Exited\n"));
      |                                                                         ^
/home/runner/work/retro-manager/retro-manager/runtime/retropack-runtime-fbneo/submodules/fbneo/src/burn/debug_track.cpp:116:56: warning: ISO C++11 does not allow conversion from string literal to 'TCHAR *' (aka 'char *') [-Wwritable-strings]
  116 |         if (DebugSnd_YMF262Initted)             bprintf(PRINT_ERROR, _T("Sound Module YMF262 Not Exited\n"));
      |                                                                         ^
/home/runner/work/retro-manager/retro-manager/runtime/retropack-runtime-fbneo/submodules/fbneo/src/burn/debug_track.cpp:117:56: warning: ISO C++11 does not allow conversion from string literal to 'TCHAR *' (aka 'char *') [-Wwritable-strings]
  117 |         if (DebugSnd_YMF271Initted)             bprintf(PRINT_ERROR, _T("Sound Module YMF271 Not Exited\n"));
      |                                                                         ^
/home/runner/work/retro-manager/retro-manager/runtime/retropack-runtime-fbneo/submodules/fbneo/src/burn/debug_track.cpp:118:56: warning: ISO C++11 does not allow conversion from string literal to 'TCHAR *' (aka 'char *') [-Wwritable-strings]
  118 |         if (DebugSnd_C6280Initted)                      bprintf(PRINT_ERROR, _T("Sound Module C6280 Not Exited\n"));
      |                                                                                 ^
/home/runner/work/retro-manager/retro-manager/runtime/retropack-runtime-fbneo/submodules/fbneo/src/burn/debug_track.cpp:119:54: warning: ISO C++11 does not allow conversion from string literal to 'TCHAR *' (aka 'char *') [-Wwritable-strings]
  119 |         if (DebugSnd_DACInitted)                        bprintf(PRINT_ERROR, _T("Sound Module DAC Not Exited\n"));
      |                                                                                 ^
/home/runner/work/retro-manager/retro-manager/runtime/retropack-runtime-fbneo/submodules/fbneo/src/burn/debug_track.cpp:120:56: warning: ISO C++11 does not allow conversion from string literal to 'TCHAR *' (aka 'char *') [-Wwritable-strings]
  120 |         if (DebugSnd_ES5506Initted)             bprintf(PRINT_ERROR, _T("Sound Module ES5506 Not Exited\n"));
      |                                                                         ^
/home/runner/work/retro-manager/retro-manager/runtime/retropack-runtime-fbneo/submodules/fbneo/src/burn/debug_track.cpp:121:56: warning: ISO C++11 does not allow conversion from string literal to 'TCHAR *' (aka 'char *') [-Wwritable-strings]
  121 |         if (DebugSnd_ES8712Initted)             bprintf(PRINT_ERROR, _T("Sound Module ES8712 Not Exited\n"));
      |                                                                         ^
/home/runner/work/retro-manager/retro-manager/runtime/retropack-runtime-fbneo/submodules/fbneo/src/burn/debug_track.cpp:122:57: warning: ISO C++11 does not allow conversion from string literal to 'TCHAR *' (aka 'char *') [-Wwritable-strings]
  122 |         if (DebugSnd_FilterRCInitted)           bprintf(PRINT_ERROR, _T("Sound Module Filter RC Not Exited\n"));
      |                                                                         ^
/home/runner/work/retro-manager/retro-manager/runtime/retropack-runtime-fbneo/submodules/fbneo/src/burn/debug_track.cpp:123:57: warning: ISO C++11 does not allow conversion from string literal to 'TCHAR *' (aka 'char *') [-Wwritable-strings]
  123 |         if (DebugSnd_ICS2115Initted)            bprintf(PRINT_ERROR, _T("Sound Module ICS2115 Not Exited\n"));
      |                                                                         ^
/home/runner/work/retro-manager/retro-manager/runtime/retropack-runtime-fbneo/submodules/fbneo/src/burn/debug_track.cpp:124:58: warning: ISO C++11 does not allow conversion from string literal to 'TCHAR *' (aka 'char *') [-Wwritable-strings]
  124 |         if (DebugSnd_IremGA20Initted)           bprintf(PRINT_ERROR, _T("Sound Module IremGA20 Not Exited\n"));
      |                                                                         ^
/home/runner/work/retro-manager/retro-manager/runtime/retropack-runtime-fbneo/submodules/fbneo/src/burn/debug_track.cpp:125:57: warning: ISO C++11 does not allow conversion from string literal to 'TCHAR *' (aka 'char *') [-Wwritable-strings]
  125 |         if (DebugSnd_K005289Initted)            bprintf(PRINT_ERROR, _T("Sound Module K005289 Not Exited\n"));
      |                                                                         ^
/home/runner/work/retro-manager/retro-manager/runtime/retropack-runtime-fbneo/submodules/fbneo/src/burn/debug_track.cpp:126:57: warning: ISO C++11 does not allow conversion from string literal to 'TCHAR *' (aka 'char *') [-Wwritable-strings]
  126 |         if (DebugSnd_K007232Initted)            bprintf(PRINT_ERROR, _T("Sound Module K007232 Not Exited\n"));
      |                                                                         ^
/home/runner/work/retro-manager/retro-manager/runtime/retropack-runtime-fbneo/submodules/fbneo/src/burn/debug_track.cpp:127:57: warning: ISO C++11 does not allow conversion from string literal to 'TCHAR *' (aka 'char *') [-Wwritable-strings]
  127 |         if (DebugSnd_K051649Initted)            bprintf(PRINT_ERROR, _T("Sound Module K051649 Not Exited\n"));
      |                                                                         ^
/home/runner/work/retro-manager/retro-manager/runtime/retropack-runtime-fbneo/submodules/fbneo/src/burn/debug_track.cpp:128:57: warning: ISO C++11 does not allow conversion from string literal to 'TCHAR *' (aka 'char *') [-Wwritable-strings]
  128 |         if (DebugSnd_K053260Initted)            bprintf(PRINT_ERROR, _T("Sound Module K053260 Not Exited\n"));
      |                                                                         ^
/home/runner/work/retro-manager/retro-manager/runtime/retropack-runtime-fbneo/submodules/fbneo/src/burn/debug_track.cpp:129:57: warning: ISO C++11 does not allow conversion from string literal to 'TCHAR *' (aka 'char *') [-Wwritable-strings]
  129 |         if (DebugSnd_K054539Initted)            bprintf(PRINT_ERROR, _T("Sound Module K054539 Not Exited\n"));
      |                                                                         ^
/home/runner/work/retro-manager/retro-manager/runtime/retropack-runtime-fbneo/submodules/fbneo/src/burn/debug_track.cpp:130:57: warning: ISO C++11 does not allow conversion from string literal to 'TCHAR *' (aka 'char *') [-Wwritable-strings]
  130 |         if (DebugSnd_MSM5205Initted)            bprintf(PRINT_ERROR, _T("Sound Module MSM5205 Not Exited\n"));
      |                                                                         ^
/home/runner/work/retro-manager/retro-manager/runtime/retropack-runtime-fbneo/submodules/fbneo/src/burn/debug_track.cpp:131:57: warning: ISO C++11 does not allow conversion from string literal to 'TCHAR *' (aka 'char *') [-Wwritable-strings]
  131 |         if (DebugSnd_MSM5232Initted)            bprintf(PRINT_ERROR, _T("Sound Module MSM5232 Not Exited\n"));
      |                                                                         ^
/home/runner/work/retro-manager/retro-manager/runtime/retropack-runtime-fbneo/submodules/fbneo/src/burn/debug_track.cpp:132:57: warning: ISO C++11 does not allow conversion from string literal to 'TCHAR *' (aka 'char *') [-Wwritable-strings]
  132 |         if (DebugSnd_MSM6295Initted)            bprintf(PRINT_ERROR, _T("Sound Module MSM6295 Not Exited\n"));
      |                                                                         ^
/home/runner/work/retro-manager/retro-manager/runtime/retropack-runtime-fbneo/submodules/fbneo/src/burn/debug_track.cpp:133:58: warning: ISO C++11 does not allow conversion from string literal to 'TCHAR *' (aka 'char *') [-Wwritable-strings]
  133 |         if (DebugSnd_NamcoSndInitted)           bprintf(PRINT_ERROR, _T("Sound Module NamcoSnd Not Exited\n"));
      |                                                                         ^
/home/runner/work/retro-manager/retro-manager/runtime/retropack-runtime-fbneo/submodules/fbneo/src/burn/debug_track.cpp:134:59: warning: ISO C++11 does not allow conversion from string literal to 'TCHAR *' (aka 'char *') [-Wwritable-strings]
  134 |         if (DebugSnd_NESAPUSndInitted)          bprintf(PRINT_ERROR, _T("Sound Module NESAPUSnd Not Exited\n"));
      |                                                                         ^
/home/runner/work/retro-manager/retro-manager/runtime/retropack-runtime-fbneo/submodules/fbneo/src/burn/debug_track.cpp:135:57: warning: ISO C++11 does not allow conversion from string literal to 'TCHAR *' (aka 'char *') [-Wwritable-strings]
  135 |         if (DebugSnd_SAA1099Initted)            bprintf(PRINT_ERROR, _T("Sound Module SAA1099 Not Exited\n"));
      |                                                                         ^
/home/runner/work/retro-manager/retro-manager/runtime/retropack-runtime-fbneo/submodules/fbneo/src/burn/debug_track.cpp:136:57: warning: ISO C++11 does not allow conversion from string literal to 'TCHAR *' (aka 'char *') [-Wwritable-strings]
  136 |         if (DebugSnd_SamplesInitted)            bprintf(PRINT_ERROR, _T("Sound Module Samples Not Exited\n"));
      |                                                                         ^
/home/runner/work/retro-manager/retro-manager/runtime/retropack-runtime-fbneo/submodules/fbneo/src/burn/debug_track.cpp:137:57: warning: ISO C++11 does not allow conversion from string literal to 'TCHAR *' (aka 'char *') [-Wwritable-strings]
  137 |         if (DebugSnd_SegaPCMInitted)            bprintf(PRINT_ERROR, _T("Sound Module SegaPCM Not Exited\n"));
      |                                                                         ^
/home/runner/work/retro-manager/retro-manager/runtime/retropack-runtime-fbneo/submodules/fbneo/src/burn/debug_track.cpp:138:57: warning: ISO C++11 does not allow conversion from string literal to 'TCHAR *' (aka 'char *') [-Wwritable-strings]
  138 |         if (DebugSnd_SN76496Initted)            bprintf(PRINT_ERROR, _T("Sound Module SN76496 Not Exited\n"));
      |                                                                         ^
/home/runner/work/retro-manager/retro-manager/runtime/retropack-runtime-fbneo/submodules/fbneo/src/burn/debug_track.cpp:139:57: warning: ISO C++11 does not allow conversion from string literal to 'TCHAR *' (aka 'char *') [-Wwritable-strings]
  139 |         if (DebugSnd_UPD7759Initted)            bprintf(PRINT_ERROR, _T("Sound Module UPD7759 Not Exited\n"));
      |                                                                         ^
/home/runner/work/retro-manager/retro-manager/runtime/retropack-runtime-fbneo/submodules/fbneo/src/burn/debug_track.cpp:140:57: warning: ISO C++11 does not allow conversion from string literal to 'TCHAR *' (aka 'char *') [-Wwritable-strings]
  140 |         if (DebugSnd_VLM5030Initted)            bprintf(PRINT_ERROR, _T("Sound Module VLM5030 Not Exited\n"));
      |                                                                         ^
/home/runner/work/retro-manager/retro-manager/runtime/retropack-runtime-fbneo/submodules/fbneo/src/burn/debug_track.cpp:141:56: warning: ISO C++11 does not allow conversion from string literal to 'TCHAR *' (aka 'char *') [-Wwritable-strings]
  141 |         if (DebugSnd_X1010Initted)                      bprintf(PRINT_ERROR, _T("Sound Module X1010 Not Exited\n"));
      |                                                                                 ^
/home/runner/work/retro-manager/retro-manager/runtime/retropack-runtime-fbneo/submodules/fbneo/src/burn/debug_track.cpp:142:57: warning: ISO C++11 does not allow conversion from string literal to 'TCHAR *' (aka 'char *') [-Wwritable-strings]
  142 |         if (DebugSnd_YMZ280BInitted)            bprintf(PRINT_ERROR, _T("Sound Module YMZ280B Not Exited\n"));
      |                                                                         ^
/home/runner/work/retro-manager/retro-manager/runtime/retropack-runtime-fbneo/submodules/fbneo/src/burn/debug_track.cpp:144:55: warning: ISO C++11 does not allow conversion from string literal to 'TCHAR *' (aka 'char *') [-Wwritable-strings]
  144 |         if (DebugCPU_ARM7Initted)                       bprintf(PRINT_ERROR, _T("CPU ARM7 Not Exited\n"));
      |                                                                                 ^
/home/runner/work/retro-manager/retro-manager/runtime/retropack-runtime-fbneo/submodules/fbneo/src/burn/debug_track.cpp:145:55: warning: ISO C++11 does not allow conversion from string literal to 'TCHAR *' (aka 'char *') [-Wwritable-strings]
  145 |         if (DebugCPU_ARM9Initted)                       bprintf(PRINT_ERROR, _T("CPU ARM9 Not Exited\n"));
      |                                                                                 ^
/home/runner/work/retro-manager/retro-manager/runtime/retropack-runtime-fbneo/submodules/fbneo/src/burn/debug_track.cpp:146:54: warning: ISO C++11 does not allow conversion from string literal to 'TCHAR *' (aka 'char *') [-Wwritable-strings]
  146 |         if (DebugCPU_ARMInitted)                        bprintf(PRINT_ERROR, _T("CPU ARM Not Exited\n"));
      |                                                                                 ^
/home/runner/work/retro-manager/retro-manager/runtime/retropack-runtime-fbneo/submodules/fbneo/src/burn/debug_track.cpp:147:56: warning: ISO C++11 does not allow conversion from string literal to 'TCHAR *' (aka 'char *') [-Wwritable-strings]
  147 |         if (DebugCPU_H6280Initted)                      bprintf(PRINT_ERROR, _T("CPU H6280 Not Exited\n"));
      |                                                                                 ^
/home/runner/work/retro-manager/retro-manager/runtime/retropack-runtime-fbneo/submodules/fbneo/src/burn/debug_track.cpp:148:56: warning: ISO C++11 does not allow conversion from string literal to 'TCHAR *' (aka 'char *') [-Wwritable-strings]
  148 |         if (DebugCPU_HD6309Initted)             bprintf(PRINT_ERROR, _T("CPU HD6309 Not Exited\n"));
      |                                                                         ^
/home/runner/work/retro-manager/retro-manager/runtime/retropack-runtime-fbneo/submodules/fbneo/src/burn/debug_track.cpp:149:56: warning: ISO C++11 does not allow conversion from string literal to 'TCHAR *' (aka 'char *') [-Wwritable-strings]
  149 |         if (DebugCPU_KonamiInitted)             bprintf(PRINT_ERROR, _T("CPU Konami Not Exited\n"));
      |                                                                         ^
/home/runner/work/retro-manager/retro-manager/runtime/retropack-runtime-fbneo/submodules/fbneo/src/burn/debug_track.cpp:150:56: warning: ISO C++11 does not allow conversion from string literal to 'TCHAR *' (aka 'char *') [-Wwritable-strings]
  150 |         if (DebugCPU_M6502Initted)                      bprintf(PRINT_ERROR, _T("CPU M6502 Not Exited\n"));
      |                                                                                 ^
/home/runner/work/retro-manager/retro-manager/runtime/retropack-runtime-fbneo/submodules/fbneo/src/burn/debug_track.cpp:151:56: warning: ISO C++11 does not allow conversion from string literal to 'TCHAR *' (aka 'char *') [-Wwritable-strings]
  151 |         if (DebugCPU_M6800Initted)                      bprintf(PRINT_ERROR, _T("CPU M6800 Not Exited\n"));
      |                                                                                 ^
/home/runner/work/retro-manager/retro-manager/runtime/retropack-runtime-fbneo/submodules/fbneo/src/burn/debug_track.cpp:152:56: warning: ISO C++11 does not allow conversion from string literal to 'TCHAR *' (aka 'char *') [-Wwritable-strings]
  152 |         if (DebugCPU_M6805Initted)                      bprintf(PRINT_ERROR, _T("CPU M6805 Not Exited\n"));
      |                                                                                 ^
/home/runner/work/retro-manager/retro-manager/runtime/retropack-runtime-fbneo/submodules/fbneo/src/burn/debug_track.cpp:153:56: warning: ISO C++11 does not allow conversion from string literal to 'TCHAR *' (aka 'char *') [-Wwritable-strings]
  153 |         if (DebugCPU_M6809Initted)                      bprintf(PRINT_ERROR, _T("CPU M6809 Not Exited\n"));
      |                                                                                 ^
/home/runner/work/retro-manager/retro-manager/runtime/retropack-runtime-fbneo/submodules/fbneo/src/burn/debug_track.cpp:154:56: warning: ISO C++11 does not allow conversion from string literal to 'TCHAR *' (aka 'char *') [-Wwritable-strings]
  154 |         if (DebugCPU_S2650Initted)                      bprintf(PRINT_ERROR, _T("CPU S2650 Not Exited\n"));
      |                                                                                 ^
/home/runner/work/retro-manager/retro-manager/runtime/retropack-runtime-fbneo/submodules/fbneo/src/burn/debug_track.cpp:155:54: warning: ISO C++11 does not allow conversion from string literal to 'TCHAR *' (aka 'char *') [-Wwritable-strings]
  155 |         if (DebugCPU_SekInitted)                        bprintf(PRINT_ERROR, _T("CPU Sek Not Exited\n"));
      |                                                                                 ^
/home/runner/work/retro-manager/retro-manager/runtime/retropack-runtime-fbneo/submodules/fbneo/src/burn/debug_track.cpp:156:54: warning: ISO C++11 does not allow conversion from string literal to 'TCHAR *' (aka 'char *') [-Wwritable-strings]
  156 |         if (DebugCPU_VezInitted)                        bprintf(PRINT_ERROR, _T("CPU Vez Not Exited\n"));
      |                                                                                 ^
/home/runner/work/retro-manager/retro-manager/runtime/retropack-runtime-fbneo/submodules/fbneo/src/burn/debug_track.cpp:157:54: warning: ISO C++11 does not allow conversion from string literal to 'TCHAR *' (aka 'char *') [-Wwritable-strings]
  157 |         if (DebugCPU_ZetInitted)                        bprintf(PRINT_ERROR, _T("CPU Zet Not Exited\n"));
      |                                                                                 ^
/home/runner/work/retro-manager/retro-manager/runtime/retropack-runtime-fbneo/submodules/fbneo/src/burn/debug_track.cpp:158:57: warning: ISO C++11 does not allow conversion from string literal to 'TCHAR *' (aka 'char *') [-Wwritable-strings]
  158 |         if (DebugCPU_PIC16C5XInitted)           bprintf(PRINT_ERROR, _T("CPU PIC16C5X Not Exited\n"));
      |                                                                         ^
/home/runner/work/retro-manager/retro-manager/runtime/retropack-runtime-fbneo/submodules/fbneo/src/burn/debug_track.cpp:159:56: warning: ISO C++11 does not allow conversion from string literal to 'TCHAR *' (aka 'char *') [-Wwritable-strings]
  159 |         if (DebugCPU_I8039Initted)                      bprintf(PRINT_ERROR, _T("CPU I8039 Not Exited\n"));
      |                                                                                 ^
/home/runner/work/retro-manager/retro-manager/runtime/retropack-runtime-fbneo/submodules/fbneo/src/burn/debug_track.cpp:160:54: warning: ISO C++11 does not allow conversion from string literal to 'TCHAR *' (aka 'char *') [-Wwritable-strings]
  160 |         if (DebugCPU_SH2Initted)                        bprintf(PRINT_ERROR, _T("CPU SH2 Not Exited\n"));
      |                                                                                 ^
75 warnings generated.
[7/46] Building CXX object CMakeFiles/retropack-runtime-fbneo.dir/submodules/fbneo/src/burn/cheat.cpp.o
In file included from /home/runner/work/retro-manager/retro-manager/runtime/retropack-runtime-fbneo/submodules/fbneo/src/burn/cheat.cpp:4:
In file included from /home/runner/work/retro-manager/retro-manager/runtime/retropack-runtime-fbneo/submodules/fbneo/src/burn/burnint.h:17:
/home/runner/work/retro-manager/retro-manager/runtime/retropack-runtime-fbneo/submodules/fbneo/src/burn/devices/joyprocess.h:70:3: warning: ISO C++11 does not allow conversion from string literal to 'char *' [-Wwritable-strings]
   70 |                 SCAN_VAR(state);
      |                 ^
/home/runner/work/retro-manager/retro-manager/runtime/retropack-runtime-fbneo/submodules/fbneo/src/burn/state.h:72:44: note: expanded from macro 'SCAN_VAR'
   72 | #define SCAN_VAR(x) ScanVar(&x, sizeof(x), #x)
      |                                            ^
<scratch space>:117:1: note: expanded from here
  117 | "state"
      | ^
In file included from /home/runner/work/retro-manager/retro-manager/runtime/retropack-runtime-fbneo/submodules/fbneo/src/burn/cheat.cpp:4:
In file included from /home/runner/work/retro-manager/retro-manager/runtime/retropack-runtime-fbneo/submodules/fbneo/src/burn/burnint.h:17:
/home/runner/work/retro-manager/retro-manager/runtime/retropack-runtime-fbneo/submodules/fbneo/src/burn/devices/joyprocess.h:71:3: warning: ISO C++11 does not allow conversion from string literal to 'char *' [-Wwritable-strings]
   71 |                 SCAN_VAR(last_state);
      |                 ^
/home/runner/work/retro-manager/retro-manager/runtime/retropack-runtime-fbneo/submodules/fbneo/src/burn/state.h:72:44: note: expanded from macro 'SCAN_VAR'
   72 | #define SCAN_VAR(x) ScanVar(&x, sizeof(x), #x)
      |                                            ^
<scratch space>:118:1: note: expanded from here
  118 | "last_state"
      | ^
/home/runner/work/retro-manager/retro-manager/runtime/retropack-runtime-fbneo/submodules/fbneo/src/burn/cheat.cpp:86:16: warning: ISO C++11 does not allow conversion from string literal to 'TCHAR *' (aka 'char *') [-Wwritable-strings]
   86 |         bprintf(0, _T("CPU-registry: %s cpu #%d ...\n"), s_ptr->cpuconfig->cpu_name, nCPU);
      |                       ^
/home/runner/work/retro-manager/retro-manager/runtime/retropack-runtime-fbneo/submodules/fbneo/src/burn/cheat.cpp:132:18: warning: ISO C++11 does not allow conversion from string literal to 'TCHAR *' (aka 'char *') [-Wwritable-strings]
  132 |                         bprintf(0, _T("NES-Cheat #%d, option #%d: "), nCheat, pCurrentCheat->nCurrent);
      |                                       ^
/home/runner/work/retro-manager/retro-manager/runtime/retropack-runtime-fbneo/submodules/fbneo/src/burn/cheat.cpp:199:22: warning: ISO C++11 does not allow conversion from string literal to 'TCHAR *' (aka 'char *') [-Wwritable-strings]
  199 |                                                         bprintf(0, _T("Cheat #%d, option #%d. action: "), nCheat, nOption);
      |                                                                       ^
/home/runner/work/retro-manager/retro-manager/runtime/retropack-runtime-fbneo/submodules/fbneo/src/burn/cheat.cpp:200:22: warning: ISO C++11 does not allow conversion from string literal to 'TCHAR *' (aka 'char *') [-Wwritable-strings]
  200 |                                                         bprintf(0, _T("Undo cheat @ 0x%X -> 0x%X.\n"), pAddressInfo->nAddress, pAddressInfo->nOriginalValue);
      |                                                                       ^
/home/runner/work/retro-manager/retro-manager/runtime/retropack-runtime-fbneo/submodules/fbneo/src/burn/cheat.cpp:225:21: warning: ISO C++11 does not allow conversion from string literal to 'TCHAR *' (aka 'char *') [-Wwritable-strings]
  225 |                                                 bprintf(0, _T("NES-Cheat #%d, option #%d: "), nCheat, nOption);
      |                                                               ^
/home/runner/work/retro-manager/retro-manager/runtime/retropack-runtime-fbneo/submodules/fbneo/src/burn/cheat.cpp:242:21: warning: ISO C++11 does not allow conversion from string literal to 'TCHAR *' (aka 'char *') [-Wwritable-strings]
  242 |                                                 bprintf(0, _T("Cheat #%d, option #%d. action: "), nCheat, nOption);
      |                                                               ^
/home/runner/work/retro-manager/retro-manager/runtime/retropack-runtime-fbneo/submodules/fbneo/src/burn/cheat.cpp:245:22: warning: ISO C++11 does not allow conversion from string literal to 'TCHAR *' (aka 'char *') [-Wwritable-strings]
  245 |                                                         bprintf(0, _T("Watch memory @ 0x%X (0x%X)\n"), pAddressInfo->nAddress, pAddressInfo->nOriginalValue);
      |                                                                       ^
/home/runner/work/retro-manager/retro-manager/runtime/retropack-runtime-fbneo/submodules/fbneo/src/burn/cheat.cpp:248:23: warning: ISO C++11 does not allow conversion from string literal to 'TCHAR *' (aka 'char *') [-Wwritable-strings]
  248 |                                                                 bprintf(0, _T("Apply cheat @ 0x%X -> 0x%X. (Before 0x%X - One-Shot mode)\n"), pAddressInfo->nAddress, pAddressInfo->nValue, pAddressInfo->nOriginalValue);
      |                                                                               ^
/home/runner/work/retro-manager/retro-manager/runtime/retropack-runtime-fbneo/submodules/fbneo/src/burn/cheat.cpp:254:25: warning: ISO C++11 does not allow conversion from string literal to 'TCHAR *' (aka 'char *') [-Wwritable-strings]
  254 |                                                                                 bprintf(0, _T("Apply cheat @ %s pointer ([0x%X] + 0x%x + %x) -> 0x%X.\n"), nBits[pAddressInfo->nRelAddressBits & 3], pAddressInfo->nAddress, pAddressInfo->nRelAddressOffset, pAddressInfo->nMultiByte, pAddressInfo->nValue);
      |                                                                                               ^
/home/runner/work/retro-manager/retro-manager/runtime/retropack-runtime-fbneo/submodules/fbneo/src/burn/cheat.cpp:256:25: warning: ISO C++11 does not allow conversion from string literal to 'TCHAR *' (aka 'char *') [-Wwritable-strings]
  256 |                                                                                 bprintf(0, _T("Apply cheat @ %s pointer ([0x%X] + 0x%x) -> 0x%X.\n"), nBits[pAddressInfo->nRelAddressBits & 3], pAddressInfo->nAddress, pAddressInfo->nRelAddressOffset, pAddressInfo->nValue);
      |                                                                                               ^
/home/runner/work/retro-manager/retro-manager/runtime/retropack-runtime-fbneo/submodules/fbneo/src/burn/cheat.cpp:260:24: warning: ISO C++11 does not allow conversion from string literal to 'TCHAR *' (aka 'char *') [-Wwritable-strings]
  260 |                                                                         bprintf(0, _T("Apply cheat @ 0x%X -> 0x%X. (Undo 0x%X)\n"), pAddressInfo->nAddress, pAddressInfo->nValue, pAddressInfo->nOriginalValue);
      |                                                                                       ^
/home/runner/work/retro-manager/retro-manager/runtime/retropack-runtime-fbneo/submodules/fbneo/src/burn/cheat.cpp:264:22: warning: ISO C++11 does not allow conversion from string literal to 'TCHAR *' (aka 'char *') [-Wwritable-strings]
  264 |                                                         bprintf(0, _T(" - Triggered by: Waiting for modification!\n"));
      |                                                                       ^
/home/runner/work/retro-manager/retro-manager/runtime/retropack-runtime-fbneo/submodules/fbneo/src/burn/cheat.cpp:266:22: warning: ISO C++11 does not allow conversion from string literal to 'TCHAR *' (aka 'char *') [-Wwritable-strings]
  266 |                                                         bprintf(0, _T(" - Triggered by: Waiting for Match memory with extended!\n"));
      |                                                                       ^
/home/runner/work/retro-manager/retro-manager/runtime/retropack-runtime-fbneo/submodules/fbneo/src/burn/cheat.cpp:366:22: warning: ISO C++11 does not allow conversion from string literal to 'TCHAR *' (aka 'char *') [-Wwritable-strings]
  366 |                                                         bprintf(0, _T(" - Address modified! previous = %X now = %X\n"),pAddressInfo->nOriginalValue, nValNow);
      |                                                                       ^
/home/runner/work/retro-manager/retro-manager/runtime/retropack-runtime-fbneo/submodules/fbneo/src/burn/cheat.cpp:375:22: warning: ISO C++11 does not allow conversion from string literal to 'TCHAR *' (aka 'char *') [-Wwritable-strings]
  375 |                                                         bprintf(0, _T(" - Address Matched! previous = %X now = %X\n"),pAddressInfo->nOriginalValue, nValNow);
      |                                                                       ^
/home/runner/work/retro-manager/retro-manager/runtime/retropack-runtime-fbneo/submodules/fbneo/src/burn/cheat.cpp:431:20: warning: ISO C++11 does not allow conversion from string literal to 'TCHAR *' (aka 'char *') [-Wwritable-strings]
  431 |                                         bprintf(0, _T("One-Shot cheat #%d ends.\n"), nCurrentCheat);
      |                                                       ^
/home/runner/work/retro-manager/retro-manager/runtime/retropack-runtime-fbneo/submodules/fbneo/src/burn/cheat.cpp:454:16: warning: ISO C++11 does not allow conversion from string literal to 'TCHAR *' (aka 'char *') [-Wwritable-strings]
  454 |         bprintf(0, _T("Cheat cpu-register INIT.\n"));
      |                       ^
/home/runner/work/retro-manager/retro-manager/runtime/retropack-runtime-fbneo/submodules/fbneo/src/burn/cheat.cpp:523:17: warning: ISO C++11 does not allow conversion from string literal to 'TCHAR *' (aka 'char *') [-Wwritable-strings]
  523 |                 bprintf(0, _T("*  CPU memory range too huge, can't cheat search.\n"));
      |                               ^
/home/runner/work/retro-manager/retro-manager/runtime/retropack-runtime-fbneo/submodules/fbneo/src/burn/cheat.cpp:536:25: warning: ISO C++11 does not allow conversion from string literal to 'char *' [-Wwritable-strings]
  536 |         MemoryValues = (UINT8*)BurnMalloc(nMemorySize);
      |                                ^
/home/runner/work/retro-manager/retro-manager/runtime/retropack-runtime-fbneo/submodules/fbneo/src/burn/burnint.h:199:38: note: expanded from macro 'BurnMalloc'
  199 | #define BurnMalloc(x) _BurnMalloc(x, __FILE__, __LINE__)
      |                                      ^
<scratch space>:124:1: note: expanded from here
  124 | "/home/runner/work/retro-manager/retro-manager/runtime/retropack-runtime-fbneo/submodules/fbneo/src/burn/cheat.cpp"
      | ^
/home/runner/work/retro-manager/retro-manager/runtime/retropack-runtime-fbneo/submodules/fbneo/src/burn/cheat.cpp:537:25: warning: ISO C++11 does not allow conversion from string literal to 'char *' [-Wwritable-strings]
  537 |         MemoryStatus = (UINT8*)BurnMalloc(nMemorySize);
      |                                ^
/home/runner/work/retro-manager/retro-manager/runtime/retropack-runtime-fbneo/submodules/fbneo/src/burn/burnint.h:199:38: note: expanded from macro 'BurnMalloc'
  199 | #define BurnMalloc(x) _BurnMalloc(x, __FILE__, __LINE__)
      |                                      ^
<scratch space>:126:1: note: expanded from here
  126 | "/home/runner/work/retro-manager/retro-manager/runtime/retropack-runtime-fbneo/submodules/fbneo/src/burn/cheat.cpp"
      | ^
22 warnings generated.
[8/46] Building CXX object CMakeFiles/retropack-runtime-fbneo.dir/submodules/fbneo/src/burn/burn_gun.cpp.o
In file included from /home/runner/work/retro-manager/retro-manager/runtime/retropack-runtime-fbneo/submodules/fbneo/src/burn/burn_gun.cpp:1:
In file included from /home/runner/work/retro-manager/retro-manager/runtime/retropack-runtime-fbneo/submodules/fbneo/src/burn/burnint.h:17:
/home/runner/work/retro-manager/retro-manager/runtime/retropack-runtime-fbneo/submodules/fbneo/src/burn/devices/joyprocess.h:70:3: warning: ISO C++11 does not allow conversion from string literal to 'char *' [-Wwritable-strings]
   70 |                 SCAN_VAR(state);
      |                 ^
/home/runner/work/retro-manager/retro-manager/runtime/retropack-runtime-fbneo/submodules/fbneo/src/burn/state.h:72:44: note: expanded from macro 'SCAN_VAR'
   72 | #define SCAN_VAR(x) ScanVar(&x, sizeof(x), #x)
      |                                            ^
<scratch space>:117:1: note: expanded from here
  117 | "state"
      | ^
In file included from /home/runner/work/retro-manager/retro-manager/runtime/retropack-runtime-fbneo/submodules/fbneo/src/burn/burn_gun.cpp:1:
In file included from /home/runner/work/retro-manager/retro-manager/runtime/retropack-runtime-fbneo/submodules/fbneo/src/burn/burnint.h:17:
/home/runner/work/retro-manager/retro-manager/runtime/retropack-runtime-fbneo/submodules/fbneo/src/burn/devices/joyprocess.h:71:3: warning: ISO C++11 does not allow conversion from string literal to 'char *' [-Wwritable-strings]
   71 |                 SCAN_VAR(last_state);
      |                 ^
/home/runner/work/retro-manager/retro-manager/runtime/retropack-runtime-fbneo/submodules/fbneo/src/burn/state.h:72:44: note: expanded from macro 'SCAN_VAR'
   72 | #define SCAN_VAR(x) ScanVar(&x, sizeof(x), #x)
      |                                            ^
<scratch space>:118:1: note: expanded from here
  118 | "last_state"
      | ^
/home/runner/work/retro-manager/retro-manager/runtime/retropack-runtime-fbneo/submodules/fbneo/src/burn/burn_gun.cpp:450:17: warning: ISO C++11 does not allow conversion from string literal to 'TCHAR *' (aka 'char *') [-Wwritable-strings]
  450 |                 bprintf(0, _T("BurnTrackballReadInterpolated(): Max_Scanlines not set!\n"));
      |                               ^
/home/runner/work/retro-manager/retro-manager/runtime/retropack-runtime-fbneo/submodules/fbneo/src/burn/burn_gun.cpp:695:3: warning: ISO C++11 does not allow conversion from string literal to 'char *' [-Wwritable-strings]
  695 |                 SCAN_VAR(BurnPaddleX);
      |                 ^
/home/runner/work/retro-manager/retro-manager/runtime/retropack-runtime-fbneo/submodules/fbneo/src/burn/state.h:72:44: note: expanded from macro 'SCAN_VAR'
   72 | #define SCAN_VAR(x) ScanVar(&x, sizeof(x), #x)
      |                                            ^
<scratch space>:423:1: note: expanded from here
  423 | "BurnPaddleX"
      | ^
/home/runner/work/retro-manager/retro-manager/runtime/retropack-runtime-fbneo/submodules/fbneo/src/burn/burn_gun.cpp:696:3: warning: ISO C++11 does not allow conversion from string literal to 'char *' [-Wwritable-strings]
  696 |                 SCAN_VAR(BurnPaddleY);
      |                 ^
/home/runner/work/retro-manager/retro-manager/runtime/retropack-runtime-fbneo/submodules/fbneo/src/burn/state.h:72:44: note: expanded from macro 'SCAN_VAR'
   72 | #define SCAN_VAR(x) ScanVar(&x, sizeof(x), #x)
      |                                            ^
<scratch space>:424:1: note: expanded from here
  424 | "BurnPaddleY"
      | ^
/home/runner/work/retro-manager/retro-manager/runtime/retropack-runtime-fbneo/submodules/fbneo/src/burn/burn_gun.cpp:697:3: warning: ISO C++11 does not allow conversion from string literal to 'char *' [-Wwritable-strings]
  697 |                 SCAN_VAR(TrackA);
      |                 ^
/home/runner/work/retro-manager/retro-manager/runtime/retropack-runtime-fbneo/submodules/fbneo/src/burn/state.h:72:44: note: expanded from macro 'SCAN_VAR'
   72 | #define SCAN_VAR(x) ScanVar(&x, sizeof(x), #x)
      |                                            ^
<scratch space>:425:1: note: expanded from here
  425 | "TrackA"
      | ^
/home/runner/work/retro-manager/retro-manager/runtime/retropack-runtime-fbneo/submodules/fbneo/src/burn/burn_gun.cpp:698:3: warning: ISO C++11 does not allow conversion from string literal to 'char *' [-Wwritable-strings]
  698 |                 SCAN_VAR(TrackB);
      |                 ^
/home/runner/work/retro-manager/retro-manager/runtime/retropack-runtime-fbneo/submodules/fbneo/src/burn/state.h:72:44: note: expanded from macro 'SCAN_VAR'
   72 | #define SCAN_VAR(x) ScanVar(&x, sizeof(x), #x)
      |                                            ^
<scratch space>:426:1: note: expanded from here
  426 | "TrackB"
      | ^
/home/runner/work/retro-manager/retro-manager/runtime/retropack-runtime-fbneo/submodules/fbneo/src/burn/burn_gun.cpp:699:3: warning: ISO C++11 does not allow conversion from string literal to 'char *' [-Wwritable-strings]
  699 |                 SCAN_VAR(TrackA_Prev);
      |                 ^
/home/runner/work/retro-manager/retro-manager/runtime/retropack-runtime-fbneo/submodules/fbneo/src/burn/state.h:72:44: note: expanded from macro 'SCAN_VAR'
   72 | #define SCAN_VAR(x) ScanVar(&x, sizeof(x), #x)
      |                                            ^
<scratch space>:427:1: note: expanded from here
  427 | "TrackA_Prev"
      | ^
/home/runner/work/retro-manager/retro-manager/runtime/retropack-runtime-fbneo/submodules/fbneo/src/burn/burn_gun.cpp:700:3: warning: ISO C++11 does not allow conversion from string literal to 'char *' [-Wwritable-strings]
  700 |                 SCAN_VAR(TrackB_Prev);
      |                 ^
/home/runner/work/retro-manager/retro-manager/runtime/retropack-runtime-fbneo/submodules/fbneo/src/burn/state.h:72:44: note: expanded from macro 'SCAN_VAR'
   72 | #define SCAN_VAR(x) ScanVar(&x, sizeof(x), #x)
      |                                            ^
<scratch space>:428:1: note: expanded from here
  428 | "TrackB_Prev"
      | ^
/home/runner/work/retro-manager/retro-manager/runtime/retropack-runtime-fbneo/submodules/fbneo/src/burn/burn_gun.cpp:702:3: warning: ISO C++11 does not allow conversion from string literal to 'char *' [-Wwritable-strings]
  702 |                 SCAN_VAR(PaddleLast);
      |                 ^
/home/runner/work/retro-manager/retro-manager/runtime/retropack-runtime-fbneo/submodules/fbneo/src/burn/state.h:72:44: note: expanded from macro 'SCAN_VAR'
   72 | #define SCAN_VAR(x) ScanVar(&x, sizeof(x), #x)
      |                                            ^
<scratch space>:429:1: note: expanded from here
  429 | "PaddleLast"
      | ^
/home/runner/work/retro-manager/retro-manager/runtime/retropack-runtime-fbneo/submodules/fbneo/src/burn/burn_gun.cpp:704:3: warning: ISO C++11 does not allow conversion from string literal to 'char *' [-Wwritable-strings]
  704 |                 SCAN_VAR(DIAL_INC);
      |                 ^
/home/runner/work/retro-manager/retro-manager/runtime/retropack-runtime-fbneo/submodules/fbneo/src/burn/state.h:72:44: note: expanded from macro 'SCAN_VAR'
   72 | #define SCAN_VAR(x) ScanVar(&x, sizeof(x), #x)
      |                                            ^
<scratch space>:430:1: note: expanded from here
  430 | "DIAL_INC"
      | ^
/home/runner/work/retro-manager/retro-manager/runtime/retropack-runtime-fbneo/submodules/fbneo/src/burn/burn_gun.cpp:705:3: warning: ISO C++11 does not allow conversion from string literal to 'char *' [-Wwritable-strings]
  705 |                 SCAN_VAR(DIAL_VEL);
      |                 ^
/home/runner/work/retro-manager/retro-manager/runtime/retropack-runtime-fbneo/submodules/fbneo/src/burn/state.h:72:44: note: expanded from macro 'SCAN_VAR'
   72 | #define SCAN_VAR(x) ScanVar(&x, sizeof(x), #x)
      |                                            ^
<scratch space>:431:1: note: expanded from here
  431 | "DIAL_VEL"
      | ^
/home/runner/work/retro-manager/retro-manager/runtime/retropack-runtime-fbneo/submodules/fbneo/src/burn/burn_gun.cpp:706:3: warning: ISO C++11 does not allow conversion from string literal to 'char *' [-Wwritable-strings]
  706 |                 SCAN_VAR(DIAL_VELx);
      |                 ^
/home/runner/work/retro-manager/retro-manager/runtime/retropack-runtime-fbneo/submodules/fbneo/src/burn/state.h:72:44: note: expanded from macro 'SCAN_VAR'
   72 | #define SCAN_VAR(x) ScanVar(&x, sizeof(x), #x)
      |                                            ^
<scratch space>:432:1: note: expanded from here
  432 | "DIAL_VELx"
      | ^
/home/runner/work/retro-manager/retro-manager/runtime/retropack-runtime-fbneo/submodules/fbneo/src/burn/burn_gun.cpp:707:3: warning: ISO C++11 does not allow conversion from string literal to 'char *' [-Wwritable-strings]
  707 |                 SCAN_VAR(DrvJoyT);
      |                 ^
/home/runner/work/retro-manager/retro-manager/runtime/retropack-runtime-fbneo/submodules/fbneo/src/burn/state.h:72:44: note: expanded from macro 'SCAN_VAR'
   72 | #define SCAN_VAR(x) ScanVar(&x, sizeof(x), #x)
      |                                            ^
<scratch space>:433:1: note: expanded from here
  433 | "DrvJoyT"
      | ^
/home/runner/work/retro-manager/retro-manager/runtime/retropack-runtime-fbneo/submodules/fbneo/src/burn/burn_gun.cpp:710:3: warning: ISO C++11 does not allow conversion from string literal to 'char *' [-Wwritable-strings]
  710 |                 SCAN_VAR(BurnGunX);
      |                 ^
/home/runner/work/retro-manager/retro-manager/runtime/retropack-runtime-fbneo/submodules/fbneo/src/burn/state.h:72:44: note: expanded from macro 'SCAN_VAR'
   72 | #define SCAN_VAR(x) ScanVar(&x, sizeof(x), #x)
      |                                            ^
<scratch space>:434:1: note: expanded from here
  434 | "BurnGunX"
      | ^
/home/runner/work/retro-manager/retro-manager/runtime/retropack-runtime-fbneo/submodules/fbneo/src/burn/burn_gun.cpp:711:3: warning: ISO C++11 does not allow conversion from string literal to 'char *' [-Wwritable-strings]
  711 |                 SCAN_VAR(BurnGunY);
      |                 ^
/home/runner/work/retro-manager/retro-manager/runtime/retropack-runtime-fbneo/submodules/fbneo/src/burn/state.h:72:44: note: expanded from macro 'SCAN_VAR'
   72 | #define SCAN_VAR(x) ScanVar(&x, sizeof(x), #x)
      |                                            ^
<scratch space>:435:1: note: expanded from here
  435 | "BurnGunY"
      | ^
/home/runner/work/retro-manager/retro-manager/runtime/retropack-runtime-fbneo/submodules/fbneo/src/burn/burn_gun.cpp:712:3: warning: ISO C++11 does not allow conversion from string literal to 'char *' [-Wwritable-strings]
  712 |                 SCAN_VAR(GunTargetTimer);
      |                 ^
/home/runner/work/retro-manager/retro-manager/runtime/retropack-runtime-fbneo/submodules/fbneo/src/burn/state.h:72:44: note: expanded from macro 'SCAN_VAR'
   72 | #define SCAN_VAR(x) ScanVar(&x, sizeof(x), #x)
      |                                            ^
<scratch space>:436:1: note: expanded from here
  436 | "GunTargetTimer"
      | ^
/home/runner/work/retro-manager/retro-manager/runtime/retropack-runtime-fbneo/submodules/fbneo/src/burn/burn_gun.cpp:713:3: warning: ISO C++11 does not allow conversion from string literal to 'char *' [-Wwritable-strings]
  713 |                 SCAN_VAR(GunTargetLastX);
      |                 ^
/home/runner/work/retro-manager/retro-manager/runtime/retropack-runtime-fbneo/submodules/fbneo/src/burn/state.h:72:44: note: expanded from macro 'SCAN_VAR'
   72 | #define SCAN_VAR(x) ScanVar(&x, sizeof(x), #x)
      |                                            ^
<scratch space>:437:1: note: expanded from here
  437 | "GunTargetLastX"
      | ^
/home/runner/work/retro-manager/retro-manager/runtime/retropack-runtime-fbneo/submodules/fbneo/src/burn/burn_gun.cpp:714:3: warning: ISO C++11 does not allow conversion from string literal to 'char *' [-Wwritable-strings]
  714 |                 SCAN_VAR(GunTargetLastY);
      |                 ^
/home/runner/work/retro-manager/retro-manager/runtime/retropack-runtime-fbneo/submodules/fbneo/src/burn/state.h:72:44: note: expanded from macro 'SCAN_VAR'
   72 | #define SCAN_VAR(x) ScanVar(&x, sizeof(x), #x)
      |                                            ^
<scratch space>:438:1: note: expanded from here
  438 | "GunTargetLastY"
      | ^
19 warnings generated.
ninja: build stopped: subcommand failed.

C++ build system [build] failed while executing:
    /usr/local/lib/android/sdk/cmake/3.22.1/bin/ninja \
      -C \
      /home/runner/work/retro-manager/retro-manager/runtime/retropack-runtime-fbneo/.cxx/Debug/1b1s4j3o/arm64-v8a \
      retropack-runtime-fbneo
  from /home/runner/work/retro-manager/retro-manager/runtime/retropack-runtime-fbneo
	at com.android.build.gradle.internal.cxx.process.ExecuteProcessKt.execute(ExecuteProcess.kt:288)
	at com.android.build.gradle.internal.cxx.process.ExecuteProcessKt$executeProcess$1.invoke(ExecuteProcess.kt:108)
	at com.android.build.gradle.internal.cxx.process.ExecuteProcessKt$executeProcess$1.invoke(ExecuteProcess.kt:106)
	at com.android.build.gradle.internal.cxx.timing.TimingEnvironmentKt.time(TimingEnvironment.kt:32)
	at com.android.build.gradle.internal.cxx.process.ExecuteProcessKt.executeProcess(ExecuteProcess.kt:106)
	at com.android.build.gradle.internal.cxx.process.ExecuteProcessKt.executeProcess$default(ExecuteProcess.kt:85)
	at com.android.build.gradle.internal.cxx.build.CxxRegularBuilder.executeProcessBatch(CxxRegularBuilder.kt:332)
	at com.android.build.gradle.internal.cxx.build.CxxRegularBuilder.build(CxxRegularBuilder.kt:129)
	at com.android.build.gradle.tasks.ExternalNativeBuildTask.doTaskAction(ExternalNativeBuildTask.kt:72)
	at com.android.build.gradle.internal.tasks.UnsafeOutputsTask$taskAction$$inlined$recordTaskAction$1.invoke(BaseTask.kt:78)
	at com.android.build.gradle.internal.tasks.Blocks.recordSpan(Blocks.java:51)
	at com.android.build.gradle.internal.tasks.UnsafeOutputsTask.taskAction(UnsafeOutputsTask.kt:81)
	at org.gradle.internal.reflect.JavaMethod.invoke(JavaMethod.java:125)
	... 160 more
Caused by: com.android.ide.common.process.ProcessException: Error while executing process /usr/local/lib/android/sdk/cmake/3.22.1/bin/ninja with arguments {-C /home/runner/work/retro-manager/retro-manager/runtime/retropack-runtime-fbneo/.cxx/Debug/1b1s4j3o/arm64-v8a retropack-runtime-fbneo}
	at com.android.build.gradle.internal.process.GradleProcessResult.buildProcessException(GradleProcessResult.java:73)
	at com.android.build.gradle.internal.process.GradleProcessResult.assertNormalExitValue(GradleProcessResult.java:48)
	at com.android.build.gradle.internal.cxx.process.ExecuteProcessKt.execute(ExecuteProcess.kt:277)
	... 172 more
Caused by: org.gradle.process.ProcessExecutionException: Process 'command '/usr/local/lib/android/sdk/cmake/3.22.1/bin/ninja'' finished with non-zero exit value 1
	at org.gradle.process.internal.DefaultExecHandle$ExecResultImpl.assertNormalExitValue(DefaultExecHandle.java:459)
	at com.android.build.gradle.internal.process.GradleProcessResult.assertNormalExitValue(GradleProcessResult.java:46)
	... 173 more


Deprecated Gradle features were used in this build, making it incompatible with Gradle 10.

You can use '--warning-mode all' to show the individual deprecation warnings and determine if they come from your own scripts or plugins.

For more on this, please refer to https://docs.gradle.org/9.5.1/userguide/command_line_interface.html#sec:command_line_warnings in the Gradle documentation.

BUILD FAILED in 2s
2 actionable tasks: 2 executed
