> Task :runtime:retropack-runtime-mupen64:preBuild UP-TO-DATE
> Task :runtime:retropack-runtime-mupen64:preDebugBuild UP-TO-DATE
> Task :runtime:retropack-runtime-mupen64:configureCMakeDebug[arm64-v8a]

> Task :runtime:retropack-runtime-mupen64:buildCMakeDebug[arm64-v8a] FAILED
C/C++: ninja: Entering directory `/home/runner/work/retro-manager/retro-manager/runtime/retropack-runtime-mupen64/.cxx/Debug/1k4d283o/arm64-v8a'
C/C++: : && /usr/local/lib/android/sdk/ndk/27.0.12077973/toolchains/llvm/prebuilt/linux-x86_64/bin/clang --target=aarch64-none-linux-android26 --sysroot=/usr/local/lib/android/sdk/ndk/27.0.12077973/toolchains/llvm/prebuilt/linux-x86_64/sysroot -fPIC -g -DANDROID -fdata-sections -ffunction-sections -funwind-tables -fstack-protector-strong -no-canonical-prefixes -D_FORTIFY_SOURCE=2 -Wformat -Werror=format-security  -fno-limit-debug-info  -static-libstdc++ -Wl,--build-id=sha1 -Wl,--no-rosegment -Wl,--no-undefined-version -Wl,--fatal-warnings -Wl,--no-undefined -Qunused-arguments  -Wl,-z,max-page-size=16384 -Wl,-z,common-page-size=16384   -Wl,-z,max-page-size=16384 -Wl,-z,common-page-size=16384 -shared -Wl,-soname,libretropack-runtime-mupen64.so -o ../../../../build/intermediates/cxx/Debug/1k4d283o/obj/arm64-v8a/libretropack-runtime-mupen64.so CMakeFiles/retropack-runtime-mupen64.dir/src/main/cpp/mupen64-jni.c.o CMakeFiles/retropack-runtime-mupen64.dir/src/main/cpp/ringbuffer.c.o CMakeFiles/retropack-runtime-mupen64.dir/submodules/mupen64plus-next/mupen64plus-core/src/api/callbacks.c.o CMakeFiles/retropack-runtime-mupen64.dir/submodules/mupen64plus-next/mupen64plus-core/src/api/debugger.c.o CMakeFiles/retropack-runtime-mupen64.dir/submodules/mupen64plus-next/mupen64plus-core/src/api/frontend.c.o CMakeFiles/retropack-runtime-mupen64.dir/submodules/mupen64plus-next/custom/mupen64plus-core/api/config.c.o CMakeFiles/retropack-runtime-mupen64.dir/submodules/mupen64plus-next/mupen64plus-core/src/backends/plugins_compat/audio_plugin_compat.c.o CMakeFiles/retropack-runtime-mupen64.dir/submodules/mupen64plus-next/mupen64plus-core/src/backends/api/video_capture_backend.c.o CMakeFiles/retropack-runtime-mupen64.dir/submodules/mupen64plus-next/mupen64plus-core/src/backends/plugins_compat/input_plugin_compat.c.o CMakeFiles/retropack-runtime-mupen64.dir/submodules/mupen64plus-next/mupen64plus-core/src/backends/clock_ctime_plus_delta.c.o CMakeFiles/retropack-runtime-mupen64.dir/submodules/mupen64plus-next/mupen64plus-core/src/backends/dummy_video_capture.c.o CMakeFiles/retropack-runtime-mupen64.dir/submodules/mupen64plus-next/mupen64plus-core/src/backends/file_storage.c.o CMakeFiles/retropack-runtime-mupen64.dir/submodules/mupen64plus-next/mupen64plus-core/src/device/cart/cart.c.o CMakeFiles/retropack-runtime-mupen64.dir/submodules/mupen64plus-next/mupen64plus-core/src/device/cart/af_rtc.c.o CMakeFiles/retropack-runtime-mupen64.dir/submodules/mupen64plus-next/mupen64plus-core/src/device/cart/cart_rom.c.o CMakeFiles/retropack-runtime-mupen64.dir/submodules/mupen64plus-next/mupen64plus-core/src/device/cart/eeprom.c.o CMakeFiles/retropack-runtime-mupen64.dir/submodules/mupen64plus-next/mupen64plus-core/src/device/cart/flashram.c.o CMakeFiles/retropack-runtime-mupen64.dir/submodules/mupen64plus-next/mupen64plus-core/src/device/cart/is_viewer.c.o CMakeFiles/retropack-runtime-mupen64.dir/submodules/mupen64plus-next/mupen64plus-core/src/device/cart/sram.c.o CMakeFiles/retropack-runtime-mupen64.dir/submodules/mupen64plus-next/mupen64plus-core/src/device/controllers/game_controller.c.o CMakeFiles/retropack-runtime-mupen64.dir/submodules/mupen64plus-next/mupen64plus-core/src/device/controllers/vru_controller.c.o CMakeFiles/retropack-runtime-mupen64.dir/submodules/mupen64plus-next/mupen64plus-core/src/device/controllers/paks/biopak.c.o CMakeFiles/retropack-runtime-mupen64.dir/submodules/mupen64plus-next/mupen64plus-core/src/device/controllers/paks/mempak.c.o CMakeFiles/retropack-runtime-mupen64.dir/submodules/mupen64plus-next/mupen64plus-core/src/device/controllers/paks/rumblepak.c.o CMakeFiles/retropack-runtime-mupen64.dir/submodules/mupen64plus-next/mupen64plus-core/src/device/controllers/paks/transferpak.c.o CMakeFiles/retropack-runtime-mupen64.dir/submodules/mupen64plus-next/mupen64plus-core/src/device/dd/dd_controller.c.o CMakeFiles/retropack-runtime-mupen64.dir/submodules/mupen64plus-next/mupen64plus-core/src/device/dd/disk.c.o CMakeFiles/retropack-runtime-mupen64.dir/submodules/mupen64plus-next/mupen64plus-core/src/device/device.c.o CMakeFiles/retropack-runtime-mupen64.dir/submodules/mupen64plus-next/mupen64plus-core/src/device/gb/gb_cart.c.o CMakeFiles/retropack-runtime-mupen64.dir/submodules/mupen64plus-next/mupen64plus-core/src/device/gb/mbc3_rtc.c.o CMakeFiles/retropack-runtime-mupen64.dir/submodules/mupen64plus-next/mupen64plus-core/src/device/gb/m64282fp.c.o CMakeFiles/retropack-runtime-mupen64.dir/submodules/mupen64plus-next/mupen64plus-core/src/device/memory/memory.c.o CMakeFiles/retropack-runtime-mupen64.dir/submodules/mupen64plus-next/mupen64plus-core/src/device/pif/bootrom_hle.c.o CMakeFiles/retropack-runtime-mupen64.dir/submodules/mupen64plus-next/mupen64plus-core/src/device/pif/cic.c.o CMakeFiles/retropack-runtime-mupen64.dir/submodules/mupen64plus-next/mupen64plus-core/src/device/pif/n64_cic_nus_6105.c.o CMakeFiles/retropack-runtime-mupen64.dir/submodules/mupen64plus-next/mupen64plus-core/src/device/pif/pif.c.o CMakeFiles/retropack-runtime-mupen64.dir/submodules/mupen64plus-next/mupen64plus-core/src/device/r4300/cached_interp.c.o CMakeFiles/retropack-runtime-mupen64.dir/submodules/mupen64plus-next/mupen64plus-core/src/device/r4300/cp0.c.o CMakeFiles/retropack-runtime-mupen64.dir/submodules/mupen64plus-next/mupen64plus-core/src/device/r4300/cp1.c.o CMakeFiles/retropack-runtime-mupen64.dir/submodules/mupen64plus-next/mupen64plus-core/src/device/r4300/cp2.c.o CMakeFiles/retropack-runtime-mupen64.dir/submodules/mupen64plus-next/mupen64plus-core/src/device/r4300/idec.c.o CMakeFiles/retropack-runtime-mupen64.dir/submodules/mupen64plus-next/mupen64plus-core/src/device/r4300/interrupt.c.o CMakeFiles/retropack-runtime-mupen64.dir/submodules/mupen64plus-next/mupen64plus-core/src/device/r4300/pure_interp.c.o CMakeFiles/retropack-runtime-mupen64.dir/submodules/mupen64plus-next/mupen64plus-core/src/device/r4300/r4300_core.c.o CMakeFiles/retropack-runtime-mupen64.dir/submodules/mupen64plus-next/mupen64plus-core/src/device/r4300/tlb.c.o CMakeFiles/retropack-runtime-mupen64.dir/submodules/mupen64plus-next/mupen64plus-core/src/device/rcp/ai/ai_controller.c.o CMakeFiles/retropack-runtime-mupen64.dir/submodules/mupen64plus-next/mupen64plus-core/src/device/rcp/mi/mi_controller.c.o CMakeFiles/retropack-runtime-mupen64.dir/submodules/mupen64plus-next/mupen64plus-core/src/device/rcp/pi/pi_controller.c.o CMakeFiles/retropack-runtime-mupen64.dir/submodules/mupen64plus-next/mupen64plus-core/src/device/rcp/rdp/fb.c.o CMakeFiles/retropack-runtime-mupen64.dir/submodules/mupen64plus-next/mupen64plus-core/src/device/rcp/rdp/rdp_core.c.o CMakeFiles/retropack-runtime-mupen64.dir/submodules/mupen64plus-next/mupen64plus-core/src/device/rcp/ri/ri_controller.c.o CMakeFiles/retropack-runtime-mupen64.dir/submodules/mupen64plus-next/mupen64plus-core/src/device/rcp/rsp/rsp_core.c.o CMakeFiles/retropack-runtime-mupen64.dir/submodules/mupen64plus-next/mupen64plus-core/src/device/rcp/si/si_controller.c.o CMakeFiles/retropack-runtime-mupen64.dir/submodules/mupen64plus-next/mupen64plus-core/src/device/rcp/vi/vi_controller.c.o CMakeFiles/retropack-runtime-mupen64.dir/submodules/mupen64plus-next/mupen64plus-core/src/device/rdram/rdram.c.o CMakeFiles/retropack-runtime-mupen64.dir/submodules/mupen64plus-next/mupen64plus-core/src/main/main.c.o CMakeFiles/retropack-runtime-mupen64.dir/submodules/mupen64plus-next/mupen64plus-core/src/main/util.c.o CMakeFiles/retropack-runtime-mupen64.dir/submodules/mupen64plus-next/mupen64plus-core/src/main/cheat.c.o CMakeFiles/retropack-runtime-mupen64.dir/submodules/mupen64plus-next/mupen64plus-core/src/main/rom.c.o CMakeFiles/retropack-runtime-mupen64.dir/submodules/mupen64plus-next/mupen64plus-core/src/main/savestates.c.o CMakeFiles/retropack-runtime-mupen64.dir/submodules/mupen64plus-next/mupen64plus-core/src/plugin/plugin.c.o CMakeFiles/retropack-runtime-mupen64.dir/submodules/mupen64plus-next/mupen64plus-core/src/plugin/dummy_audio.c.o CMakeFiles/retropack-runtime-mupen64.dir/submodules/mupen64plus-next/mupen64plus-core/src/plugin/dummy_input.c.o CMakeFiles/retropack-runtime-mupen64.dir/submodules/mupen64plus-next/mupen64plus-core/src/osal/files_unix.c.o CMakeFiles/retropack-runtime-mupen64.dir/submodules/mupen64plus-next/mupen64plus-core/src/osal/dynamiclib_unix.c.o CMakeFiles/retropack-runtime-mupen64.dir/submodules/mupen64plus-next/mupen64plus-core/subprojects/md5/md5.c.o CMakeFiles/retropack-runtime-mupen64.dir/submodules/mupen64plus-next/mupen64plus-core/subprojects/minizip/ioapi.c.o CMakeFiles/retropack-runtime-mupen64.dir/submodules/mupen64plus-next/mupen64plus-core/subprojects/minizip/unzip.c.o CMakeFiles/retropack-runtime-mupen64.dir/submodules/mupen64plus-next/mupen64plus-core/subprojects/minizip/zip.c.o CMakeFiles/retropack-runtime-mupen64.dir/submodules/mupen64plus-next/mupen64plus-rsp-hle/src/alist.c.o CMakeFiles/retropack-runtime-mupen64.dir/submodules/mupen64plus-next/mupen64plus-rsp-hle/src/alist_audio.c.o CMakeFiles/retropack-runtime-mupen64.dir/submodules/mupen64plus-next/mupen64plus-rsp-hle/src/alist_naudio.c.o CMakeFiles/retropack-runtime-mupen64.dir/submodules/mupen64plus-next/mupen64plus-rsp-hle/src/alist_nead.c.o CMakeFiles/retropack-runtime-mupen64.dir/submodules/mupen64plus-next/mupen64plus-rsp-hle/src/audio.c.o CMakeFiles/retropack-runtime-mupen64.dir/submodules/mupen64plus-next/mupen64plus-rsp-hle/src/cicx105.c.o CMakeFiles/retropack-runtime-mupen64.dir/submodules/mupen64plus-next/mupen64plus-rsp-hle/src/hle.c.o CMakeFiles/retropack-runtime-mupen64.dir/submodules/mupen64plus-next/mupen64plus-rsp-hle/src/hvqm.c.o CMakeFiles/retropack-runtime-mupen64.dir/submodules/mupen64plus-next/mupen64plus-rsp-hle/src/jpeg.c.o CMakeFiles/retropack-runtime-mupen64.dir/submodules/mupen64plus-next/mupen64plus-rsp-hle/src/memory.c.o CMakeFiles/retropack-runtime-mupen64.dir/submodules/mupen64plus-next/mupen64plus-rsp-hle/src/mp3.c.o CMakeFiles/retropack-runtime-mupen64.dir/submodules/mupen64plus-next/mupen64plus-rsp-hle/src/musyx.c.o CMakeFiles/retropack-runtime-mupen64.dir/submodules/mupen64plus-next/mupen64plus-rsp-hle/src/re2.c.o CMakeFiles/retropack-runtime-mupen64.dir/submodules/mupen64plus-next/mupen64plus-rsp-hle/src/plugin.c.o CMakeFiles/retropack-runtime-mupen64.dir/submodules/mupen64plus-next/mupen64plus-video-angrylion/interface.c.o CMakeFiles/retropack-runtime-mupen64.dir/submodules/mupen64plus-next/mupen64plus-video-angrylion/n64video.c.o  -lGLESv3  -lGLESv2  -lEGL  -lOpenSLES  -landroid  -llog  -lm  -lz  -latomic -lm && :
C/C++: ld.lld: error: undefined symbol: OverrideVideoFunctions
C/C++: >>> referenced by frontend.c:318 (/home/runner/work/retro-manager/retro-manager/runtime/retropack-runtime-mupen64/submodules/mupen64plus-next/mupen64plus-core/src/api/frontend.c:318)
C/C++: >>>               CMakeFiles/retropack-runtime-mupen64.dir/submodules/mupen64plus-next/mupen64plus-core/src/api/frontend.c.o:(CoreOverrideVidExt)
C/C++: ld.lld: error: undefined symbol: retro_transferpak_rom_path
C/C++: >>> referenced by input_plugin_compat.c:118 (/home/runner/work/retro-manager/retro-manager/runtime/retropack-runtime-mupen64/submodules/mupen64plus-next/mupen64plus-core/src/backends/plugins_compat/input_plugin_compat.c:118)
C/C++: >>>               CMakeFiles/retropack-runtime-mupen64.dir/submodules/mupen64plus-next/mupen64plus-core/src/backends/plugins_compat/input_plugin_compat.c.o:(input_plugin_get_input)
C/C++: >>> referenced by input_plugin_compat.c:118 (/home/runner/work/retro-manager/retro-manager/runtime/retropack-runtime-mupen64/submodules/mupen64plus-next/mupen64plus-core/src/backends/plugins_compat/input_plugin_compat.c:118)
C/C++: >>>               CMakeFiles/retropack-runtime-mupen64.dir/submodules/mupen64plus-next/mupen64plus-core/src/backends/plugins_compat/input_plugin_compat.c.o:(input_plugin_get_input)
C/C++: >>> referenced by main.c:1238 (/home/runner/work/retro-manager/retro-manager/runtime/retropack-runtime-mupen64/submodules/mupen64plus-next/mupen64plus-core/src/main/main.c:1238)
C/C++: >>>               CMakeFiles/retropack-runtime-mupen64.dir/submodules/mupen64plus-next/mupen64plus-core/src/main/main.c.o:(init_gb_rom)
C/C++: >>> referenced 3 more times
C/C++: ld.lld: error: undefined symbol: retro_screen_width
C/C++: >>> referenced by interface.c:145 (/home/runner/work/retro-manager/retro-manager/runtime/retropack-runtime-mupen64/submodules/mupen64plus-next/mupen64plus-video-angrylion/interface.c:145)
C/C++: >>>               CMakeFiles/retropack-runtime-mupen64.dir/submodules/mupen64plus-next/mupen64plus-video-angrylion/interface.c.o:(vdac_write)
C/C++: >>> referenced by interface.c:145 (/home/runner/work/retro-manager/retro-manager/runtime/retropack-runtime-mupen64/submodules/mupen64plus-next/mupen64plus-video-angrylion/interface.c:145)
C/C++: >>>               CMakeFiles/retropack-runtime-mupen64.dir/submodules/mupen64plus-next/mupen64plus-video-angrylion/interface.c.o:(vdac_write)
C/C++: >>> referenced by interface.c:336 (/home/runner/work/retro-manager/retro-manager/runtime/retropack-runtime-mupen64/submodules/mupen64plus-next/mupen64plus-video-angrylion/interface.c:336)
C/C++: >>>               CMakeFiles/retropack-runtime-mupen64.dir/submodules/mupen64plus-next/mupen64plus-video-angrylion/interface.c.o:(angrylionRomOpen)
C/C++: >>> referenced 7 more times
C/C++: ld.lld: error: undefined symbol: retro_screen_height
C/C++: >>> referenced by interface.c:146 (/home/runner/work/retro-manager/retro-manager/runtime/retropack-runtime-mupen64/submodules/mupen64plus-next/mupen64plus-video-angrylion/interface.c:146)
C/C++: >>>               CMakeFiles/retropack-runtime-mupen64.dir/submodules/mupen64plus-next/mupen64plus-video-angrylion/interface.c.o:(vdac_write)
C/C++: >>> referenced by interface.c:146 (/home/runner/work/retro-manager/retro-manager/runtime/retropack-runtime-mupen64/submodules/mupen64plus-next/mupen64plus-video-angrylion/interface.c:146)
C/C++: >>>               CMakeFiles/retropack-runtime-mupen64.dir/submodules/mupen64plus-next/mupen64plus-video-angrylion/interface.c.o:(vdac_write)
C/C++: >>> referenced by interface.c:341 (/home/runner/work/retro-manager/retro-manager/runtime/retropack-runtime-mupen64/submodules/mupen64plus-next/mupen64plus-video-angrylion/interface.c:341)
C/C++: >>>               CMakeFiles/retropack-runtime-mupen64.dir/submodules/mupen64plus-next/mupen64plus-video-angrylion/interface.c.o:(angrylionRomOpen)
C/C++: >>> referenced 7 more times
C/C++: ld.lld: error: undefined symbol: screen_pitch
C/C++: >>> referenced by interface.c:147 (/home/runner/work/retro-manager/retro-manager/runtime/retropack-runtime-mupen64/submodules/mupen64plus-next/mupen64plus-video-angrylion/interface.c:147)
C/C++: >>>               CMakeFiles/retropack-runtime-mupen64.dir/submodules/mupen64plus-next/mupen64plus-video-angrylion/interface.c.o:(vdac_write)
C/C++: >>> referenced by interface.c:147 (/home/runner/work/retro-manager/retro-manager/runtime/retropack-runtime-mupen64/submodules/mupen64plus-next/mupen64plus-video-angrylion/interface.c:147)
C/C++: >>>               CMakeFiles/retropack-runtime-mupen64.dir/submodules/mupen64plus-next/mupen64plus-video-angrylion/interface.c.o:(vdac_write)
C/C++: >>> referenced by interface.c:346 (/home/runner/work/retro-manager/retro-manager/runtime/retropack-runtime-mupen64/submodules/mupen64plus-next/mupen64plus-video-angrylion/interface.c:346)
C/C++: >>>               CMakeFiles/retropack-runtime-mupen64.dir/submodules/mupen64plus-next/mupen64plus-video-angrylion/interface.c.o:(angrylionRomOpen)
C/C++: >>> referenced 1 more times
C/C++: ld.lld: error: undefined symbol: libretro_swap_buffer
C/C++: >>> referenced by interface.c:151 (/home/runner/work/retro-manager/retro-manager/runtime/retropack-runtime-mupen64/submodules/mupen64plus-next/mupen64plus-video-angrylion/interface.c:151)
C/C++: >>>               CMakeFiles/retropack-runtime-mupen64.dir/submodules/mupen64plus-next/mupen64plus-video-angrylion/interface.c.o:(vdac_sync)
C/C++: >>> referenced by interface.c:151 (/home/runner/work/retro-manager/retro-manager/runtime/retropack-runtime-mupen64/submodules/mupen64plus-next/mupen64plus-video-angrylion/interface.c:151)
C/C++: >>>               CMakeFiles/retropack-runtime-mupen64.dir/submodules/mupen64plus-next/mupen64plus-video-angrylion/interface.c.o:(vdac_sync)
C/C++: ld.lld: error: undefined symbol: parallel_run
C/C++: >>> referenced by vi.c:446 (/home/runner/work/retro-manager/retro-manager/runtime/retropack-runtime-mupen64/submodules/mupen64plus-next/mupen64plus-video-angrylion/n64video/vi.c:446)
C/C++: >>>               CMakeFiles/retropack-runtime-mupen64.dir/submodules/mupen64plus-next/mupen64plus-video-angrylion/n64video.c.o:(vi_process_full)
C/C++: >>> referenced by vi.c:578 (/home/runner/work/retro-manager/retro-manager/runtime/retropack-runtime-mupen64/submodules/mupen64plus-next/mupen64plus-video-angrylion/n64video/vi.c:578)
C/C++: >>>               CMakeFiles/retropack-runtime-mupen64.dir/submodules/mupen64plus-next/mupen64plus-video-angrylion/n64video.c.o:(vi_process_fast)
C/C++: >>> referenced by n64video.c:224 (/home/runner/work/retro-manager/retro-manager/runtime/retropack-runtime-mupen64/submodules/mupen64plus-next/mupen64plus-video-angrylion/n64video.c:224)
C/C++: >>>               CMakeFiles/retropack-runtime-mupen64.dir/submodules/mupen64plus-next/mupen64plus-video-angrylion/n64video.c.o:(n64video_init)
C/C++: >>> referenced 1 more times
C/C++: ld.lld: error: undefined symbol: parallel_num_workers
C/C++: >>> referenced by n64video.c:167 (/home/runner/work/retro-manager/retro-manager/runtime/retropack-runtime-mupen64/submodules/mupen64plus-next/mupen64plus-video-angrylion/n64video.c:167)
C/C++: >>>               CMakeFiles/retropack-runtime-mupen64.dir/submodules/mupen64plus-next/mupen64plus-video-angrylion/n64video.c.o:(rdp_init_worker)
C/C++: >>> referenced by n64video.c:220 (/home/runner/work/retro-manager/retro-manager/runtime/retropack-runtime-mupen64/submodules/mupen64plus-next/mupen64plus-video-angrylion/n64video.c:220)
C/C++: >>>               CMakeFiles/retropack-runtime-mupen64.dir/submodules/mupen64plus-next/mupen64plus-video-angrylion/n64video.c.o:(n64video_init)
C/C++: >>> referenced by vi.c:151 (/home/runner/work/retro-manager/retro-manager/runtime/retropack-runtime-mupen64/submodules/mupen64plus-next/mupen64plus-video-angrylion/n64video/vi.c:151)
C/C++: >>>               CMakeFiles/retropack-runtime-mupen64.dir/submodules/mupen64plus-next/mupen64plus-video-angrylion/n64video.c.o:(vi_process_full_parallel)
C/C++: >>> referenced 1 more times
C/C++: ld.lld: error: undefined symbol: parallel_alinit
C/C++: >>> referenced by n64video.c:217 (/home/runner/work/retro-manager/retro-manager/runtime/retropack-runtime-mupen64/submodules/mupen64plus-next/mupen64plus-video-angrylion/n64video.c:217)
C/C++: >>>               CMakeFiles/retropack-runtime-mupen64.dir/submodules/mupen64plus-next/mupen64plus-video-angrylion/n64video.c.o:(n64video_init)
C/C++: ld.lld: error: undefined symbol: parallel_close
C/C++: >>> referenced by n64video.c:315 (/home/runner/work/retro-manager/retro-manager/runtime/retropack-runtime-mupen64/submodules/mupen64plus-next/mupen64plus-video-angrylion/n64video.c:315)
C/C++: >>>               CMakeFiles/retropack-runtime-mupen64.dir/submodules/mupen64plus-next/mupen64plus-video-angrylion/n64video.c.o:(n64video_close)
C/C++: ld.lld: error: undefined symbol: gln64PluginGetVersion
C/C++: >>> referenced by plugin.c:96 (/home/runner/work/retro-manager/retro-manager/runtime/retropack-runtime-mupen64/submodules/mupen64plus-next/mupen64plus-core/src/plugin/plugin.c:96)
C/C++: >>>               CMakeFiles/retropack-runtime-mupen64.dir/submodules/mupen64plus-next/mupen64plus-core/src/plugin/plugin.c.o:(gfx_gln64)
C/C++: ld.lld: error: undefined symbol: gln64ChangeWindow
C/C++: >>> referenced by plugin.c:96 (/home/runner/work/retro-manager/retro-manager/runtime/retropack-runtime-mupen64/submodules/mupen64plus-next/mupen64plus-core/src/plugin/plugin.c:96)
C/C++: >>>               CMakeFiles/retropack-runtime-mupen64.dir/submodules/mupen64plus-next/mupen64plus-core/src/plugin/plugin.c.o:(gfx_gln64)
C/C++: ld.lld: error: undefined symbol: gln64InitiateGFX
C/C++: >>> referenced by plugin.c:96 (/home/runner/work/retro-manager/retro-manager/runtime/retropack-runtime-mupen64/submodules/mupen64plus-next/mupen64plus-core/src/plugin/plugin.c:96)
C/C++: >>>               CMakeFiles/retropack-runtime-mupen64.dir/submodules/mupen64plus-next/mupen64plus-core/src/plugin/plugin.c.o:(gfx_gln64)
C/C++: ld.lld: error: undefined symbol: gln64MoveScreen
C/C++: >>> referenced by plugin.c:96 (/home/runner/work/retro-manager/retro-manager/runtime/retropack-runtime-mupen64/submodules/mupen64plus-next/mupen64plus-core/src/plugin/plugin.c:96)
C/C++: >>>               CMakeFiles/retropack-runtime-mupen64.dir/submodules/mupen64plus-next/mupen64plus-core/src/plugin/plugin.c.o:(gfx_gln64)
C/C++: ld.lld: error: undefined symbol: gln64ProcessDList
C/C++: >>> referenced by plugin.c:96 (/home/runner/work/retro-manager/retro-manager/runtime/retropack-runtime-mupen64/submodules/mupen64plus-next/mupen64plus-core/src/plugin/plugin.c:96)
C/C++: >>>               CMakeFiles/retropack-runtime-mupen64.dir/submodules/mupen64plus-next/mupen64plus-core/src/plugin/plugin.c.o:(gfx_gln64)
C/C++: ld.lld: error: undefined symbol: gln64ProcessRDPList
C/C++: >>> referenced by plugin.c:96 (/home/runner/work/retro-manager/retro-manager/runtime/retropack-runtime-mupen64/submodules/mupen64plus-next/mupen64plus-core/src/plugin/plugin.c:96)
C/C++: >>>               CMakeFiles/retropack-runtime-mupen64.dir/submodules/mupen64plus-next/mupen64plus-core/src/plugin/plugin.c.o:(gfx_gln64)
C/C++: ld.lld: error: undefined symbol: gln64RomClosed
C/C++: >>> referenced by plugin.c:96 (/home/runner/work/retro-manager/retro-manager/runtime/retropack-runtime-mupen64/submodules/mupen64plus-next/mupen64plus-core/src/plugin/plugin.c:96)
C/C++: >>>               CMakeFiles/retropack-runtime-mupen64.dir/submodules/mupen64plus-next/mupen64plus-core/src/plugin/plugin.c.o:(gfx_gln64)
C/C++: ld.lld: error: undefined symbol: gln64RomOpen
C/C++: >>> referenced by plugin.c:96 (/home/runner/work/retro-manager/retro-manager/runtime/retropack-runtime-mupen64/submodules/mupen64plus-next/mupen64plus-core/src/plugin/plugin.c:96)
C/C++: >>>               CMakeFiles/retropack-runtime-mupen64.dir/submodules/mupen64plus-next/mupen64plus-core/src/plugin/plugin.c.o:(gfx_gln64)
C/C++: ld.lld: error: undefined symbol: gln64ShowCFB
C/C++: >>> referenced by plugin.c:96 (/home/runner/work/retro-manager/retro-manager/runtime/retropack-runtime-mupen64/submodules/mupen64plus-next/mupen64plus-core/src/plugin/plugin.c:96)
C/C++: >>>               CMakeFiles/retropack-runtime-mupen64.dir/submodules/mupen64plus-next/mupen64plus-core/src/plugin/plugin.c.o:(gfx_gln64)
C/C++: ld.lld: error: undefined symbol: gln64UpdateScreen
C/C++: >>> referenced by plugin.c:96 (/home/runner/work/retro-manager/retro-manager/runtime/retropack-runtime-mupen64/submodules/mupen64plus-next/mupen64plus-core/src/plugin/plugin.c:96)
C/C++: >>>               CMakeFiles/retropack-runtime-mupen64.dir/submodules/mupen64plus-next/mupen64plus-core/src/plugin/plugin.c.o:(gfx_gln64)
C/C++: ld.lld: error: too many errors emitted, stopping now (use --error-limit=0 to see all errors)
C/C++: clang: error: linker command failed with exit code 1 (use -v to see invocation)
C/C++: ninja: build stopped: subcommand failed.
gradle/actions: Writing build results to /home/runner/work/_temp/.gradle-actions/build-results/__run_4-1790594725980.json

[Incubating] Problems report is available at: file:///home/runner/work/retro-manager/retro-manager/build/reports/problems/problems-report.html

FAILURE: Build failed with an exception.

* What went wrong:
Execution failed for task ':runtime:retropack-runtime-mupen64:buildCMakeDebug[arm64-v8a]' (registered by plugin 'com.android.internal.library').
> com.android.ide.common.process.ProcessException: ninja: Entering directory `/home/runner/work/retro-manager/retro-manager/runtime/retropack-runtime-mupen64/.cxx/Debug/1k4d283o/arm64-v8a'
  [1/86] Building C object CMakeFiles/retropack-runtime-mupen64.dir/src/main/cpp/ringbuffer.c.o
  [2/86] Building C object CMakeFiles/retropack-runtime-mupen64.dir/submodules/mupen64plus-next/mupen64plus-core/src/api/callbacks.c.o
  [3/86] Building C object CMakeFiles/retropack-runtime-mupen64.dir/submodules/mupen64plus-next/mupen64plus-core/src/api/debugger.c.o
  [4/86] Building C object CMakeFiles/retropack-runtime-mupen64.dir/submodules/mupen64plus-next/mupen64plus-core/src/api/frontend.c.o
  [5/86] Building C object CMakeFiles/retropack-runtime-mupen64.dir/submodules/mupen64plus-next/mupen64plus-core/src/backends/api/video_capture_backend.c.o
  [6/86] Building C object CMakeFiles/retropack-runtime-mupen64.dir/submodules/mupen64plus-next/mupen64plus-core/src/backends/clock_ctime_plus_delta.c.o
  [7/86] Building C object CMakeFiles/retropack-runtime-mupen64.dir/submodules/mupen64plus-next/custom/mupen64plus-core/api/config.c.o
  [8/86] Building C object CMakeFiles/retropack-runtime-mupen64.dir/submodules/mupen64plus-next/mupen64plus-core/src/backends/plugins_compat/audio_plugin_compat.c.o
  [9/86] Building C object CMakeFiles/retropack-runtime-mupen64.dir/submodules/mupen64plus-next/mupen64plus-core/src/backends/plugins_compat/input_plugin_compat.c.o
  [10/86] Building C object CMakeFiles/retropack-runtime-mupen64.dir/submodules/mupen64plus-next/mupen64plus-core/src/device/cart/cart.c.o
  [11/86] Building C object CMakeFiles/retropack-runtime-mupen64.dir/submodules/mupen64plus-next/mupen64plus-core/src/backends/dummy_video_capture.c.o
  [12/86] Building C object CMakeFiles/retropack-runtime-mupen64.dir/src/main/cpp/mupen64-jni.c.o
  [13/86] Building C object CMakeFiles/retropack-runtime-mupen64.dir/submodules/mupen64plus-next/mupen64plus-core/src/device/cart/cart_rom.c.o
  [14/86] Building C object CMakeFiles/retropack-runtime-mupen64.dir/submodules/mupen64plus-next/mupen64plus-core/src/device/cart/af_rtc.c.o
  [15/86] Building C object CMakeFiles/retropack-runtime-mupen64.dir/submodules/mupen64plus-next/mupen64plus-core/src/backends/file_storage.c.o
  [16/86] Building C object CMakeFiles/retropack-runtime-mupen64.dir/submodules/mupen64plus-next/mupen64plus-core/src/device/cart/eeprom.c.o
  [17/86] Building C object CMakeFiles/retropack-runtime-mupen64.dir/submodules/mupen64plus-next/mupen64plus-core/src/device/cart/flashram.c.o
  [18/86] Building C object CMakeFiles/retropack-runtime-mupen64.dir/submodules/mupen64plus-next/mupen64plus-core/src/device/cart/sram.c.o
  [19/86] Building C object CMakeFiles/retropack-runtime-mupen64.dir/submodules/mupen64plus-next/mupen64plus-core/src/device/controllers/paks/biopak.c.o
  [20/86] Building C object CMakeFiles/retropack-runtime-mupen64.dir/submodules/mupen64plus-next/mupen64plus-core/src/device/cart/is_viewer.c.o
  [21/86] Building C object CMakeFiles/retropack-runtime-mupen64.dir/submodules/mupen64plus-next/mupen64plus-core/src/device/controllers/game_controller.c.o
  [22/86] Building C object CMakeFiles/retropack-runtime-mupen64.dir/submodules/mupen64plus-next/mupen64plus-core/src/device/controllers/vru_controller.c.o
  [23/86] Building C object CMakeFiles/retropack-runtime-mupen64.dir/submodules/mupen64plus-next/mupen64plus-core/src/device/controllers/paks/mempak.c.o
  [24/86] Building C object CMakeFiles/retropack-runtime-mupen64.dir/submodules/mupen64plus-next/mupen64plus-core/src/device/controllers/paks/rumblepak.c.o
  [25/86] Building C object CMakeFiles/retropack-runtime-mupen64.dir/submodules/mupen64plus-next/mupen64plus-core/src/device/controllers/paks/transferpak.c.o
  [26/86] Building C object CMakeFiles/retropack-runtime-mupen64.dir/submodules/mupen64plus-next/mupen64plus-core/src/device/dd/dd_controller.c.o
  [27/86] Building C object CMakeFiles/retropack-runtime-mupen64.dir/submodules/mupen64plus-next/mupen64plus-core/src/device/gb/m64282fp.c.o
  [28/86] Building C object CMakeFiles/retropack-runtime-mupen64.dir/submodules/mupen64plus-next/mupen64plus-core/src/device/gb/mbc3_rtc.c.o
  [29/86] Building C object CMakeFiles/retropack-runtime-mupen64.dir/submodules/mupen64plus-next/mupen64plus-core/src/device/dd/disk.c.o
  [30/86] Building C object CMakeFiles/retropack-runtime-mupen64.dir/submodules/mupen64plus-next/mupen64plus-core/src/device/pif/n64_cic_nus_6105.c.o
  [31/86] Building C object CMakeFiles/retropack-runtime-mupen64.dir/submodules/mupen64plus-next/mupen64plus-core/src/device/pif/bootrom_hle.c.o
  [32/86] Building C object CMakeFiles/retropack-runtime-mupen64.dir/submodules/mupen64plus-next/mupen64plus-core/src/device/device.c.o
  [33/86] Building C object CMakeFiles/retropack-runtime-mupen64.dir/submodules/mupen64plus-next/mupen64plus-core/src/device/memory/memory.c.o
  [34/86] Building C object CMakeFiles/retropack-runtime-mupen64.dir/submodules/mupen64plus-next/mupen64plus-core/src/device/pif/cic.c.o
  [35/86] Building C object CMakeFiles/retropack-runtime-mupen64.dir/submodules/mupen64plus-next/mupen64plus-core/src/device/gb/gb_cart.c.o
  [36/86] Building C object CMakeFiles/retropack-runtime-mupen64.dir/submodules/mupen64plus-next/mupen64plus-core/src/device/pif/pif.c.o
  [37/86] Building C object CMakeFiles/retropack-runtime-mupen64.dir/submodules/mupen64plus-next/mupen64plus-core/src/device/r4300/cp2.c.o
  [38/86] Building C object CMakeFiles/retropack-runtime-mupen64.dir/submodules/mupen64plus-next/mupen64plus-core/src/device/r4300/cp1.c.o
  [39/86] Building C object CMakeFiles/retropack-runtime-mupen64.dir/submodules/mupen64plus-next/mupen64plus-core/src/device/r4300/cp0.c.o
  [40/86] Building C object CMakeFiles/retropack-runtime-mupen64.dir/submodules/mupen64plus-next/mupen64plus-core/src/device/r4300/interrupt.c.o
  [41/86] Building C object CMakeFiles/retropack-runtime-mupen64.dir/submodules/mupen64plus-next/mupen64plus-core/src/device/r4300/idec.c.o
  [42/86] Building C object CMakeFiles/retropack-runtime-mupen64.dir/submodules/mupen64plus-next/mupen64plus-core/src/device/rcp/ai/ai_controller.c.o
  [43/86] Building C object CMakeFiles/retropack-runtime-mupen64.dir/submodules/mupen64plus-next/mupen64plus-core/src/device/r4300/tlb.c.o
  [44/86] Building C object CMakeFiles/retropack-runtime-mupen64.dir/submodules/mupen64plus-next/mupen64plus-core/src/device/rcp/mi/mi_controller.c.o
  [45/86] Building C object CMakeFiles/retropack-runtime-mupen64.dir/submodules/mupen64plus-next/mupen64plus-core/src/device/r4300/r4300_core.c.o
  [46/86] Building C object CMakeFiles/retropack-runtime-mupen64.dir/submodules/mupen64plus-next/mupen64plus-core/src/device/rcp/rdp/rdp_core.c.o
  [47/86] Building C object CMakeFiles/retropack-runtime-mupen64.dir/submodules/mupen64plus-next/mupen64plus-core/src/device/rcp/pi/pi_controller.c.o
  [48/86] Building C object CMakeFiles/retropack-runtime-mupen64.dir/submodules/mupen64plus-next/mupen64plus-core/src/device/rcp/ri/ri_controller.c.o
  [49/86] Building C object CMakeFiles/retropack-runtime-mupen64.dir/submodules/mupen64plus-next/mupen64plus-core/src/device/rcp/rdp/fb.c.o
  [50/86] Building C object CMakeFiles/retropack-runtime-mupen64.dir/submodules/mupen64plus-next/mupen64plus-core/src/device/rcp/si/si_controller.c.o
  [51/86] Building C object CMakeFiles/retropack-runtime-mupen64.dir/submodules/mupen64plus-next/mupen64plus-core/src/device/rcp/rsp/rsp_core.c.o
  [52/86] Building C object CMakeFiles/retropack-runtime-mupen64.dir/submodules/mupen64plus-next/mupen64plus-core/src/device/rcp/vi/vi_controller.c.o
  [53/86] Building C object CMakeFiles/retropack-runtime-mupen64.dir/submodules/mupen64plus-next/mupen64plus-core/src/device/rdram/rdram.c.o
  [54/86] Building C object CMakeFiles/retropack-runtime-mupen64.dir/submodules/mupen64plus-next/mupen64plus-core/src/main/util.c.o
  [55/86] Building C object CMakeFiles/retropack-runtime-mupen64.dir/submodules/mupen64plus-next/mupen64plus-core/src/main/cheat.c.o
  [56/86] Building C object CMakeFiles/retropack-runtime-mupen64.dir/submodules/mupen64plus-next/mupen64plus-core/src/main/rom.c.o
  [57/86] Building C object CMakeFiles/retropack-runtime-mupen64.dir/submodules/mupen64plus-next/mupen64plus-core/src/main/main.c.o
  [58/86] Building C object CMakeFiles/retropack-runtime-mupen64.dir/submodules/mupen64plus-next/mupen64plus-core/src/plugin/dummy_audio.c.o
  [59/86] Building C object CMakeFiles/retropack-runtime-mupen64.dir/submodules/mupen64plus-next/mupen64plus-core/src/plugin/plugin.c.o
  [60/86] Building C object CMakeFiles/retropack-runtime-mupen64.dir/submodules/mupen64plus-next/mupen64plus-core/src/osal/dynamiclib_unix.c.o
  [61/86] Building C object CMakeFiles/retropack-runtime-mupen64.dir/submodules/mupen64plus-next/mupen64plus-core/src/osal/files_unix.c.o
  [62/86] Building C object CMakeFiles/retropack-runtime-mupen64.dir/submodules/mupen64plus-next/mupen64plus-core/src/plugin/dummy_input.c.o
  [63/86] Building C object CMakeFiles/retropack-runtime-mupen64.dir/submodules/mupen64plus-next/mupen64plus-core/subprojects/minizip/ioapi.c.o
  [64/86] Building C object CMakeFiles/retropack-runtime-mupen64.dir/submodules/mupen64plus-next/mupen64plus-core/subprojects/md5/md5.c.o
  [65/86] Building C object CMakeFiles/retropack-runtime-mupen64.dir/submodules/mupen64plus-next/mupen64plus-core/src/device/r4300/cached_interp.c.o
  [66/86] Building C object CMakeFiles/retropack-runtime-mupen64.dir/submodules/mupen64plus-next/mupen64plus-core/subprojects/minizip/unzip.c.o
  [67/86] Building C object CMakeFiles/retropack-runtime-mupen64.dir/submodules/mupen64plus-next/mupen64plus-rsp-hle/src/alist.c.o
  [68/86] Building C object CMakeFiles/retropack-runtime-mupen64.dir/submodules/mupen64plus-next/mupen64plus-rsp-hle/src/alist_audio.c.o
  [69/86] Building C object CMakeFiles/retropack-runtime-mupen64.dir/submodules/mupen64plus-next/mupen64plus-core/src/main/savestates.c.o
  [70/86] Building C object CMakeFiles/retropack-runtime-mupen64.dir/submodules/mupen64plus-next/mupen64plus-core/subprojects/minizip/zip.c.o
  [71/86] Building C object CMakeFiles/retropack-runtime-mupen64.dir/submodules/mupen64plus-next/mupen64plus-rsp-hle/src/alist_nead.c.o
  [72/86] Building C object CMakeFiles/retropack-runtime-mupen64.dir/submodules/mupen64plus-next/mupen64plus-rsp-hle/src/audio.c.o
  [73/86] Building C object CMakeFiles/retropack-runtime-mupen64.dir/submodules/mupen64plus-next/mupen64plus-rsp-hle/src/alist_naudio.c.o
  [74/86] Building C object CMakeFiles/retropack-runtime-mupen64.dir/submodules/mupen64plus-next/mupen64plus-rsp-hle/src/cicx105.c.o
  [75/86] Building C object CMakeFiles/retropack-runtime-mupen64.dir/submodules/mupen64plus-next/mupen64plus-core/src/device/r4300/pure_interp.c.o
  [76/86] Building C object CMakeFiles/retropack-runtime-mupen64.dir/submodules/mupen64plus-next/mupen64plus-rsp-hle/src/hle.c.o
  [77/86] Building C object CMakeFiles/retropack-runtime-mupen64.dir/submodules/mupen64plus-next/mupen64plus-rsp-hle/src/memory.c.o
  [78/86] Building C object CMakeFiles/retropack-runtime-mupen64.dir/submodules/mupen64plus-next/mupen64plus-rsp-hle/src/hvqm.c.o
  [79/86] Building C object CMakeFiles/retropack-runtime-mupen64.dir/submodules/mupen64plus-next/mupen64plus-rsp-hle/src/jpeg.c.o
  [80/86] Building C object CMakeFiles/retropack-runtime-mupen64.dir/submodules/mupen64plus-next/mupen64plus-video-angrylion/interface.c.o
  [81/86] Building C object CMakeFiles/retropack-runtime-mupen64.dir/submodules/mupen64plus-next/mupen64plus-rsp-hle/src/plugin.c.o
  [82/86] Building C object CMakeFiles/retropack-runtime-mupen64.dir/submodules/mupen64plus-next/mupen64plus-rsp-hle/src/mp3.c.o
  [83/86] Building C object CMakeFiles/retropack-runtime-mupen64.dir/submodules/mupen64plus-next/mupen64plus-rsp-hle/src/re2.c.o
  [84/86] Building C object CMakeFiles/retropack-runtime-mupen64.dir/submodules/mupen64plus-next/mupen64plus-rsp-hle/src/musyx.c.o
  [85/86] Building C object CMakeFiles/retropack-runtime-mupen64.dir/submodules/mupen64plus-next/mupen64plus-video-angrylion/n64video.c.o
  [86/86] Linking C shared library ../../../../build/intermediates/cxx/Debug/1k4d283o/obj/arm64-v8a/libretropack-runtime-mupen64.so
  FAILED: ../../../../build/intermediates/cxx/Debug/1k4d283o/obj/arm64-v8a/libretropack-runtime-mupen64.so 
  : && /usr/local/lib/android/sdk/ndk/27.0.12077973/toolchains/llvm/prebuilt/linux-x86_64/bin/clang --target=aarch64-none-linux-android26 --sysroot=/usr/local/lib/android/sdk/ndk/27.0.12077973/toolchains/llvm/prebuilt/linux-x86_64/sysroot -fPIC -g -DANDROID -fdata-sections -ffunction-sections -funwind-tables -fstack-protector-strong -no-canonical-prefixes -D_FORTIFY_SOURCE=2 -Wformat -Werror=format-security  -fno-limit-debug-info  -static-libstdc++ -Wl,--build-id=sha1 -Wl,--no-rosegment -Wl,--no-undefined-version -Wl,--fatal-warnings -Wl,--no-undefined -Qunused-arguments  -Wl,-z,max-page-size=16384 -Wl,-z,common-page-size=16384   -Wl,-z,max-page-size=16384 -Wl,-z,common-page-size=16384 -shared -Wl,-soname,libretropack-runtime-mupen64.so -o ../../../../build/intermediates/cxx/Debug/1k4d283o/obj/arm64-v8a/libretropack-runtime-mupen64.so CMakeFiles/retropack-runtime-mupen64.dir/src/main/cpp/mupen64-jni.c.o CMakeFiles/retropack-runtime-mupen64.dir/src/main/cpp/ringbuffer.c.o CMakeFiles/retropack-runtime-mupen64.dir/submodules/mupen64plus-next/mupen64plus-core/src/api/callbacks.c.o CMakeFiles/retropack-runtime-mupen64.dir/submodules/mupen64plus-next/mupen64plus-core/src/api/debugger.c.o CMakeFiles/retropack-runtime-mupen64.dir/submodules/mupen64plus-next/mupen64plus-core/src/api/frontend.c.o CMakeFiles/retropack-runtime-mupen64.dir/submodules/mupen64plus-next/custom/mupen64plus-core/api/config.c.o CMakeFiles/retropack-runtime-mupen64.dir/submodules/mupen64plus-next/mupen64plus-core/src/backends/plugins_compat/audio_plugin_compat.c.o CMakeFiles/retropack-runtime-mupen64.dir/submodules/mupen64plus-next/mupen64plus-core/src/backends/api/video_capture_backend.c.o CMakeFiles/retropack-runtime-mupen64.dir/submodules/mupen64plus-next/mupen64plus-core/src/backends/plugins_compat/input_plugin_compat.c.o CMakeFiles/retropack-runtime-mupen64.dir/submodules/mupen64plus-next/mupen64plus-core/src/backends/clock_ctime_plus_delta.c.o CMakeFiles/retropack-runtime-mupen64.dir/submodules/mupen64plus-next/mupen64plus-core/src/backends/dummy_video_capture.c.o CMakeFiles/retropack-runtime-mupen64.dir/submodules/mupen64plus-next/mupen64plus-core/src/backends/file_storage.c.o CMakeFiles/retropack-runtime-mupen64.dir/submodules/mupen64plus-next/mupen64plus-core/src/device/cart/cart.c.o CMakeFiles/retropack-runtime-mupen64.dir/submodules/mupen64plus-next/mupen64plus-core/src/device/cart/af_rtc.c.o CMakeFiles/retropack-runtime-mupen64.dir/submodules/mupen64plus-next/mupen64plus-core/src/device/cart/cart_rom.c.o CMakeFiles/retropack-runtime-mupen64.dir/submodules/mupen64plus-next/mupen64plus-core/src/device/cart/eeprom.c.o CMakeFiles/retropack-runtime-mupen64.dir/submodules/mupen64plus-next/mupen64plus-core/src/device/cart/flashram.c.o CMakeFiles/retropack-runtime-mupen64.dir/submodules/mupen64plus-next/mupen64plus-core/src/device/cart/is_viewer.c.o CMakeFiles/retropack-runtime-mupen64.dir/submodules/mupen64plus-next/mupen64plus-core/src/device/cart/sram.c.o CMakeFiles/retropack-runtime-mupen64.dir/submodules/mupen64plus-next/mupen64plus-core/src/device/controllers/game_controller.c.o CMakeFiles/retropack-runtime-mupen64.dir/submodules/mupen64plus-next/mupen64plus-core/src/device/controllers/vru_controller.c.o CMakeFiles/retropack-runtime-mupen64.dir/submodules/mupen64plus-next/mupen64plus-core/src/device/controllers/paks/biopak.c.o CMakeFiles/retropack-runtime-mupen64.dir/submodules/mupen64plus-next/mupen64plus-core/src/device/controllers/paks/mempak.c.o CMakeFiles/retropack-runtime-mupen64.dir/submodules/mupen64plus-next/mupen64plus-core/src/device/controllers/paks/rumblepak.c.o CMakeFiles/retropack-runtime-mupen64.dir/submodules/mupen64plus-next/mupen64plus-core/src/device/controllers/paks/transferpak.c.o CMakeFiles/retropack-runtime-mupen64.dir/submodules/mupen64plus-next/mupen64plus-core/src/device/dd/dd_controller.c.o CMakeFiles/retropack-runtime-mupen64.dir/submodules/mupen64plus-next/mupen64plus-core/src/device/dd/disk.c.o CMakeFiles/retropack-runtime-mupen64.dir/submodules/mupen64plus-next/mupen64plus-core/src/device/device.c.o CMakeFiles/retropack-runtime-mupen64.dir/submodules/mupen64plus-next/mupen64plus-core/src/device/gb/gb_cart.c.o CMakeFiles/retropack-runtime-mupen64.dir/submodules/mupen64plus-next/mupen64plus-core/src/device/gb/mbc3_rtc.c.o CMakeFiles/retropack-runtime-mupen64.dir/submodules/mupen64plus-next/mupen64plus-core/src/device/gb/m64282fp.c.o CMakeFiles/retropack-runtime-mupen64.dir/submodules/mupen64plus-next/mupen64plus-core/src/device/memory/memory.c.o CMakeFiles/retropack-runtime-mupen64.dir/submodules/mupen64plus-next/mupen64plus-core/src/device/pif/bootrom_hle.c.o CMakeFiles/retropack-runtime-mupen64.dir/submodules/mupen64plus-next/mupen64plus-core/src/device/pif/cic.c.o CMakeFiles/retropack-runtime-mupen64.dir/submodules/mupen64plus-next/mupen64plus-core/src/device/pif/n64_cic_nus_6105.c.o CMakeFiles/retropack-runtime-mupen64.dir/submodules/mupen64plus-next/mupen64plus-core/src/device/pif/pif.c.o CMakeFiles/retropack-runtime-mupen64.dir/submodules/mupen64plus-next/mupen64plus-core/src/device/r4300/cached_interp.c.o CMakeFiles/retropack-runtime-mupen64.dir/submodules/mupen64plus-next/mupen64plus-core/src/device/r4300/cp0.c.o CMakeFiles/retropack-runtime-mupen64.dir/submodules/mupen64plus-next/mupen64plus-core/src/device/r4300/cp1.c.o CMakeFiles/retropack-runtime-mupen64.dir/submodules/mupen64plus-next/mupen64plus-core/src/device/r4300/cp2.c.o CMakeFiles/retropack-runtime-mupen64.dir/submodules/mupen64plus-next/mupen64plus-core/src/device/r4300/idec.c.o CMakeFiles/retropack-runtime-mupen64.dir/submodules/mupen64plus-next/mupen64plus-core/src/device/r4300/interrupt.c.o CMakeFiles/retropack-runtime-mupen64.dir/submodules/mupen64plus-next/mupen64plus-core/src/device/r4300/pure_interp.c.o CMakeFiles/retropack-runtime-mupen64.dir/submodules/mupen64plus-next/mupen64plus-core/src/device/r4300/r4300_core.c.o CMakeFiles/retropack-runtime-mupen64.dir/submodules/mupen64plus-next/mupen64plus-core/src/device/r4300/tlb.c.o CMakeFiles/retropack-runtime-mupen64.dir/submodules/mupen64plus-next/mupen64plus-core/src/device/rcp/ai/ai_controller.c.o CMakeFiles/retropack-runtime-mupen64.dir/submodules/mupen64plus-next/mupen64plus-core/src/device/rcp/mi/mi_controller.c.o CMakeFiles/retropack-runtime-mupen64.dir/submodules/mupen64plus-next/mupen64plus-core/src/device/rcp/pi/pi_controller.c.o CMakeFiles/retropack-runtime-mupen64.dir/submodules/mupen64plus-next/mupen64plus-core/src/device/rcp/rdp/fb.c.o CMakeFiles/retropack-runtime-mupen64.dir/submodules/mupen64plus-next/mupen64plus-core/src/device/rcp/rdp/rdp_core.c.o CMakeFiles/retropack-runtime-mupen64.dir/submodules/mupen64plus-next/mupen64plus-core/src/device/rcp/ri/ri_controller.c.o CMakeFiles/retropack-runtime-mupen64.dir/submodules/mupen64plus-next/mupen64plus-core/src/device/rcp/rsp/rsp_core.c.o CMakeFiles/retropack-runtime-mupen64.dir/submodules/mupen64plus-next/mupen64plus-core/src/device/rcp/si/si_controller.c.o CMakeFiles/retropack-runtime-mupen64.dir/submodules/mupen64plus-next/mupen64plus-core/src/device/rcp/vi/vi_controller.c.o CMakeFiles/retropack-runtime-mupen64.dir/submodules/mupen64plus-next/mupen64plus-core/src/device/rdram/rdram.c.o CMakeFiles/retropack-runtime-mupen64.dir/submodules/mupen64plus-next/mupen64plus-core/src/main/main.c.o CMakeFiles/retropack-runtime-mupen64.dir/submodules/mupen64plus-next/mupen64plus-core/src/main/util.c.o CMakeFiles/retropack-runtime-mupen64.dir/submodules/mupen64plus-next/mupen64plus-core/src/main/cheat.c.o CMakeFiles/retropack-runtime-mupen64.dir/submodules/mupen64plus-next/mupen64plus-core/src/main/rom.c.o CMakeFiles/retropack-runtime-mupen64.dir/submodules/mupen64plus-next/mupen64plus-core/src/main/savestates.c.o CMakeFiles/retropack-runtime-mupen64.dir/submodules/mupen64plus-next/mupen64plus-core/src/plugin/plugin.c.o CMakeFiles/retropack-runtime-mupen64.dir/submodules/mupen64plus-next/mupen64plus-core/src/plugin/dummy_audio.c.o CMakeFiles/retropack-runtime-mupen64.dir/submodules/mupen64plus-next/mupen64plus-core/src/plugin/dummy_input.c.o CMakeFiles/retropack-runtime-mupen64.dir/submodules/mupen64plus-next/mupen64plus-core/src/osal/files_unix.c.o CMakeFiles/retropack-runtime-mupen64.dir/submodules/mupen64plus-next/mupen64plus-core/src/osal/dynamiclib_unix.c.o CMakeFiles/retropack-runtime-mupen64.dir/submodules/mupen64plus-next/mupen64plus-core/subprojects/md5/md5.c.o CMakeFiles/retropack-runtime-mupen64.dir/submodules/mupen64plus-next/mupen64plus-core/subprojects/minizip/ioapi.c.o CMakeFiles/retropack-runtime-mupen64.dir/submodules/mupen64plus-next/mupen64plus-core/subprojects/minizip/unzip.c.o CMakeFiles/retropack-runtime-mupen64.dir/submodules/mupen64plus-next/mupen64plus-core/subprojects/minizip/zip.c.o CMakeFiles/retropack-runtime-mupen64.dir/submodules/mupen64plus-next/mupen64plus-rsp-hle/src/alist.c.o CMakeFiles/retropack-runtime-mupen64.dir/submodules/mupen64plus-next/mupen64plus-rsp-hle/src/alist_audio.c.o CMakeFiles/retropack-runtime-mupen64.dir/submodules/mupen64plus-next/mupen64plus-rsp-hle/src/alist_naudio.c.o CMakeFiles/retropack-runtime-mupen64.dir/submodules/mupen64plus-next/mupen64plus-rsp-hle/src/alist_nead.c.o CMakeFiles/retropack-runtime-mupen64.dir/submodules/mupen64plus-next/mupen64plus-rsp-hle/src/audio.c.o CMakeFiles/retropack-runtime-mupen64.dir/submodules/mupen64plus-next/mupen64plus-rsp-hle/src/cicx105.c.o CMakeFiles/retropack-runtime-mupen64.dir/submodules/mupen64plus-next/mupen64plus-rsp-hle/src/hle.c.o CMakeFiles/retropack-runtime-mupen64.dir/submodules/mupen64plus-next/mupen64plus-rsp-hle/src/hvqm.c.o CMakeFiles/retropack-runtime-mupen64.dir/submodules/mupen64plus-next/mupen64plus-rsp-hle/src/jpeg.c.o CMakeFiles/retropack-runtime-mupen64.dir/submodules/mupen64plus-next/mupen64plus-rsp-hle/src/memory.c.o CMakeFiles/retropack-runtime-mupen64.dir/submodules/mupen64plus-next/mupen64plus-rsp-hle/src/mp3.c.o CMakeFiles/retropack-runtime-mupen64.dir/submodules/mupen64plus-next/mupen64plus-rsp-hle/src/musyx.c.o CMakeFiles/retropack-runtime-mupen64.dir/submodules/mupen64plus-next/mupen64plus-rsp-hle/src/re2.c.o CMakeFiles/retropack-runtime-mupen64.dir/submodules/mupen64plus-next/mupen64plus-rsp-hle/src/plugin.c.o CMakeFiles/retropack-runtime-mupen64.dir/submodules/mupen64plus-next/mupen64plus-video-angrylion/interface.c.o CMakeFiles/retropack-runtime-mupen64.dir/submodules/mupen64plus-next/mupen64plus-video-angrylion/n64video.c.o  -lGLESv3  -lGLESv2  -lEGL  -lOpenSLES  -landroid  -llog  -lm  -lz  -latomic -lm && :
  ld.lld: error: undefined symbol: OverrideVideoFunctions
  >>> referenced by frontend.c:318 (/home/runner/work/retro-manager/retro-manager/runtime/retropack-runtime-mupen64/submodules/mupen64plus-next/mupen64plus-core/src/api/frontend.c:318)
  >>>               CMakeFiles/retropack-runtime-mupen64.dir/submodules/mupen64plus-next/mupen64plus-core/src/api/frontend.c.o:(CoreOverrideVidExt)
  
  ld.lld: error: undefined symbol: retro_transferpak_rom_path
  >>> referenced by input_plugin_compat.c:118 (/home/runner/work/retro-manager/retro-manager/runtime/retropack-runtime-mupen64/submodules/mupen64plus-next/mupen64plus-core/src/backends/plugins_compat/input_plugin_compat.c:118)
  >>>               CMakeFiles/retropack-runtime-mupen64.dir/submodules/mupen64plus-next/mupen64plus-core/src/backends/plugins_compat/input_plugin_compat.c.o:(input_plugin_get_input)
  >>> referenced by input_plugin_compat.c:118 (/home/runner/work/retro-manager/retro-manager/runtime/retropack-runtime-mupen64/submodules/mupen64plus-next/mupen64plus-core/src/backends/plugins_compat/input_plugin_compat.c:118)
  >>>               CMakeFiles/retropack-runtime-mupen64.dir/submodules/mupen64plus-next/mupen64plus-core/src/backends/plugins_compat/input_plugin_compat.c.o:(input_plugin_get_input)
  >>> referenced by main.c:1238 (/home/runner/work/retro-manager/retro-manager/runtime/retropack-runtime-mupen64/submodules/mupen64plus-next/mupen64plus-core/src/main/main.c:1238)
  >>>               CMakeFiles/retropack-runtime-mupen64.dir/submodules/mupen64plus-next/mupen64plus-core/src/main/main.c.o:(init_gb_rom)
  >>> referenced 3 more times
  
  ld.lld: error: undefined symbol: retro_screen_width
  >>> referenced by interface.c:145 (/home/runner/work/retro-manager/retro-manager/runtime/retropack-runtime-mupen64/submodules/mupen64plus-next/mupen64plus-video-angrylion/interface.c:145)
  >>>               CMakeFiles/retropack-runtime-mupen64.dir/submodules/mupen64plus-next/mupen64plus-video-angrylion/interface.c.o:(vdac_write)
  >>> referenced by interface.c:145 (/home/runner/work/retro-manager/retro-manager/runtime/retropack-runtime-mupen64/submodules/mupen64plus-next/mupen64plus-video-angrylion/interface.c:145)
  >>>               CMakeFiles/retropack-runtime-mupen64.dir/submodules/mupen64plus-next/mupen64plus-video-angrylion/interface.c.o:(vdac_write)
  >>> referenced by interface.c:336 (/home/runner/work/retro-manager/retro-manager/runtime/retropack-runtime-mupen64/submodules/mupen64plus-next/mupen64plus-video-angrylion/interface.c:336)
  >>>               CMakeFiles/retropack-runtime-mupen64.dir/submodules/mupen64plus-next/mupen64plus-video-angrylion/interface.c.o:(angrylionRomOpen)
  >>> referenced 7 more times
  
  ld.lld: error: undefined symbol: retro_screen_height
  >>> referenced by interface.c:146 (/home/runner/work/retro-manager/retro-manager/runtime/retropack-runtime-mupen64/submodules/mupen64plus-next/mupen64plus-video-angrylion/interface.c:146)
  >>>               CMakeFiles/retropack-runtime-mupen64.dir/submodules/mupen64plus-next/mupen64plus-video-angrylion/interface.c.o:(vdac_write)
  >>> referenced by interface.c:146 (/home/runner/work/retro-manager/retro-manager/runtime/retropack-runtime-mupen64/submodules/mupen64plus-next/mupen64plus-video-angrylion/interface.c:146)
  >>>               CMakeFiles/retropack-runtime-mupen64.dir/submodules/mupen64plus-next/mupen64plus-video-angrylion/interface.c.o:(vdac_write)
  >>> referenced by interface.c:341 (/home/runner/work/retro-manager/retro-manager/runtime/retropack-runtime-mupen64/submodules/mupen64plus-next/mupen64plus-video-angrylion/interface.c:341)
  >>>               CMakeFiles/retropack-runtime-mupen64.dir/submodules/mupen64plus-next/mupen64plus-video-angrylion/interface.c.o:(angrylionRomOpen)
  >>> referenced 7 more times
  
  ld.lld: error: undefined symbol: screen_pitch
  >>> referenced by interface.c:147 (/home/runner/work/retro-manager/retro-manager/runtime/retropack-runtime-mupen64/submodules/mupen64plus-next/mupen64plus-video-angrylion/interface.c:147)
  >>>               CMakeFiles/retropack-runtime-mupen64.dir/submodules/mupen64plus-next/mupen64plus-video-angrylion/interface.c.o:(vdac_write)
  >>> referenced by interface.c:147 (/home/runner/work/retro-manager/retro-manager/runtime/retropack-runtime-mupen64/submodules/mupen64plus-next/mupen64plus-video-angrylion/interface.c:147)
  >>>               CMakeFiles/retropack-runtime-mupen64.dir/submodules/mupen64plus-next/mupen64plus-video-angrylion/interface.c.o:(vdac_write)
  >>> referenced by interface.c:346 (/home/runner/work/retro-manager/retro-manager/runtime/retropack-runtime-mupen64/submodules/mupen64plus-next/mupen64plus-video-angrylion/interface.c:346)
  >>>               CMakeFiles/retropack-runtime-mupen64.dir/submodules/mupen64plus-next/mupen64plus-video-angrylion/interface.c.o:(angrylionRomOpen)
  >>> referenced 1 more times
  
  ld.lld: error: undefined symbol: libretro_swap_buffer
  >>> referenced by interface.c:151 (/home/runner/work/retro-manager/retro-manager/runtime/retropack-runtime-mupen64/submodules/mupen64plus-next/mupen64plus-video-angrylion/interface.c:151)
  >>>               CMakeFiles/retropack-runtime-mupen64.dir/submodules/mupen64plus-next/mupen64plus-video-angrylion/interface.c.o:(vdac_sync)
  >>> referenced by interface.c:151 (/home/runner/work/retro-manager/retro-manager/runtime/retropack-runtime-mupen64/submodules/mupen64plus-next/mupen64plus-video-angrylion/interface.c:151)
  >>>               CMakeFiles/retropack-runtime-mupen64.dir/submodules/mupen64plus-next/mupen64plus-video-angrylion/interface.c.o:(vdac_sync)
  
  ld.lld: error: undefined symbol: parallel_run
  >>> referenced by vi.c:446 (/home/runner/work/retro-manager/retro-manager/runtime/retropack-runtime-mupen64/submodules/mupen64plus-next/mupen64plus-video-angrylion/n64video/vi.c:446)
  >>>               CMakeFiles/retropack-runtime-mupen64.dir/submodules/mupen64plus-next/mupen64plus-video-angrylion/n64video.c.o:(vi_process_full)
  >>> referenced by vi.c:578 (/home/runner/work/retro-manager/retro-manager/runtime/retropack-runtime-mupen64/submodules/mupen64plus-next/mupen64plus-video-angrylion/n64video/vi.c:578)
  >>>               CMakeFiles/retropack-runtime-mupen64.dir/submodules/mupen64plus-next/mupen64plus-video-angrylion/n64video.c.o:(vi_process_fast)
  >>> referenced by n64video.c:224 (/home/runner/work/retro-manager/retro-manager/runtime/retropack-runtime-mupen64/submodules/mupen64plus-next/mupen64plus-video-angrylion/n64video.c:224)
  >>>               CMakeFiles/retropack-runtime-mupen64.dir/submodules/mupen64plus-next/mupen64plus-video-angrylion/n64video.c.o:(n64video_init)
  >>> referenced 1 more times
  
  ld.lld: error: undefined symbol: parallel_num_workers
  >>> referenced by n64video.c:167 (/home/runner/work/retro-manager/retro-manager/runtime/retropack-runtime-mupen64/submodules/mupen64plus-next/mupen64plus-video-angrylion/n64video.c:167)
  >>>               CMakeFiles/retropack-runtime-mupen64.dir/submodules/mupen64plus-next/mupen64plus-video-angrylion/n64video.c.o:(rdp_init_worker)
  >>> referenced by n64video.c:220 (/home/runner/work/retro-manager/retro-manager/runtime/retropack-runtime-mupen64/submodules/mupen64plus-next/mupen64plus-video-angrylion/n64video.c:220)
  >>>               CMakeFiles/retropack-runtime-mupen64.dir/submodules/mupen64plus-next/mupen64plus-video-angrylion/n64video.c.o:(n64video_init)
  >>> referenced by vi.c:151 (/home/runner/work/retro-manager/retro-manager/runtime/retropack-runtime-mupen64/submodules/mupen64plus-next/mupen64plus-video-angrylion/n64video/vi.c:151)
  >>>               CMakeFiles/retropack-runtime-mupen64.dir/submodules/mupen64plus-next/mupen64plus-video-angrylion/n64video.c.o:(vi_process_full_parallel)
  >>> referenced 1 more times
  
  ld.lld: error: undefined symbol: parallel_alinit
  >>> referenced by n64video.c:217 (/home/runner/work/retro-manager/retro-manager/runtime/retropack-runtime-mupen64/submodules/mupen64plus-next/mupen64plus-video-angrylion/n64video.c:217)
  >>>               CMakeFiles/retropack-runtime-mupen64.dir/submodules/mupen64plus-next/mupen64plus-video-angrylion/n64video.c.o:(n64video_init)
  
  ld.lld: error: undefined symbol: parallel_close
  >>> referenced by n64video.c:315 (/home/runner/work/retro-manager/retro-manager/runtime/retropack-runtime-mupen64/submodules/mupen64plus-next/mupen64plus-video-angrylion/n64video.c:315)
  >>>               CMakeFiles/retropack-runtime-mupen64.dir/submodules/mupen64plus-next/mupen64plus-video-angrylion/n64video.c.o:(n64video_close)
  
  ld.lld: error: undefined symbol: gln64PluginGetVersion
  >>> referenced by plugin.c:96 (/home/runner/work/retro-manager/retro-manager/runtime/retropack-runtime-mupen64/submodules/mupen64plus-next/mupen64plus-core/src/plugin/plugin.c:96)
  >>>               CMakeFiles/retropack-runtime-mupen64.dir/submodules/mupen64plus-next/mupen64plus-core/src/plugin/plugin.c.o:(gfx_gln64)
  
  ld.lld: error: undefined symbol: gln64ChangeWindow
  >>> referenced by plugin.c:96 (/home/runner/work/retro-manager/retro-manager/runtime/retropack-runtime-mupen64/submodules/mupen64plus-next/mupen64plus-core/src/plugin/plugin.c:96)
  >>>               CMakeFiles/retropack-runtime-mupen64.dir/submodules/mupen64plus-next/mupen64plus-core/src/plugin/plugin.c.o:(gfx_gln64)
  
  ld.lld: error: undefined symbol: gln64InitiateGFX
  >>> referenced by plugin.c:96 (/home/runner/work/retro-manager/retro-manager/runtime/retropack-runtime-mupen64/submodules/mupen64plus-next/mupen64plus-core/src/plugin/plugin.c:96)
  >>>               CMakeFiles/retropack-runtime-mupen64.dir/submodules/mupen64plus-next/mupen64plus-core/src/plugin/plugin.c.o:(gfx_gln64)
  
  ld.lld: error: undefined symbol: gln64MoveScreen
  >>> referenced by plugin.c:96 (/home/runner/work/retro-manager/retro-manager/runtime/retropack-runtime-mupen64/submodules/mupen64plus-next/mupen64plus-core/src/plugin/plugin.c:96)
  >>>               CMakeFiles/retropack-runtime-mupen64.dir/submodules/mupen64plus-next/mupen64plus-core/src/plugin/plugin.c.o:(gfx_gln64)
  
  ld.lld: error: undefined symbol: gln64ProcessDList
  >>> referenced by plugin.c:96 (/home/runner/work/retro-manager/retro-manager/runtime/retropack-runtime-mupen64/submodules/mupen64plus-next/mupen64plus-core/src/plugin/plugin.c:96)
  >>>               CMakeFiles/retropack-runtime-mupen64.dir/submodules/mupen64plus-next/mupen64plus-core/src/plugin/plugin.c.o:(gfx_gln64)
  
  ld.lld: error: undefined symbol: gln64ProcessRDPList
  >>> referenced by plugin.c:96 (/home/runner/work/retro-manager/retro-manager/runtime/retropack-runtime-mupen64/submodules/mupen64plus-next/mupen64plus-core/src/plugin/plugin.c:96)
  >>>               CMakeFiles/retropack-runtime-mupen64.dir/submodules/mupen64plus-next/mupen64plus-core/src/plugin/plugin.c.o:(gfx_gln64)
  
  ld.lld: error: undefined symbol: gln64RomClosed
  >>> referenced by plugin.c:96 (/home/runner/work/retro-manager/retro-manager/runtime/retropack-runtime-mupen64/submodules/mupen64plus-next/mupen64plus-core/src/plugin/plugin.c:96)
  >>>               CMakeFiles/retropack-runtime-mupen64.dir/submodules/mupen64plus-next/mupen64plus-core/src/plugin/plugin.c.o:(gfx_gln64)
  
  ld.lld: error: undefined symbol: gln64RomOpen
  >>> referenced by plugin.c:96 (/home/runner/work/retro-manager/retro-manager/runtime/retropack-runtime-mupen64/submodules/mupen64plus-next/mupen64plus-core/src/plugin/plugin.c:96)
  >>>               CMakeFiles/retropack-runtime-mupen64.dir/submodules/mupen64plus-next/mupen64plus-core/src/plugin/plugin.c.o:(gfx_gln64)
  
  ld.lld: error: undefined symbol: gln64ShowCFB
  >>> referenced by plugin.c:96 (/home/runner/work/retro-manager/retro-manager/runtime/retropack-runtime-mupen64/submodules/mupen64plus-next/mupen64plus-core/src/plugin/plugin.c:96)
  >>>               CMakeFiles/retropack-runtime-mupen64.dir/submodules/mupen64plus-next/mupen64plus-core/src/plugin/plugin.c.o:(gfx_gln64)
  
  ld.lld: error: undefined symbol: gln64UpdateScreen
  >>> referenced by plugin.c:96 (/home/runner/work/retro-manager/retro-manager/runtime/retropack-runtime-mupen64/submodules/mupen64plus-next/mupen64plus-core/src/plugin/plugin.c:96)
  >>>               CMakeFiles/retropack-runtime-mupen64.dir/submodules/mupen64plus-next/mupen64plus-core/src/plugin/plugin.c.o:(gfx_gln64)
  
  ld.lld: error: too many errors emitted, stopping now (use --error-limit=0 to see all errors)
  clang: error: linker command failed with exit code 1 (use -v to see invocation)
  ninja: build stopped: subcommand failed.
  
  C++ build system [build] failed while executing:
      /usr/local/lib/android/sdk/cmake/3.22.1/bin/ninja \
        -C \
        /home/runner/work/retro-manager/retro-manager/runtime/retropack-runtime-mupen64/.cxx/Debug/1k4d283o/arm64-v8a \
        retropack-runtime-mupen64
    from /home/runner/work/retro-manager/retro-manager/runtime/retropack-runtime-mupen64

* Try:
> Run with --info or --debug option to get more log output.
> Run with --scan to get full insights from a Build Scan (powered by Develocity).
> Get more help at https://help.gradle.org.

* Exception is:
org.gradle.api.tasks.TaskExecutionException: Execution failed for task ':runtime:retropack-runtime-mupen64:buildCMakeDebug[arm64-v8a]' (registered by plugin 'com.android.internal.library').
	at org.gradle.api.internal.tasks.execution.ExecuteActionsTaskExecuter.lambda$executeIfValid$1(ExecuteActionsTaskExecuter.java:135)
	at org.gradle.internal.Try$Failure.ifSuccessfulOrElse(Try.java:288)
	at org.gradle.api.internal.tasks.execution.ExecuteActionsTaskExecuter.executeIfValid(ExecuteActionsTaskExecuter.java:133)
	at org.gradle.api.internal.tasks.execution.ExecuteActionsTaskExecuter.execute(ExecuteActionsTaskExecuter.java:121)
	at org.gradle.api.internal.tasks.execution.ProblemsTaskPathTrackingTaskExecuter.execute(ProblemsTaskPathTrackingTaskExecuter.java:41)
	at org.gradle.api.internal.tasks.execution.ResolveTaskExecutionModeExecuter.execute(ResolveTaskExecutionModeExecuter.java:51)
	at org.gradle.api.internal.tasks.execution.FinalizePropertiesTaskExecuter.execute(FinalizePropertiesTaskExecuter.java:46)
	at org.gradle.api.internal.tasks.execution.SkipTaskWithNoActionsExecuter.execute(SkipTaskWithNoActionsExecuter.java:57)
	at org.gradle.api.internal.tasks.execution.SkipOnlyIfTaskExecuter.execute(SkipOnlyIfTaskExecuter.java:74)
	at org.gradle.api.internal.tasks.execution.CatchExceptionTaskExecuter.execute(CatchExceptionTaskExecuter.java:36)
	at org.gradle.api.internal.tasks.execution.EventFiringTaskExecuter$1.executeTask(EventFiringTaskExecuter.java:77)
	at org.gradle.api.internal.tasks.execution.EventFiringTaskExecuter$1.call(EventFiringTaskExecuter.java:55)
	at org.gradle.api.internal.tasks.execution.EventFiringTaskExecuter$1.call(EventFiringTaskExecuter.java:52)
	at org.gradle.internal.operations.DefaultBuildOperationRunner$CallableBuildOperationWorker.execute(DefaultBuildOperationRunner.java:210)
	at org.gradle.internal.operations.DefaultBuildOperationRunner$CallableBuildOperationWorker.execute(DefaultBuildOperationRunner.java:205)
	at org.gradle.internal.operations.DefaultBuildOperationRunner$2.execute(DefaultBuildOperationRunner.java:67)
	at org.gradle.internal.operations.DefaultBuildOperationRunner$2.execute(DefaultBuildOperationRunner.java:60)
	at org.gradle.internal.operations.DefaultBuildOperationRunner.execute(DefaultBuildOperationRunner.java:167)
	at org.gradle.internal.operations.DefaultBuildOperationRunner.execute(DefaultBuildOperationRunner.java:60)
	at org.gradle.internal.operations.DefaultBuildOperationRunner.call(DefaultBuildOperationRunner.java:54)
	at org.gradle.api.internal.tasks.execution.EventFiringTaskExecuter.execute(EventFiringTaskExecuter.java:52)
	at org.gradle.execution.plan.DefaultNodeExecutor.executeLocalTaskNode(DefaultNodeExecutor.java:55)
	at org.gradle.execution.plan.DefaultNodeExecutor.execute(DefaultNodeExecutor.java:34)
	at org.gradle.execution.taskgraph.DefaultTaskExecutionGraph$InvokeNodeExecutorsAction.execute(DefaultTaskExecutionGraph.java:355)
	at org.gradle.execution.taskgraph.DefaultTaskExecutionGraph$InvokeNodeExecutorsAction.execute(DefaultTaskExecutionGraph.java:343)
	at org.gradle.execution.taskgraph.DefaultTaskExecutionGraph$BuildOperationAwareExecutionAction.lambda$execute$0(DefaultTaskExecutionGraph.java:339)
	at org.gradle.internal.operations.CurrentBuildOperationRef.with(CurrentBuildOperationRef.java:84)
	at org.gradle.execution.taskgraph.DefaultTaskExecutionGraph$BuildOperationAwareExecutionAction.execute(DefaultTaskExecutionGraph.java:339)
	at org.gradle.execution.taskgraph.DefaultTaskExecutionGraph$BuildOperationAwareExecutionAction.execute(DefaultTaskExecutionGraph.java:328)
	at org.gradle.execution.plan.DefaultPlanExecutor$ExecutorWorker.execute(DefaultPlanExecutor.java:459)
	at org.gradle.execution.plan.DefaultPlanExecutor$ExecutorWorker.run(DefaultPlanExecutor.java:376)
	at org.gradle.internal.concurrent.ExecutorPolicy$CatchAndRecordFailures.onExecute(ExecutorPolicy.java:64)
	at org.gradle.internal.concurrent.AbstractManagedExecutor$1.run(AbstractManagedExecutor.java:47)
Caused by: org.gradle.internal.UncheckedException: com.android.ide.common.process.ProcessException: ninja: Entering directory `/home/runner/work/retro-manager/retro-manager/runtime/retropack-runtime-mupen64/.cxx/Debug/1k4d283o/arm64-v8a'
[1/86] Building C object CMakeFiles/retropack-runtime-mupen64.dir/src/main/cpp/ringbuffer.c.o
[2/86] Building C object CMakeFiles/retropack-runtime-mupen64.dir/submodules/mupen64plus-next/mupen64plus-core/src/api/callbacks.c.o
[3/86] Building C object CMakeFiles/retropack-runtime-mupen64.dir/submodules/mupen64plus-next/mupen64plus-core/src/api/debugger.c.o
[4/86] Building C object CMakeFiles/retropack-runtime-mupen64.dir/submodules/mupen64plus-next/mupen64plus-core/src/api/frontend.c.o
[5/86] Building C object CMakeFiles/retropack-runtime-mupen64.dir/submodules/mupen64plus-next/mupen64plus-core/src/backends/api/video_capture_backend.c.o
[6/86] Building C object CMakeFiles/retropack-runtime-mupen64.dir/submodules/mupen64plus-next/mupen64plus-core/src/backends/clock_ctime_plus_delta.c.o
[7/86] Building C object CMakeFiles/retropack-runtime-mupen64.dir/submodules/mupen64plus-next/custom/mupen64plus-core/api/config.c.o
[8/86] Building C object CMakeFiles/retropack-runtime-mupen64.dir/submodules/mupen64plus-next/mupen64plus-core/src/backends/plugins_compat/audio_plugin_compat.c.o
[9/86] Building C object CMakeFiles/retropack-runtime-mupen64.dir/submodules/mupen64plus-next/mupen64plus-core/src/backends/plugins_compat/input_plugin_compat.c.o
[10/86] Building C object CMakeFiles/retropack-runtime-mupen64.dir/submodules/mupen64plus-next/mupen64plus-core/src/device/cart/cart.c.o
[11/86] Building C object CMakeFiles/retropack-runtime-mupen64.dir/submodules/mupen64plus-next/mupen64plus-core/src/backends/dummy_video_capture.c.o
[12/86] Building C object CMakeFiles/retropack-runtime-mupen64.dir/src/main/cpp/mupen64-jni.c.o
[13/86] Building C object CMakeFiles/retropack-runtime-mupen64.dir/submodules/mupen64plus-next/mupen64plus-core/src/device/cart/cart_rom.c.o
[14/86] Building C object CMakeFiles/retropack-runtime-mupen64.dir/submodules/mupen64plus-next/mupen64plus-core/src/device/cart/af_rtc.c.o
[15/86] Building C object CMakeFiles/retropack-runtime-mupen64.dir/submodules/mupen64plus-next/mupen64plus-core/src/backends/file_storage.c.o
[16/86] Building C object CMakeFiles/retropack-runtime-mupen64.dir/submodules/mupen64plus-next/mupen64plus-core/src/device/cart/eeprom.c.o
[17/86] Building C object CMakeFiles/retropack-runtime-mupen64.dir/submodules/mupen64plus-next/mupen64plus-core/src/device/cart/flashram.c.o
[18/86] Building C object CMakeFiles/retropack-runtime-mupen64.dir/submodules/mupen64plus-next/mupen64plus-core/src/device/cart/sram.c.o
[19/86] Building C object CMakeFiles/retropack-runtime-mupen64.dir/submodules/mupen64plus-next/mupen64plus-core/src/device/controllers/paks/biopak.c.o
[20/86] Building C object CMakeFiles/retropack-runtime-mupen64.dir/submodules/mupen64plus-next/mupen64plus-core/src/device/cart/is_viewer.c.o
[21/86] Building C object CMakeFiles/retropack-runtime-mupen64.dir/submodules/mupen64plus-next/mupen64plus-core/src/device/controllers/game_controller.c.o
[22/86] Building C object CMakeFiles/retropack-runtime-mupen64.dir/submodules/mupen64plus-next/mupen64plus-core/src/device/controllers/vru_controller.c.o
[23/86] Building C object CMakeFiles/retropack-runtime-mupen64.dir/submodules/mupen64plus-next/mupen64plus-core/src/device/controllers/paks/mempak.c.o
[24/86] Building C object CMakeFiles/retropack-runtime-mupen64.dir/submodules/mupen64plus-next/mupen64plus-core/src/device/controllers/paks/rumblepak.c.o
[25/86] Building C object CMakeFiles/retropack-runtime-mupen64.dir/submodules/mupen64plus-next/mupen64plus-core/src/device/controllers/paks/transferpak.c.o
[26/86] Building C object CMakeFiles/retropack-runtime-mupen64.dir/submodules/mupen64plus-next/mupen64plus-core/src/device/dd/dd_controller.c.o
[27/86] Building C object CMakeFiles/retropack-runtime-mupen64.dir/submodules/mupen64plus-next/mupen64plus-core/src/device/gb/m64282fp.c.o
[28/86] Building C object CMakeFiles/retropack-runtime-mupen64.dir/submodules/mupen64plus-next/mupen64plus-core/src/device/gb/mbc3_rtc.c.o
[29/86] Building C object CMakeFiles/retropack-runtime-mupen64.dir/submodules/mupen64plus-next/mupen64plus-core/src/device/dd/disk.c.o
[30/86] Building C object CMakeFiles/retropack-runtime-mupen64.dir/submodules/mupen64plus-next/mupen64plus-core/src/device/pif/n64_cic_nus_6105.c.o
[31/86] Building C object CMakeFiles/retropack-runtime-mupen64.dir/submodules/mupen64plus-next/mupen64plus-core/src/device/pif/bootrom_hle.c.o
[32/86] Building C object CMakeFiles/retropack-runtime-mupen64.dir/submodules/mupen64plus-next/mupen64plus-core/src/device/device.c.o
[33/86] Building C object CMakeFiles/retropack-runtime-mupen64.dir/submodules/mupen64plus-next/mupen64plus-core/src/device/memory/memory.c.o
[34/86] Building C object CMakeFiles/retropack-runtime-mupen64.dir/submodules/mupen64plus-next/mupen64plus-core/src/device/pif/cic.c.o
[35/86] Building C object CMakeFiles/retropack-runtime-mupen64.dir/submodules/mupen64plus-next/mupen64plus-core/src/device/gb/gb_cart.c.o
[36/86] Building C object CMakeFiles/retropack-runtime-mupen64.dir/submodules/mupen64plus-next/mupen64plus-core/src/device/pif/pif.c.o
[37/86] Building C object CMakeFiles/retropack-runtime-mupen64.dir/submodules/mupen64plus-next/mupen64plus-core/src/device/r4300/cp2.c.o
[38/86] Building C object CMakeFiles/retropack-runtime-mupen64.dir/submodules/mupen64plus-next/mupen64plus-core/src/device/r4300/cp1.c.o
[39/86] Building C object CMakeFiles/retropack-runtime-mupen64.dir/submodules/mupen64plus-next/mupen64plus-core/src/device/r4300/cp0.c.o
[40/86] Building C object CMakeFiles/retropack-runtime-mupen64.dir/submodules/mupen64plus-next/mupen64plus-core/src/device/r4300/interrupt.c.o
[41/86] Building C object CMakeFiles/retropack-runtime-mupen64.dir/submodules/mupen64plus-next/mupen64plus-core/src/device/r4300/idec.c.o
[42/86] Building C object CMakeFiles/retropack-runtime-mupen64.dir/submodules/mupen64plus-next/mupen64plus-core/src/device/rcp/ai/ai_controller.c.o
[43/86] Building C object CMakeFiles/retropack-runtime-mupen64.dir/submodules/mupen64plus-next/mupen64plus-core/src/device/r4300/tlb.c.o
[44/86] Building C object CMakeFiles/retropack-runtime-mupen64.dir/submodules/mupen64plus-next/mupen64plus-core/src/device/rcp/mi/mi_controller.c.o
[45/86] Building C object CMakeFiles/retropack-runtime-mupen64.dir/submodules/mupen64plus-next/mupen64plus-core/src/device/r4300/r4300_core.c.o
[46/86] Building C object CMakeFiles/retropack-runtime-mupen64.dir/submodules/mupen64plus-next/mupen64plus-core/src/device/rcp/rdp/rdp_core.c.o
[47/86] Building C object CMakeFiles/retropack-runtime-mupen64.dir/submodules/mupen64plus-next/mupen64plus-core/src/device/rcp/pi/pi_controller.c.o
[48/86] Building C object CMakeFiles/retropack-runtime-mupen64.dir/submodules/mupen64plus-next/mupen64plus-core/src/device/rcp/ri/ri_controller.c.o
[49/86] Building C object CMakeFiles/retropack-runtime-mupen64.dir/submodules/mupen64plus-next/mupen64plus-core/src/device/rcp/rdp/fb.c.o
[50/86] Building C object CMakeFiles/retropack-runtime-mupen64.dir/submodules/mupen64plus-next/mupen64plus-core/src/device/rcp/si/si_controller.c.o
[51/86] Building C object CMakeFiles/retropack-runtime-mupen64.dir/submodules/mupen64plus-next/mupen64plus-core/src/device/rcp/rsp/rsp_core.c.o
[52/86] Building C object CMakeFiles/retropack-runtime-mupen64.dir/submodules/mupen64plus-next/mupen64plus-core/src/device/rcp/vi/vi_controller.c.o
[53/86] Building C object CMakeFiles/retropack-runtime-mupen64.dir/submodules/mupen64plus-next/mupen64plus-core/src/device/rdram/rdram.c.o
[54/86] Building C object CMakeFiles/retropack-runtime-mupen64.dir/submodules/mupen64plus-next/mupen64plus-core/src/main/util.c.o
[55/86] Building C object CMakeFiles/retropack-runtime-mupen64.dir/submodules/mupen64plus-next/mupen64plus-core/src/main/cheat.c.o
[56/86] Building C object CMakeFiles/retropack-runtime-mupen64.dir/submodules/mupen64plus-next/mupen64plus-core/src/main/rom.c.o
[57/86] Building C object CMakeFiles/retropack-runtime-mupen64.dir/submodules/mupen64plus-next/mupen64plus-core/src/main/main.c.o
[58/86] Building C object CMakeFiles/retropack-runtime-mupen64.dir/submodules/mupen64plus-next/mupen64plus-core/src/plugin/dummy_audio.c.o
[59/86] Building C object CMakeFiles/retropack-runtime-mupen64.dir/submodules/mupen64plus-next/mupen64plus-core/src/plugin/plugin.c.o
[60/86] Building C object CMakeFiles/retropack-runtime-mupen64.dir/submodules/mupen64plus-next/mupen64plus-core/src/osal/dynamiclib_unix.c.o
[61/86] Building C object CMakeFiles/retropack-runtime-mupen64.dir/submodules/mupen64plus-next/mupen64plus-core/src/osal/files_unix.c.o
[62/86] Building C object CMakeFiles/retropack-runtime-mupen64.dir/submodules/mupen64plus-next/mupen64plus-core/src/plugin/dummy_input.c.o
[63/86] Building C object CMakeFiles/retropack-runtime-mupen64.dir/submodules/mupen64plus-next/mupen64plus-core/subprojects/minizip/ioapi.c.o
[64/86] Building C object CMakeFiles/retropack-runtime-mupen64.dir/submodules/mupen64plus-next/mupen64plus-core/subprojects/md5/md5.c.o
[65/86] Building C object CMakeFiles/retropack-runtime-mupen64.dir/submodules/mupen64plus-next/mupen64plus-core/src/device/r4300/cached_interp.c.o
[66/86] Building C object CMakeFiles/retropack-runtime-mupen64.dir/submodules/mupen64plus-next/mupen64plus-core/subprojects/minizip/unzip.c.o
[67/86] Building C object CMakeFiles/retropack-runtime-mupen64.dir/submodules/mupen64plus-next/mupen64plus-rsp-hle/src/alist.c.o
[68/86] Building C object CMakeFiles/retropack-runtime-mupen64.dir/submodules/mupen64plus-next/mupen64plus-rsp-hle/src/alist_audio.c.o
[69/86] Building C object CMakeFiles/retropack-runtime-mupen64.dir/submodules/mupen64plus-next/mupen64plus-core/src/main/savestates.c.o
[70/86] Building C object CMakeFiles/retropack-runtime-mupen64.dir/submodules/mupen64plus-next/mupen64plus-core/subprojects/minizip/zip.c.o
[71/86] Building C object CMakeFiles/retropack-runtime-mupen64.dir/submodules/mupen64plus-next/mupen64plus-rsp-hle/src/alist_nead.c.o
[72/86] Building C object CMakeFiles/retropack-runtime-mupen64.dir/submodules/mupen64plus-next/mupen64plus-rsp-hle/src/audio.c.o
[73/86] Building C object CMakeFiles/retropack-runtime-mupen64.dir/submodules/mupen64plus-next/mupen64plus-rsp-hle/src/alist_naudio.c.o
[74/86] Building C object CMakeFiles/retropack-runtime-mupen64.dir/submodules/mupen64plus-next/mupen64plus-rsp-hle/src/cicx105.c.o
[75/86] Building C object CMakeFiles/retropack-runtime-mupen64.dir/submodules/mupen64plus-next/mupen64plus-core/src/device/r4300/pure_interp.c.o
[76/86] Building C object CMakeFiles/retropack-runtime-mupen64.dir/submodules/mupen64plus-next/mupen64plus-rsp-hle/src/hle.c.o
[77/86] Building C object CMakeFiles/retropack-runtime-mupen64.dir/submodules/mupen64plus-next/mupen64plus-rsp-hle/src/memory.c.o
[78/86] Building C object CMakeFiles/retropack-runtime-mupen64.dir/submodules/mupen64plus-next/mupen64plus-rsp-hle/src/hvqm.c.o
[79/86] Building C object CMakeFiles/retropack-runtime-mupen64.dir/submodules/mupen64plus-next/mupen64plus-rsp-hle/src/jpeg.c.o
[80/86] Building C object CMakeFiles/retropack-runtime-mupen64.dir/submodules/mupen64plus-next/mupen64plus-video-angrylion/interface.c.o
[81/86] Building C object CMakeFiles/retropack-runtime-mupen64.dir/submodules/mupen64plus-next/mupen64plus-rsp-hle/src/plugin.c.o
[82/86] Building C object CMakeFiles/retropack-runtime-mupen64.dir/submodules/mupen64plus-next/mupen64plus-rsp-hle/src/mp3.c.o
[83/86] Building C object CMakeFiles/retropack-runtime-mupen64.dir/submodules/mupen64plus-next/mupen64plus-rsp-hle/src/re2.c.o
[84/86] Building C object CMakeFiles/retropack-runtime-mupen64.dir/submodules/mupen64plus-next/mupen64plus-rsp-hle/src/musyx.c.o
[85/86] Building C object CMakeFiles/retropack-runtime-mupen64.dir/submodules/mupen64plus-next/mupen64plus-video-angrylion/n64video.c.o
[86/86] Linking C shared library ../../../../build/intermediates/cxx/Debug/1k4d283o/obj/arm64-v8a/libretropack-runtime-mupen64.so
FAILED: ../../../../build/intermediates/cxx/Debug/1k4d283o/obj/arm64-v8a/libretropack-runtime-mupen64.so 
: && /usr/local/lib/android/sdk/ndk/27.0.12077973/toolchains/llvm/prebuilt/linux-x86_64/bin/clang --target=aarch64-none-linux-android26 --sysroot=/usr/local/lib/android/sdk/ndk/27.0.12077973/toolchains/llvm/prebuilt/linux-x86_64/sysroot -fPIC -g -DANDROID -fdata-sections -ffunction-sections -funwind-tables -fstack-protector-strong -no-canonical-prefixes -D_FORTIFY_SOURCE=2 -Wformat -Werror=format-security  -fno-limit-debug-info  -static-libstdc++ -Wl,--build-id=sha1 -Wl,--no-rosegment -Wl,--no-undefined-version -Wl,--fatal-warnings -Wl,--no-undefined -Qunused-arguments  -Wl,-z,max-page-size=16384 -Wl,-z,common-page-size=16384   -Wl,-z,max-page-size=16384 -Wl,-z,common-page-size=16384 -shared -Wl,-soname,libretropack-runtime-mupen64.so -o ../../../../build/intermediates/cxx/Debug/1k4d283o/obj/arm64-v8a/libretropack-runtime-mupen64.so CMakeFiles/retropack-runtime-mupen64.dir/src/main/cpp/mupen64-jni.c.o CMakeFiles/retropack-runtime-mupen64.dir/src/main/cpp/ringbuffer.c.o CMakeFiles/retropack-runtime-mupen64.dir/submodules/mupen64plus-next/mupen64plus-core/src/api/callbacks.c.o CMakeFiles/retropack-runtime-mupen64.dir/submodules/mupen64plus-next/mupen64plus-core/src/api/debugger.c.o CMakeFiles/retropack-runtime-mupen64.dir/submodules/mupen64plus-next/mupen64plus-core/src/api/frontend.c.o CMakeFiles/retropack-runtime-mupen64.dir/submodules/mupen64plus-next/custom/mupen64plus-core/api/config.c.o CMakeFiles/retropack-runtime-mupen64.dir/submodules/mupen64plus-next/mupen64plus-core/src/backends/plugins_compat/audio_plugin_compat.c.o CMakeFiles/retropack-runtime-mupen64.dir/submodules/mupen64plus-next/mupen64plus-core/src/backends/api/video_capture_backend.c.o CMakeFiles/retropack-runtime-mupen64.dir/submodules/mupen64plus-next/mupen64plus-core/src/backends/plugins_compat/input_plugin_compat.c.o CMakeFiles/retropack-runtime-mupen64.dir/submodules/mupen64plus-next/mupen64plus-core/src/backends/clock_ctime_plus_delta.c.o CMakeFiles/retropack-runtime-mupen64.dir/submodules/mupen64plus-next/mupen64plus-core/src/backends/dummy_video_capture.c.o CMakeFiles/retropack-runtime-mupen64.dir/submodules/mupen64plus-next/mupen64plus-core/src/backends/file_storage.c.o CMakeFiles/retropack-runtime-mupen64.dir/submodules/mupen64plus-next/mupen64plus-core/src/device/cart/cart.c.o CMakeFiles/retropack-runtime-mupen64.dir/submodules/mupen64plus-next/mupen64plus-core/src/device/cart/af_rtc.c.o CMakeFiles/retropack-runtime-mupen64.dir/submodules/mupen64plus-next/mupen64plus-core/src/device/cart/cart_rom.c.o CMakeFiles/retropack-runtime-mupen64.dir/submodules/mupen64plus-next/mupen64plus-core/src/device/cart/eeprom.c.o CMakeFiles/retropack-runtime-mupen64.dir/submodules/mupen64plus-next/mupen64plus-core/src/device/cart/flashram.c.o CMakeFiles/retropack-runtime-mupen64.dir/submodules/mupen64plus-next/mupen64plus-core/src/device/cart/is_viewer.c.o CMakeFiles/retropack-runtime-mupen64.dir/submodules/mupen64plus-next/mupen64plus-core/src/device/cart/sram.c.o CMakeFiles/retropack-runtime-mupen64.dir/submodules/mupen64plus-next/mupen64plus-core/src/device/controllers/game_controller.c.o CMakeFiles/retropack-runtime-mupen64.dir/submodules/mupen64plus-next/mupen64plus-core/src/device/controllers/vru_controller.c.o CMakeFiles/retropack-runtime-mupen64.dir/submodules/mupen64plus-next/mupen64plus-core/src/device/controllers/paks/biopak.c.o CMakeFiles/retropack-runtime-mupen64.dir/submodules/mupen64plus-next/mupen64plus-core/src/device/controllers/paks/mempak.c.o CMakeFiles/retropack-runtime-mupen64.dir/submodules/mupen64plus-next/mupen64plus-core/src/device/controllers/paks/rumblepak.c.o CMakeFiles/retropack-runtime-mupen64.dir/submodules/mupen64plus-next/mupen64plus-core/src/device/controllers/paks/transferpak.c.o CMakeFiles/retropack-runtime-mupen64.dir/submodules/mupen64plus-next/mupen64plus-core/src/device/dd/dd_controller.c.o CMakeFiles/retropack-runtime-mupen64.dir/submodules/mupen64plus-next/mupen64plus-core/src/device/dd/disk.c.o CMakeFiles/retropack-runtime-mupen64.dir/submodules/mupen64plus-next/mupen64plus-core/src/device/device.c.o CMakeFiles/retropack-runtime-mupen64.dir/submodules/mupen64plus-next/mupen64plus-core/src/device/gb/gb_cart.c.o CMakeFiles/retropack-runtime-mupen64.dir/submodules/mupen64plus-next/mupen64plus-core/src/device/gb/mbc3_rtc.c.o CMakeFiles/retropack-runtime-mupen64.dir/submodules/mupen64plus-next/mupen64plus-core/src/device/gb/m64282fp.c.o CMakeFiles/retropack-runtime-mupen64.dir/submodules/mupen64plus-next/mupen64plus-core/src/device/memory/memory.c.o CMakeFiles/retropack-runtime-mupen64.dir/submodules/mupen64plus-next/mupen64plus-core/src/device/pif/bootrom_hle.c.o CMakeFiles/retropack-runtime-mupen64.dir/submodules/mupen64plus-next/mupen64plus-core/src/device/pif/cic.c.o CMakeFiles/retropack-runtime-mupen64.dir/submodules/mupen64plus-next/mupen64plus-core/src/device/pif/n64_cic_nus_6105.c.o CMakeFiles/retropack-runtime-mupen64.dir/submodules/mupen64plus-next/mupen64plus-core/src/device/pif/pif.c.o CMakeFiles/retropack-runtime-mupen64.dir/submodules/mupen64plus-next/mupen64plus-core/src/device/r4300/cached_interp.c.o CMakeFiles/retropack-runtime-mupen64.dir/submodules/mupen64plus-next/mupen64plus-core/src/device/r4300/cp0.c.o CMakeFiles/retropack-runtime-mupen64.dir/submodules/mupen64plus-next/mupen64plus-core/src/device/r4300/cp1.c.o CMakeFiles/retropack-runtime-mupen64.dir/submodules/mupen64plus-next/mupen64plus-core/src/device/r4300/cp2.c.o CMakeFiles/retropack-runtime-mupen64.dir/submodules/mupen64plus-next/mupen64plus-core/src/device/r4300/idec.c.o CMakeFiles/retropack-runtime-mupen64.dir/submodules/mupen64plus-next/mupen64plus-core/src/device/r4300/interrupt.c.o CMakeFiles/retropack-runtime-mupen64.dir/submodules/mupen64plus-next/mupen64plus-core/src/device/r4300/pure_interp.c.o CMakeFiles/retropack-runtime-mupen64.dir/submodules/mupen64plus-next/mupen64plus-core/src/device/r4300/r4300_core.c.o CMakeFiles/retropack-runtime-mupen64.dir/submodules/mupen64plus-next/mupen64plus-core/src/device/r4300/tlb.c.o CMakeFiles/retropack-runtime-mupen64.dir/submodules/mupen64plus-next/mupen64plus-core/src/device/rcp/ai/ai_controller.c.o CMakeFiles/retropack-runtime-mupen64.dir/submodules/mupen64plus-next/mupen64plus-core/src/device/rcp/mi/mi_controller.c.o CMakeFiles/retropack-runtime-mupen64.dir/submodules/mupen64plus-next/mupen64plus-core/src/device/rcp/pi/pi_controller.c.o CMakeFiles/retropack-runtime-mupen64.dir/submodules/mupen64plus-next/mupen64plus-core/src/device/rcp/rdp/fb.c.o CMakeFiles/retropack-runtime-mupen64.dir/submodules/mupen64plus-next/mupen64plus-core/src/device/rcp/rdp/rdp_core.c.o CMakeFiles/retropack-runtime-mupen64.dir/submodules/mupen64plus-next/mupen64plus-core/src/device/rcp/ri/ri_controller.c.o CMakeFiles/retropack-runtime-mupen64.dir/submodules/mupen64plus-next/mupen64plus-core/src/device/rcp/rsp/rsp_core.c.o CMakeFiles/retropack-runtime-mupen64.dir/submodules/mupen64plus-next/mupen64plus-core/src/device/rcp/si/si_controller.c.o CMakeFiles/retropack-runtime-mupen64.dir/submodules/mupen64plus-next/mupen64plus-core/src/device/rcp/vi/vi_controller.c.o CMakeFiles/retropack-runtime-mupen64.dir/submodules/mupen64plus-next/mupen64plus-core/src/device/rdram/rdram.c.o CMakeFiles/retropack-runtime-mupen64.dir/submodules/mupen64plus-next/mupen64plus-core/src/main/main.c.o CMakeFiles/retropack-runtime-mupen64.dir/submodules/mupen64plus-next/mupen64plus-core/src/main/util.c.o CMakeFiles/retropack-runtime-mupen64.dir/submodules/mupen64plus-next/mupen64plus-core/src/main/cheat.c.o CMakeFiles/retropack-runtime-mupen64.dir/submodules/mupen64plus-next/mupen64plus-core/src/main/rom.c.o CMakeFiles/retropack-runtime-mupen64.dir/submodules/mupen64plus-next/mupen64plus-core/src/main/savestates.c.o CMakeFiles/retropack-runtime-mupen64.dir/submodules/mupen64plus-next/mupen64plus-core/src/plugin/plugin.c.o CMakeFiles/retropack-runtime-mupen64.dir/submodules/mupen64plus-next/mupen64plus-core/src/plugin/dummy_audio.c.o CMakeFiles/retropack-runtime-mupen64.dir/submodules/mupen64plus-next/mupen64plus-core/src/plugin/dummy_input.c.o CMakeFiles/retropack-runtime-mupen64.dir/submodules/mupen64plus-next/mupen64plus-core/src/osal/files_unix.c.o CMakeFiles/retropack-runtime-mupen64.dir/submodules/mupen64plus-next/mupen64plus-core/src/osal/dynamiclib_unix.c.o CMakeFiles/retropack-runtime-mupen64.dir/submodules/mupen64plus-next/mupen64plus-core/subprojects/md5/md5.c.o CMakeFiles/retropack-runtime-mupen64.dir/submodules/mupen64plus-next/mupen64plus-core/subprojects/minizip/ioapi.c.o CMakeFiles/retropack-runtime-mupen64.dir/submodules/mupen64plus-next/mupen64plus-core/subprojects/minizip/unzip.c.o CMakeFiles/retropack-runtime-mupen64.dir/submodules/mupen64plus-next/mupen64plus-core/subprojects/minizip/zip.c.o CMakeFiles/retropack-runtime-mupen64.dir/submodules/mupen64plus-next/mupen64plus-rsp-hle/src/alist.c.o CMakeFiles/retropack-runtime-mupen64.dir/submodules/mupen64plus-next/mupen64plus-rsp-hle/src/alist_audio.c.o CMakeFiles/retropack-runtime-mupen64.dir/submodules/mupen64plus-next/mupen64plus-rsp-hle/src/alist_naudio.c.o CMakeFiles/retropack-runtime-mupen64.dir/submodules/mupen64plus-next/mupen64plus-rsp-hle/src/alist_nead.c.o CMakeFiles/retropack-runtime-mupen64.dir/submodules/mupen64plus-next/mupen64plus-rsp-hle/src/audio.c.o CMakeFiles/retropack-runtime-mupen64.dir/submodules/mupen64plus-next/mupen64plus-rsp-hle/src/cicx105.c.o CMakeFiles/retropack-runtime-mupen64.dir/submodules/mupen64plus-next/mupen64plus-rsp-hle/src/hle.c.o CMakeFiles/retropack-runtime-mupen64.dir/submodules/mupen64plus-next/mupen64plus-rsp-hle/src/hvqm.c.o CMakeFiles/retropack-runtime-mupen64.dir/submodules/mupen64plus-next/mupen64plus-rsp-hle/src/jpeg.c.o CMakeFiles/retropack-runtime-mupen64.dir/submodules/mupen64plus-next/mupen64plus-rsp-hle/src/memory.c.o CMakeFiles/retropack-runtime-mupen64.dir/submodules/mupen64plus-next/mupen64plus-rsp-hle/src/mp3.c.o CMakeFiles/retropack-runtime-mupen64.dir/submodules/mupen64plus-next/mupen64plus-rsp-hle/src/musyx.c.o CMakeFiles/retropack-runtime-mupen64.dir/submodules/mupen64plus-next/mupen64plus-rsp-hle/src/re2.c.o CMakeFiles/retropack-runtime-mupen64.dir/submodules/mupen64plus-next/mupen64plus-rsp-hle/src/plugin.c.o CMakeFiles/retropack-runtime-mupen64.dir/submodules/mupen64plus-next/mupen64plus-video-angrylion/interface.c.o CMakeFiles/retropack-runtime-mupen64.dir/submodules/mupen64plus-next/mupen64plus-video-angrylion/n64video.c.o  -lGLESv3  -lGLESv2  -lEGL  -lOpenSLES  -landroid  -llog  -lm  -lz  -latomic -lm && :
ld.lld: error: undefined symbol: OverrideVideoFunctions
>>> referenced by frontend.c:318 (/home/runner/work/retro-manager/retro-manager/runtime/retropack-runtime-mupen64/submodules/mupen64plus-next/mupen64plus-core/src/api/frontend.c:318)
>>>               CMakeFiles/retropack-runtime-mupen64.dir/submodules/mupen64plus-next/mupen64plus-core/src/api/frontend.c.o:(CoreOverrideVidExt)

ld.lld: error: undefined symbol: retro_transferpak_rom_path
>>> referenced by input_plugin_compat.c:118 (/home/runner/work/retro-manager/retro-manager/runtime/retropack-runtime-mupen64/submodules/mupen64plus-next/mupen64plus-core/src/backends/plugins_compat/input_plugin_compat.c:118)
>>>               CMakeFiles/retropack-runtime-mupen64.dir/submodules/mupen64plus-next/mupen64plus-core/src/backends/plugins_compat/input_plugin_compat.c.o:(input_plugin_get_input)
>>> referenced by input_plugin_compat.c:118 (/home/runner/work/retro-manager/retro-manager/runtime/retropack-runtime-mupen64/submodules/mupen64plus-next/mupen64plus-core/src/backends/plugins_compat/input_plugin_compat.c:118)
>>>               CMakeFiles/retropack-runtime-mupen64.dir/submodules/mupen64plus-next/mupen64plus-core/src/backends/plugins_compat/input_plugin_compat.c.o:(input_plugin_get_input)
>>> referenced by main.c:1238 (/home/runner/work/retro-manager/retro-manager/runtime/retropack-runtime-mupen64/submodules/mupen64plus-next/mupen64plus-core/src/main/main.c:1238)
>>>               CMakeFiles/retropack-runtime-mupen64.dir/submodules/mupen64plus-next/mupen64plus-core/src/main/main.c.o:(init_gb_rom)
>>> referenced 3 more times

ld.lld: error: undefined symbol: retro_screen_width
>>> referenced by interface.c:145 (/home/runner/work/retro-manager/retro-manager/runtime/retropack-runtime-mupen64/submodules/mupen64plus-next/mupen64plus-video-angrylion/interface.c:145)
>>>               CMakeFiles/retropack-runtime-mupen64.dir/submodules/mupen64plus-next/mupen64plus-video-angrylion/interface.c.o:(vdac_write)
>>> referenced by interface.c:145 (/home/runner/work/retro-manager/retro-manager/runtime/retropack-runtime-mupen64/submodules/mupen64plus-next/mupen64plus-video-angrylion/interface.c:145)
>>>               CMakeFiles/retropack-runtime-mupen64.dir/submodules/mupen64plus-next/mupen64plus-video-angrylion/interface.c.o:(vdac_write)
>>> referenced by interface.c:336 (/home/runner/work/retro-manager/retro-manager/runtime/retropack-runtime-mupen64/submodules/mupen64plus-next/mupen64plus-video-angrylion/interface.c:336)
>>>               CMakeFiles/retropack-runtime-mupen64.dir/submodules/mupen64plus-next/mupen64plus-video-angrylion/interface.c.o:(angrylionRomOpen)
>>> referenced 7 more times

ld.lld: error: undefined symbol: retro_screen_height
>>> referenced by interface.c:146 (/home/runner/work/retro-manager/retro-manager/runtime/retropack-runtime-mupen64/submodules/mupen64plus-next/mupen64plus-video-angrylion/interface.c:146)
>>>               CMakeFiles/retropack-runtime-mupen64.dir/submodules/mupen64plus-next/mupen64plus-video-angrylion/interface.c.o:(vdac_write)
>>> referenced by interface.c:146 (/home/runner/work/retro-manager/retro-manager/runtime/retropack-runtime-mupen64/submodules/mupen64plus-next/mupen64plus-video-angrylion/interface.c:146)
>>>               CMakeFiles/retropack-runtime-mupen64.dir/submodules/mupen64plus-next/mupen64plus-video-angrylion/interface.c.o:(vdac_write)
>>> referenced by interface.c:341 (/home/runner/work/retro-manager/retro-manager/runtime/retropack-runtime-mupen64/submodules/mupen64plus-next/mupen64plus-video-angrylion/interface.c:341)
>>>               CMakeFiles/retropack-runtime-mupen64.dir/submodules/mupen64plus-next/mupen64plus-video-angrylion/interface.c.o:(angrylionRomOpen)
>>> referenced 7 more times

ld.lld: error: undefined symbol: screen_pitch
>>> referenced by interface.c:147 (/home/runner/work/retro-manager/retro-manager/runtime/retropack-runtime-mupen64/submodules/mupen64plus-next/mupen64plus-video-angrylion/interface.c:147)
>>>               CMakeFiles/retropack-runtime-mupen64.dir/submodules/mupen64plus-next/mupen64plus-video-angrylion/interface.c.o:(vdac_write)
>>> referenced by interface.c:147 (/home/runner/work/retro-manager/retro-manager/runtime/retropack-runtime-mupen64/submodules/mupen64plus-next/mupen64plus-video-angrylion/interface.c:147)
>>>               CMakeFiles/retropack-runtime-mupen64.dir/submodules/mupen64plus-next/mupen64plus-video-angrylion/interface.c.o:(vdac_write)
>>> referenced by interface.c:346 (/home/runner/work/retro-manager/retro-manager/runtime/retropack-runtime-mupen64/submodules/mupen64plus-next/mupen64plus-video-angrylion/interface.c:346)
>>>               CMakeFiles/retropack-runtime-mupen64.dir/submodules/mupen64plus-next/mupen64plus-video-angrylion/interface.c.o:(angrylionRomOpen)
>>> referenced 1 more times

ld.lld: error: undefined symbol: libretro_swap_buffer
>>> referenced by interface.c:151 (/home/runner/work/retro-manager/retro-manager/runtime/retropack-runtime-mupen64/submodules/mupen64plus-next/mupen64plus-video-angrylion/interface.c:151)
>>>               CMakeFiles/retropack-runtime-mupen64.dir/submodules/mupen64plus-next/mupen64plus-video-angrylion/interface.c.o:(vdac_sync)
>>> referenced by interface.c:151 (/home/runner/work/retro-manager/retro-manager/runtime/retropack-runtime-mupen64/submodules/mupen64plus-next/mupen64plus-video-angrylion/interface.c:151)
>>>               CMakeFiles/retropack-runtime-mupen64.dir/submodules/mupen64plus-next/mupen64plus-video-angrylion/interface.c.o:(vdac_sync)

ld.lld: error: undefined symbol: parallel_run
>>> referenced by vi.c:446 (/home/runner/work/retro-manager/retro-manager/runtime/retropack-runtime-mupen64/submodules/mupen64plus-next/mupen64plus-video-angrylion/n64video/vi.c:446)
>>>               CMakeFiles/retropack-runtime-mupen64.dir/submodules/mupen64plus-next/mupen64plus-video-angrylion/n64video.c.o:(vi_process_full)
>>> referenced by vi.c:578 (/home/runner/work/retro-manager/retro-manager/runtime/retropack-runtime-mupen64/submodules/mupen64plus-next/mupen64plus-video-angrylion/n64video/vi.c:578)
>>>               CMakeFiles/retropack-runtime-mupen64.dir/submodules/mupen64plus-next/mupen64plus-video-angrylion/n64video.c.o:(vi_process_fast)
>>> referenced by n64video.c:224 (/home/runner/work/retro-manager/retro-manager/runtime/retropack-runtime-mupen64/submodules/mupen64plus-next/mupen64plus-video-angrylion/n64video.c:224)
>>>               CMakeFiles/retropack-runtime-mupen64.dir/submodules/mupen64plus-next/mupen64plus-video-angrylion/n64video.c.o:(n64video_init)
>>> referenced 1 more times

ld.lld: error: undefined symbol: parallel_num_workers
>>> referenced by n64video.c:167 (/home/runner/work/retro-manager/retro-manager/runtime/retropack-runtime-mupen64/submodules/mupen64plus-next/mupen64plus-video-angrylion/n64video.c:167)
>>>               CMakeFiles/retropack-runtime-mupen64.dir/submodules/mupen64plus-next/mupen64plus-video-angrylion/n64video.c.o:(rdp_init_worker)
>>> referenced by n64video.c:220 (/home/runner/work/retro-manager/retro-manager/runtime/retropack-runtime-mupen64/submodules/mupen64plus-next/mupen64plus-video-angrylion/n64video.c:220)
>>>               CMakeFiles/retropack-runtime-mupen64.dir/submodules/mupen64plus-next/mupen64plus-video-angrylion/n64video.c.o:(n64video_init)
>>> referenced by vi.c:151 (/home/runner/work/retro-manager/retro-manager/runtime/retropack-runtime-mupen64/submodules/mupen64plus-next/mupen64plus-video-angrylion/n64video/vi.c:151)
>>>               CMakeFiles/retropack-runtime-mupen64.dir/submodules/mupen64plus-next/mupen64plus-video-angrylion/n64video.c.o:(vi_process_full_parallel)
>>> referenced 1 more times

ld.lld: error: undefined symbol: parallel_alinit
>>> referenced by n64video.c:217 (/home/runner/work/retro-manager/retro-manager/runtime/retropack-runtime-mupen64/submodules/mupen64plus-next/mupen64plus-video-angrylion/n64video.c:217)
>>>               CMakeFiles/retropack-runtime-mupen64.dir/submodules/mupen64plus-next/mupen64plus-video-angrylion/n64video.c.o:(n64video_init)

ld.lld: error: undefined symbol: parallel_close
>>> referenced by n64video.c:315 (/home/runner/work/retro-manager/retro-manager/runtime/retropack-runtime-mupen64/submodules/mupen64plus-next/mupen64plus-video-angrylion/n64video.c:315)
>>>               CMakeFiles/retropack-runtime-mupen64.dir/submodules/mupen64plus-next/mupen64plus-video-angrylion/n64video.c.o:(n64video_close)

ld.lld: error: undefined symbol: gln64PluginGetVersion
>>> referenced by plugin.c:96 (/home/runner/work/retro-manager/retro-manager/runtime/retropack-runtime-mupen64/submodules/mupen64plus-next/mupen64plus-core/src/plugin/plugin.c:96)
>>>               CMakeFiles/retropack-runtime-mupen64.dir/submodules/mupen64plus-next/mupen64plus-core/src/plugin/plugin.c.o:(gfx_gln64)

ld.lld: error: undefined symbol: gln64ChangeWindow
>>> referenced by plugin.c:96 (/home/runner/work/retro-manager/retro-manager/runtime/retropack-runtime-mupen64/submodules/mupen64plus-next/mupen64plus-core/src/plugin/plugin.c:96)
>>>               CMakeFiles/retropack-runtime-mupen64.dir/submodules/mupen64plus-next/mupen64plus-core/src/plugin/plugin.c.o:(gfx_gln64)

ld.lld: error: undefined symbol: gln64InitiateGFX
>>> referenced by plugin.c:96 (/home/runner/work/retro-manager/retro-manager/runtime/retropack-runtime-mupen64/submodules/mupen64plus-next/mupen64plus-core/src/plugin/plugin.c:96)
>>>               CMakeFiles/retropack-runtime-mupen64.dir/submodules/mupen64plus-next/mupen64plus-core/src/plugin/plugin.c.o:(gfx_gln64)

ld.lld: error: undefined symbol: gln64MoveScreen
>>> referenced by plugin.c:96 (/home/runner/work/retro-manager/retro-manager/runtime/retropack-runtime-mupen64/submodules/mupen64plus-next/mupen64plus-core/src/plugin/plugin.c:96)
>>>               CMakeFiles/retropack-runtime-mupen64.dir/submodules/mupen64plus-next/mupen64plus-core/src/plugin/plugin.c.o:(gfx_gln64)

ld.lld: error: undefined symbol: gln64ProcessDList
>>> referenced by plugin.c:96 (/home/runner/work/retro-manager/retro-manager/runtime/retropack-runtime-mupen64/submodules/mupen64plus-next/mupen64plus-core/src/plugin/plugin.c:96)
>>>               CMakeFiles/retropack-runtime-mupen64.dir/submodules/mupen64plus-next/mupen64plus-core/src/plugin/plugin.c.o:(gfx_gln64)

ld.lld: error: undefined symbol: gln64ProcessRDPList
>>> referenced by plugin.c:96 (/home/runner/work/retro-manager/retro-manager/runtime/retropack-runtime-mupen64/submodules/mupen64plus-next/mupen64plus-core/src/plugin/plugin.c:96)
>>>               CMakeFiles/retropack-runtime-mupen64.dir/submodules/mupen64plus-next/mupen64plus-core/src/plugin/plugin.c.o:(gfx_gln64)

ld.lld: error: undefined symbol: gln64RomClosed
>>> referenced by plugin.c:96 (/home/runner/work/retro-manager/retro-manager/runtime/retropack-runtime-mupen64/submodules/mupen64plus-next/mupen64plus-core/src/plugin/plugin.c:96)
>>>               CMakeFiles/retropack-runtime-mupen64.dir/submodules/mupen64plus-next/mupen64plus-core/src/plugin/plugin.c.o:(gfx_gln64)

ld.lld: error: undefined symbol: gln64RomOpen
>>> referenced by plugin.c:96 (/home/runner/work/retro-manager/retro-manager/runtime/retropack-runtime-mupen64/submodules/mupen64plus-next/mupen64plus-core/src/plugin/plugin.c:96)
>>>               CMakeFiles/retropack-runtime-mupen64.dir/submodules/mupen64plus-next/mupen64plus-core/src/plugin/plugin.c.o:(gfx_gln64)

ld.lld: error: undefined symbol: gln64ShowCFB
>>> referenced by plugin.c:96 (/home/runner/work/retro-manager/retro-manager/runtime/retropack-runtime-mupen64/submodules/mupen64plus-next/mupen64plus-core/src/plugin/plugin.c:96)
>>>               CMakeFiles/retropack-runtime-mupen64.dir/submodules/mupen64plus-next/mupen64plus-core/src/plugin/plugin.c.o:(gfx_gln64)

ld.lld: error: undefined symbol: gln64UpdateScreen
>>> referenced by plugin.c:96 (/home/runner/work/retro-manager/retro-manager/runtime/retropack-runtime-mupen64/submodules/mupen64plus-next/mupen64plus-core/src/plugin/plugin.c:96)
>>>               CMakeFiles/retropack-runtime-mupen64.dir/submodules/mupen64plus-next/mupen64plus-core/src/plugin/plugin.c.o:(gfx_gln64)

ld.lld: error: too many errors emitted, stopping now (use --error-limit=0 to see all errors)
clang: error: linker command failed with exit code 1 (use -v to see invocation)
ninja: build stopped: subcommand failed.

C++ build system [build] failed while executing:
    /usr/local/lib/android/sdk/cmake/3.22.1/bin/ninja \
      -C \
      /home/runner/work/retro-manager/retro-manager/runtime/retropack-runtime-mupen64/.cxx/Debug/1k4d283o/arm64-v8a \
      retropack-runtime-mupen64
  from /home/runner/work/retro-manager/retro-manager/runtime/retropack-runtime-mupen64
	at org.gradle.internal.UncheckedException.throwAsUncheckedException(UncheckedException.java:69)
	at org.gradle.internal.UncheckedException.throwAsUncheckedException(UncheckedException.java:42)
	at org.gradle.internal.reflect.JavaMethod.invoke(JavaMethod.java:129)
	at org.gradle.api.internal.project.taskfactory.StandardTaskAction.doExecute(StandardTaskAction.java:58)
	at org.gradle.api.internal.project.taskfactory.StandardTaskAction.execute(StandardTaskAction.java:51)
	at org.gradle.api.internal.project.taskfactory.StandardTaskAction.execute(StandardTaskAction.java:29)
	at org.gradle.api.internal.tasks.execution.TaskExecution$3.run(TaskExecution.java:259)
	at org.gradle.internal.operations.DefaultBuildOperationRunner$1.execute(DefaultBuildOperationRunner.java:30)
	at org.gradle.internal.operations.DefaultBuildOperationRunner$1.execute(DefaultBuildOperationRunner.java:27)
	at org.gradle.internal.operations.DefaultBuildOperationRunner$2.execute(DefaultBuildOperationRunner.java:67)
	at org.gradle.internal.operations.DefaultBuildOperationRunner$2.execute(DefaultBuildOperationRunner.java:60)
	at org.gradle.internal.operations.DefaultBuildOperationRunner.execute(DefaultBuildOperationRunner.java:167)
	at org.gradle.internal.operations.DefaultBuildOperationRunner.execute(DefaultBuildOperationRunner.java:60)
	at org.gradle.internal.operations.DefaultBuildOperationRunner.run(DefaultBuildOperationRunner.java:48)
	at org.gradle.api.internal.tasks.execution.TaskExecution.executeAction(TaskExecution.java:244)
	at org.gradle.api.internal.tasks.execution.TaskExecution.executeActions(TaskExecution.java:227)
	at org.gradle.api.internal.tasks.execution.TaskExecution.executeWithPreviousOutputFiles(TaskExecution.java:210)
	at org.gradle.api.internal.tasks.execution.TaskExecution.execute(TaskExecution.java:176)
	at org.gradle.internal.execution.steps.ExecuteStep.executeInternal(ExecuteStep.java:167)
	at org.gradle.internal.execution.steps.ExecuteStep.access$000(ExecuteStep.java:47)
	at org.gradle.internal.execution.steps.ExecuteStep$1.call(ExecuteStep.java:137)
	at org.gradle.internal.execution.steps.ExecuteStep$1.call(ExecuteStep.java:134)
	at org.gradle.internal.operations.DefaultBuildOperationRunner$CallableBuildOperationWorker.execute(DefaultBuildOperationRunner.java:210)
	at org.gradle.internal.operations.DefaultBuildOperationRunner$CallableBuildOperationWorker.execute(DefaultBuildOperationRunner.java:205)
	at org.gradle.internal.operations.DefaultBuildOperationRunner$2.execute(DefaultBuildOperationRunner.java:67)
	at org.gradle.internal.operations.DefaultBuildOperationRunner$2.execute(DefaultBuildOperationRunner.java:60)
	at org.gradle.internal.operations.DefaultBuildOperationRunner.execute(DefaultBuildOperationRunner.java:167)
	at org.gradle.internal.operations.DefaultBuildOperationRunner.execute(DefaultBuildOperationRunner.java:60)
	at org.gradle.internal.operations.DefaultBuildOperationRunner.call(DefaultBuildOperationRunner.java:54)
	at org.gradle.internal.execution.steps.ExecuteStep.execute(ExecuteStep.java:134)
	at org.gradle.internal.execution.steps.ExecuteStep$Mutable.execute(ExecuteStep.java:80)
	at org.gradle.internal.execution.steps.CancelExecutionStep.execute(CancelExecutionStep.java:42)
	at org.gradle.internal.execution.steps.TimeoutStep.executeWithoutTimeout(TimeoutStep.java:75)
	at org.gradle.internal.execution.steps.TimeoutStep.execute(TimeoutStep.java:55)
	at org.gradle.internal.execution.steps.PreCreateOutputParentsStep.execute(PreCreateOutputParentsStep.java:51)
	at org.gradle.internal.execution.steps.PreCreateOutputParentsStep.execute(PreCreateOutputParentsStep.java:29)
	at org.gradle.internal.execution.steps.RemovePreviousOutputsStep.executeMutable(RemovePreviousOutputsStep.java:67)
	at org.gradle.internal.execution.steps.RemovePreviousOutputsStep.executeMutable(RemovePreviousOutputsStep.java:39)
	at org.gradle.internal.execution.steps.MutableStep.execute(MutableStep.java:26)
	at org.gradle.internal.execution.steps.BroadcastChangingOutputsStep.execute(BroadcastChangingOutputsStep.java:42)
	at org.gradle.internal.execution.steps.BroadcastChangingOutputsStep.execute(BroadcastChangingOutputsStep.java:24)
	at org.gradle.internal.execution.steps.CaptureOutputsAfterExecutionStep.execute(CaptureOutputsAfterExecutionStep.java:69)
	at org.gradle.internal.execution.steps.CaptureOutputsAfterExecutionStep.execute(CaptureOutputsAfterExecutionStep.java:46)
	at org.gradle.internal.execution.steps.ResolveInputChangesStep.executeMutable(ResolveInputChangesStep.java:39)
	at org.gradle.internal.execution.steps.ResolveInputChangesStep.executeMutable(ResolveInputChangesStep.java:28)
	at org.gradle.internal.execution.steps.MutableStep.execute(MutableStep.java:26)
	at org.gradle.internal.execution.steps.BuildCacheStep.executeWithoutCache(BuildCacheStep.java:189)
	at org.gradle.internal.execution.steps.BuildCacheStep.lambda$execute$1(BuildCacheStep.java:76)
	at org.gradle.internal.Either$Right.fold(Either.java:176)
	at org.gradle.internal.execution.caching.CachingState.fold(CachingState.java:62)
	at org.gradle.internal.execution.steps.BuildCacheStep.execute(BuildCacheStep.java:74)
	at org.gradle.internal.execution.steps.BuildCacheStep.execute(BuildCacheStep.java:49)
	at org.gradle.internal.execution.steps.StoreExecutionStateStep.executeMutable(StoreExecutionStateStep.java:46)
	at org.gradle.internal.execution.steps.StoreExecutionStateStep.executeMutable(StoreExecutionStateStep.java:35)
	at org.gradle.internal.execution.steps.MutableStep.execute(MutableStep.java:26)
	at org.gradle.internal.execution.steps.SkipUpToDateStep.executeBecause(SkipUpToDateStep.java:75)
	at org.gradle.internal.execution.steps.SkipUpToDateStep.lambda$execute$2(SkipUpToDateStep.java:53)
	at org.gradle.internal.execution.steps.SkipUpToDateStep.execute(SkipUpToDateStep.java:53)
	at org.gradle.internal.execution.steps.SkipUpToDateStep.execute(SkipUpToDateStep.java:35)
	at org.gradle.internal.execution.steps.legacy.MarkSnapshottingInputsFinishedStep.execute(MarkSnapshottingInputsFinishedStep.java:37)
	at org.gradle.internal.execution.steps.legacy.MarkSnapshottingInputsFinishedStep.execute(MarkSnapshottingInputsFinishedStep.java:27)
	at org.gradle.internal.execution.steps.ResolveMutableCachingStateStep.executeDelegate(ResolveMutableCachingStateStep.java:70)
	at org.gradle.internal.execution.steps.ResolveMutableCachingStateStep.executeDelegate(ResolveMutableCachingStateStep.java:32)
	at org.gradle.internal.execution.steps.AbstractResolveCachingStateStep.execute(AbstractResolveCachingStateStep.java:69)
	at org.gradle.internal.execution.steps.AbstractResolveCachingStateStep.execute(AbstractResolveCachingStateStep.java:37)
	at org.gradle.internal.execution.steps.ResolveChangesStep.executeMutable(ResolveChangesStep.java:63)
	at org.gradle.internal.execution.steps.ResolveChangesStep.executeMutable(ResolveChangesStep.java:34)
	at org.gradle.internal.execution.steps.MutableStep.execute(MutableStep.java:26)
	at org.gradle.internal.execution.steps.ValidateStep$Mutable.executeDelegate(ValidateStep.java:79)
	at org.gradle.internal.execution.steps.ValidateStep$Mutable.executeDelegate(ValidateStep.java:65)
	at org.gradle.internal.execution.steps.ValidateStep.execute(ValidateStep.java:99)
	at org.gradle.internal.execution.steps.ValidateStep$Mutable.execute(ValidateStep.java:65)
	at org.gradle.internal.execution.steps.CaptureMutableStateBeforeExecutionStep.executeMutable(CaptureMutableStateBeforeExecutionStep.java:86)
	at org.gradle.internal.execution.steps.CaptureMutableStateBeforeExecutionStep.execute(CaptureMutableStateBeforeExecutionStep.java:65)
	at org.gradle.internal.execution.steps.CaptureMutableStateBeforeExecutionStep.execute(CaptureMutableStateBeforeExecutionStep.java:45)
	at org.gradle.internal.execution.steps.SkipEmptyMutableWorkStep.executeWithNonEmptySources(SkipEmptyMutableWorkStep.java:210)
	at org.gradle.internal.execution.steps.SkipEmptyMutableWorkStep.executeMutable(SkipEmptyMutableWorkStep.java:85)
	at org.gradle.internal.execution.steps.SkipEmptyMutableWorkStep.executeMutable(SkipEmptyMutableWorkStep.java:53)
	at org.gradle.internal.execution.steps.MutableStep.execute(MutableStep.java:26)
	at org.gradle.internal.execution.steps.legacy.MarkSnapshottingInputsStartedStep.execute(MarkSnapshottingInputsStartedStep.java:38)
	at org.gradle.internal.execution.steps.LoadPreviousExecutionStateStep.executeMutable(LoadPreviousExecutionStateStep.java:36)
	at org.gradle.internal.execution.steps.LoadPreviousExecutionStateStep.executeMutable(LoadPreviousExecutionStateStep.java:23)
	at org.gradle.internal.execution.steps.MutableStep.execute(MutableStep.java:26)
	at org.gradle.internal.execution.steps.HandleStaleOutputsStep.executeMutable(HandleStaleOutputsStep.java:77)
	at org.gradle.internal.execution.steps.HandleStaleOutputsStep.executeMutable(HandleStaleOutputsStep.java:43)
	at org.gradle.internal.execution.steps.MutableStep.execute(MutableStep.java:26)
	at org.gradle.internal.execution.steps.AssignMutableWorkspaceStep.lambda$executeMutable$0(AssignMutableWorkspaceStep.java:34)
	at org.gradle.api.internal.tasks.execution.TaskExecution$4.withWorkspace(TaskExecution.java:305)
	at org.gradle.internal.execution.steps.AssignMutableWorkspaceStep.executeMutable(AssignMutableWorkspaceStep.java:30)
	at org.gradle.internal.execution.steps.AssignMutableWorkspaceStep.executeMutable(AssignMutableWorkspaceStep.java:21)
	at org.gradle.internal.execution.steps.MutableStep.execute(MutableStep.java:26)
	at org.gradle.internal.execution.steps.ChoosePipelineStep.execute(ChoosePipelineStep.java:40)
	at org.gradle.internal.execution.steps.ChoosePipelineStep.execute(ChoosePipelineStep.java:23)
	at org.gradle.internal.execution.steps.ExecuteWorkBuildOperationFiringStep.lambda$execute$2(ExecuteWorkBuildOperationFiringStep.java:67)
	at org.gradle.internal.execution.steps.ExecuteWorkBuildOperationFiringStep.execute(ExecuteWorkBuildOperationFiringStep.java:67)
	at org.gradle.internal.execution.steps.ExecuteWorkBuildOperationFiringStep.execute(ExecuteWorkBuildOperationFiringStep.java:39)
	at org.gradle.internal.execution.steps.IdentityCacheStep.execute(IdentityCacheStep.java:46)
	at org.gradle.internal.execution.steps.IdentityCacheStep.execute(IdentityCacheStep.java:34)
	at org.gradle.internal.execution.steps.IdentifyStep.execute(IdentifyStep.java:56)
	at org.gradle.internal.execution.steps.IdentifyStep.execute(IdentifyStep.java:38)
	at org.gradle.internal.execution.impl.DefaultExecutionEngine$1.execute(DefaultExecutionEngine.java:68)
	at org.gradle.api.internal.tasks.execution.ExecuteActionsTaskExecuter.executeIfValid(ExecuteActionsTaskExecuter.java:132)
	... 30 more
Caused by: com.android.ide.common.process.ProcessException: ninja: Entering directory `/home/runner/work/retro-manager/retro-manager/runtime/retropack-runtime-mupen64/.cxx/Debug/1k4d283o/arm64-v8a'
[1/86] Building C object CMakeFiles/retropack-runtime-mupen64.dir/src/main/cpp/ringbuffer.c.o
[2/86] Building C object CMakeFiles/retropack-runtime-mupen64.dir/submodules/mupen64plus-next/mupen64plus-core/src/api/callbacks.c.o
[3/86] Building C object CMakeFiles/retropack-runtime-mupen64.dir/submodules/mupen64plus-next/mupen64plus-core/src/api/debugger.c.o
[4/86] Building C object CMakeFiles/retropack-runtime-mupen64.dir/submodules/mupen64plus-next/mupen64plus-core/src/api/frontend.c.o
[5/86] Building C object CMakeFiles/retropack-runtime-mupen64.dir/submodules/mupen64plus-next/mupen64plus-core/src/backends/api/video_capture_backend.c.o
[6/86] Building C object CMakeFiles/retropack-runtime-mupen64.dir/submodules/mupen64plus-next/mupen64plus-core/src/backends/clock_ctime_plus_delta.c.o
[7/86] Building C object CMakeFiles/retropack-runtime-mupen64.dir/submodules/mupen64plus-next/custom/mupen64plus-core/api/config.c.o
[8/86] Building C object CMakeFiles/retropack-runtime-mupen64.dir/submodules/mupen64plus-next/mupen64plus-core/src/backends/plugins_compat/audio_plugin_compat.c.o
[9/86] Building C object CMakeFiles/retropack-runtime-mupen64.dir/submodules/mupen64plus-next/mupen64plus-core/src/backends/plugins_compat/input_plugin_compat.c.o
[10/86] Building C object CMakeFiles/retropack-runtime-mupen64.dir/submodules/mupen64plus-next/mupen64plus-core/src/device/cart/cart.c.o
[11/86] Building C object CMakeFiles/retropack-runtime-mupen64.dir/submodules/mupen64plus-next/mupen64plus-core/src/backends/dummy_video_capture.c.o
[12/86] Building C object CMakeFiles/retropack-runtime-mupen64.dir/src/main/cpp/mupen64-jni.c.o
[13/86] Building C object CMakeFiles/retropack-runtime-mupen64.dir/submodules/mupen64plus-next/mupen64plus-core/src/device/cart/cart_rom.c.o
[14/86] Building C object CMakeFiles/retropack-runtime-mupen64.dir/submodules/mupen64plus-next/mupen64plus-core/src/device/cart/af_rtc.c.o
[15/86] Building C object CMakeFiles/retropack-runtime-mupen64.dir/submodules/mupen64plus-next/mupen64plus-core/src/backends/file_storage.c.o
[16/86] Building C object CMakeFiles/retropack-runtime-mupen64.dir/submodules/mupen64plus-next/mupen64plus-core/src/device/cart/eeprom.c.o
[17/86] Building C object CMakeFiles/retropack-runtime-mupen64.dir/submodules/mupen64plus-next/mupen64plus-core/src/device/cart/flashram.c.o
[18/86] Building C object CMakeFiles/retropack-runtime-mupen64.dir/submodules/mupen64plus-next/mupen64plus-core/src/device/cart/sram.c.o
[19/86] Building C object CMakeFiles/retropack-runtime-mupen64.dir/submodules/mupen64plus-next/mupen64plus-core/src/device/controllers/paks/biopak.c.o
[20/86] Building C object CMakeFiles/retropack-runtime-mupen64.dir/submodules/mupen64plus-next/mupen64plus-core/src/device/cart/is_viewer.c.o
[21/86] Building C object CMakeFiles/retropack-runtime-mupen64.dir/submodules/mupen64plus-next/mupen64plus-core/src/device/controllers/game_controller.c.o
[22/86] Building C object CMakeFiles/retropack-runtime-mupen64.dir/submodules/mupen64plus-next/mupen64plus-core/src/device/controllers/vru_controller.c.o
[23/86] Building C object CMakeFiles/retropack-runtime-mupen64.dir/submodules/mupen64plus-next/mupen64plus-core/src/device/controllers/paks/mempak.c.o
[24/86] Building C object CMakeFiles/retropack-runtime-mupen64.dir/submodules/mupen64plus-next/mupen64plus-core/src/device/controllers/paks/rumblepak.c.o
[25/86] Building C object CMakeFiles/retropack-runtime-mupen64.dir/submodules/mupen64plus-next/mupen64plus-core/src/device/controllers/paks/transferpak.c.o
[26/86] Building C object CMakeFiles/retropack-runtime-mupen64.dir/submodules/mupen64plus-next/mupen64plus-core/src/device/dd/dd_controller.c.o
[27/86] Building C object CMakeFiles/retropack-runtime-mupen64.dir/submodules/mupen64plus-next/mupen64plus-core/src/device/gb/m64282fp.c.o
[28/86] Building C object CMakeFiles/retropack-runtime-mupen64.dir/submodules/mupen64plus-next/mupen64plus-core/src/device/gb/mbc3_rtc.c.o
[29/86] Building C object CMakeFiles/retropack-runtime-mupen64.dir/submodules/mupen64plus-next/mupen64plus-core/src/device/dd/disk.c.o
[30/86] Building C object CMakeFiles/retropack-runtime-mupen64.dir/submodules/mupen64plus-next/mupen64plus-core/src/device/pif/n64_cic_nus_6105.c.o
[31/86] Building C object CMakeFiles/retropack-runtime-mupen64.dir/submodules/mupen64plus-next/mupen64plus-core/src/device/pif/bootrom_hle.c.o
[32/86] Building C object CMakeFiles/retropack-runtime-mupen64.dir/submodules/mupen64plus-next/mupen64plus-core/src/device/device.c.o
[33/86] Building C object CMakeFiles/retropack-runtime-mupen64.dir/submodules/mupen64plus-next/mupen64plus-core/src/device/memory/memory.c.o
[34/86] Building C object CMakeFiles/retropack-runtime-mupen64.dir/submodules/mupen64plus-next/mupen64plus-core/src/device/pif/cic.c.o
[35/86] Building C object CMakeFiles/retropack-runtime-mupen64.dir/submodules/mupen64plus-next/mupen64plus-core/src/device/gb/gb_cart.c.o
[36/86] Building C object CMakeFiles/retropack-runtime-mupen64.dir/submodules/mupen64plus-next/mupen64plus-core/src/device/pif/pif.c.o
[37/86] Building C object CMakeFiles/retropack-runtime-mupen64.dir/submodules/mupen64plus-next/mupen64plus-core/src/device/r4300/cp2.c.o
[38/86] Building C object CMakeFiles/retropack-runtime-mupen64.dir/submodules/mupen64plus-next/mupen64plus-core/src/device/r4300/cp1.c.o
[39/86] Building C object CMakeFiles/retropack-runtime-mupen64.dir/submodules/mupen64plus-next/mupen64plus-core/src/device/r4300/cp0.c.o
[40/86] Building C object CMakeFiles/retropack-runtime-mupen64.dir/submodules/mupen64plus-next/mupen64plus-core/src/device/r4300/interrupt.c.o
[41/86] Building C object CMakeFiles/retropack-runtime-mupen64.dir/submodules/mupen64plus-next/mupen64plus-core/src/device/r4300/idec.c.o
[42/86] Building C object CMakeFiles/retropack-runtime-mupen64.dir/submodules/mupen64plus-next/mupen64plus-core/src/device/rcp/ai/ai_controller.c.o
[43/86] Building C object CMakeFiles/retropack-runtime-mupen64.dir/submodules/mupen64plus-next/mupen64plus-core/src/device/r4300/tlb.c.o
[44/86] Building C object CMakeFiles/retropack-runtime-mupen64.dir/submodules/mupen64plus-next/mupen64plus-core/src/device/rcp/mi/mi_controller.c.o
[45/86] Building C object CMakeFiles/retropack-runtime-mupen64.dir/submodules/mupen64plus-next/mupen64plus-core/src/device/r4300/r4300_core.c.o
[46/86] Building C object CMakeFiles/retropack-runtime-mupen64.dir/submodules/mupen64plus-next/mupen64plus-core/src/device/rcp/rdp/rdp_core.c.o
[47/86] Building C object CMakeFiles/retropack-runtime-mupen64.dir/submodules/mupen64plus-next/mupen64plus-core/src/device/rcp/pi/pi_controller.c.o
[48/86] Building C object CMakeFiles/retropack-runtime-mupen64.dir/submodules/mupen64plus-next/mupen64plus-core/src/device/rcp/ri/ri_controller.c.o
[49/86] Building C object CMakeFiles/retropack-runtime-mupen64.dir/submodules/mupen64plus-next/mupen64plus-core/src/device/rcp/rdp/fb.c.o
[50/86] Building C object CMakeFiles/retropack-runtime-mupen64.dir/submodules/mupen64plus-next/mupen64plus-core/src/device/rcp/si/si_controller.c.o
[51/86] Building C object CMakeFiles/retropack-runtime-mupen64.dir/submodules/mupen64plus-next/mupen64plus-core/src/device/rcp/rsp/rsp_core.c.o
[52/86] Building C object CMakeFiles/retropack-runtime-mupen64.dir/submodules/mupen64plus-next/mupen64plus-core/src/device/rcp/vi/vi_controller.c.o
[53/86] Building C object CMakeFiles/retropack-runtime-mupen64.dir/submodules/mupen64plus-next/mupen64plus-core/src/device/rdram/rdram.c.o
[54/86] Building C object CMakeFiles/retropack-runtime-mupen64.dir/submodules/mupen64plus-next/mupen64plus-core/src/main/util.c.o
[55/86] Building C object CMakeFiles/retropack-runtime-mupen64.dir/submodules/mupen64plus-next/mupen64plus-core/src/main/cheat.c.o
[56/86] Building C object CMakeFiles/retropack-runtime-mupen64.dir/submodules/mupen64plus-next/mupen64plus-core/src/main/rom.c.o
[57/86] Building C object CMakeFiles/retropack-runtime-mupen64.dir/submodules/mupen64plus-next/mupen64plus-core/src/main/main.c.o
[58/86] Building C object CMakeFiles/retropack-runtime-mupen64.dir/submodules/mupen64plus-next/mupen64plus-core/src/plugin/dummy_audio.c.o
[59/86] Building C object CMakeFiles/retropack-runtime-mupen64.dir/submodules/mupen64plus-next/mupen64plus-core/src/plugin/plugin.c.o
[60/86] Building C object CMakeFiles/retropack-runtime-mupen64.dir/submodules/mupen64plus-next/mupen64plus-core/src/osal/dynamiclib_unix.c.o
[61/86] Building C object CMakeFiles/retropack-runtime-mupen64.dir/submodules/mupen64plus-next/mupen64plus-core/src/osal/files_unix.c.o
[62/86] Building C object CMakeFiles/retropack-runtime-mupen64.dir/submodules/mupen64plus-next/mupen64plus-core/src/plugin/dummy_input.c.o
[63/86] Building C object CMakeFiles/retropack-runtime-mupen64.dir/submodules/mupen64plus-next/mupen64plus-core/subprojects/minizip/ioapi.c.o
[64/86] Building C object CMakeFiles/retropack-runtime-mupen64.dir/submodules/mupen64plus-next/mupen64plus-core/subprojects/md5/md5.c.o
[65/86] Building C object CMakeFiles/retropack-runtime-mupen64.dir/submodules/mupen64plus-next/mupen64plus-core/src/device/r4300/cached_interp.c.o
[66/86] Building C object CMakeFiles/retropack-runtime-mupen64.dir/submodules/mupen64plus-next/mupen64plus-core/subprojects/minizip/unzip.c.o
[67/86] Building C object CMakeFiles/retropack-runtime-mupen64.dir/submodules/mupen64plus-next/mupen64plus-rsp-hle/src/alist.c.o
[68/86] Building C object CMakeFiles/retropack-runtime-mupen64.dir/submodules/mupen64plus-next/mupen64plus-rsp-hle/src/alist_audio.c.o
[69/86] Building C object CMakeFiles/retropack-runtime-mupen64.dir/submodules/mupen64plus-next/mupen64plus-core/src/main/savestates.c.o
[70/86] Building C object CMakeFiles/retropack-runtime-mupen64.dir/submodules/mupen64plus-next/mupen64plus-core/subprojects/minizip/zip.c.o
[71/86] Building C object CMakeFiles/retropack-runtime-mupen64.dir/submodules/mupen64plus-next/mupen64plus-rsp-hle/src/alist_nead.c.o
[72/86] Building C object CMakeFiles/retropack-runtime-mupen64.dir/submodules/mupen64plus-next/mupen64plus-rsp-hle/src/audio.c.o
[73/86] Building C object CMakeFiles/retropack-runtime-mupen64.dir/submodules/mupen64plus-next/mupen64plus-rsp-hle/src/alist_naudio.c.o
[74/86] Building C object CMakeFiles/retropack-runtime-mupen64.dir/submodules/mupen64plus-next/mupen64plus-rsp-hle/src/cicx105.c.o
[75/86] Building C object CMakeFiles/retropack-runtime-mupen64.dir/submodules/mupen64plus-next/mupen64plus-core/src/device/r4300/pure_interp.c.o
[76/86] Building C object CMakeFiles/retropack-runtime-mupen64.dir/submodules/mupen64plus-next/mupen64plus-rsp-hle/src/hle.c.o
[77/86] Building C object CMakeFiles/retropack-runtime-mupen64.dir/submodules/mupen64plus-next/mupen64plus-rsp-hle/src/memory.c.o
[78/86] Building C object CMakeFiles/retropack-runtime-mupen64.dir/submodules/mupen64plus-next/mupen64plus-rsp-hle/src/hvqm.c.o
[79/86] Building C object CMakeFiles/retropack-runtime-mupen64.dir/submodules/mupen64plus-next/mupen64plus-rsp-hle/src/jpeg.c.o
[80/86] Building C object CMakeFiles/retropack-runtime-mupen64.dir/submodules/mupen64plus-next/mupen64plus-video-angrylion/interface.c.o
[81/86] Building C object CMakeFiles/retropack-runtime-mupen64.dir/submodules/mupen64plus-next/mupen64plus-rsp-hle/src/plugin.c.o
[82/86] Building C object CMakeFiles/retropack-runtime-mupen64.dir/submodules/mupen64plus-next/mupen64plus-rsp-hle/src/mp3.c.o
[83/86] Building C object CMakeFiles/retropack-runtime-mupen64.dir/submodules/mupen64plus-next/mupen64plus-rsp-hle/src/re2.c.o
[84/86] Building C object CMakeFiles/retropack-runtime-mupen64.dir/submodules/mupen64plus-next/mupen64plus-rsp-hle/src/musyx.c.o
[85/86] Building C object CMakeFiles/retropack-runtime-mupen64.dir/submodules/mupen64plus-next/mupen64plus-video-angrylion/n64video.c.o
[86/86] Linking C shared library ../../../../build/intermediates/cxx/Debug/1k4d283o/obj/arm64-v8a/libretropack-runtime-mupen64.so
FAILED: ../../../../build/intermediates/cxx/Debug/1k4d283o/obj/arm64-v8a/libretropack-runtime-mupen64.so 
: && /usr/local/lib/android/sdk/ndk/27.0.12077973/toolchains/llvm/prebuilt/linux-x86_64/bin/clang --target=aarch64-none-linux-android26 --sysroot=/usr/local/lib/android/sdk/ndk/27.0.12077973/toolchains/llvm/prebuilt/linux-x86_64/sysroot -fPIC -g -DANDROID -fdata-sections -ffunction-sections -funwind-tables -fstack-protector-strong -no-canonical-prefixes -D_FORTIFY_SOURCE=2 -Wformat -Werror=format-security  -fno-limit-debug-info  -static-libstdc++ -Wl,--build-id=sha1 -Wl,--no-rosegment -Wl,--no-undefined-version -Wl,--fatal-warnings -Wl,--no-undefined -Qunused-arguments  -Wl,-z,max-page-size=16384 -Wl,-z,common-page-size=16384   -Wl,-z,max-page-size=16384 -Wl,-z,common-page-size=16384 -shared -Wl,-soname,libretropack-runtime-mupen64.so -o ../../../../build/intermediates/cxx/Debug/1k4d283o/obj/arm64-v8a/libretropack-runtime-mupen64.so CMakeFiles/retropack-runtime-mupen64.dir/src/main/cpp/mupen64-jni.c.o CMakeFiles/retropack-runtime-mupen64.dir/src/main/cpp/ringbuffer.c.o CMakeFiles/retropack-runtime-mupen64.dir/submodules/mupen64plus-next/mupen64plus-core/src/api/callbacks.c.o CMakeFiles/retropack-runtime-mupen64.dir/submodules/mupen64plus-next/mupen64plus-core/src/api/debugger.c.o CMakeFiles/retropack-runtime-mupen64.dir/submodules/mupen64plus-next/mupen64plus-core/src/api/frontend.c.o CMakeFiles/retropack-runtime-mupen64.dir/submodules/mupen64plus-next/custom/mupen64plus-core/api/config.c.o CMakeFiles/retropack-runtime-mupen64.dir/submodules/mupen64plus-next/mupen64plus-core/src/backends/plugins_compat/audio_plugin_compat.c.o CMakeFiles/retropack-runtime-mupen64.dir/submodules/mupen64plus-next/mupen64plus-core/src/backends/api/video_capture_backend.c.o CMakeFiles/retropack-runtime-mupen64.dir/submodules/mupen64plus-next/mupen64plus-core/src/backends/plugins_compat/input_plugin_compat.c.o CMakeFiles/retropack-runtime-mupen64.dir/submodules/mupen64plus-next/mupen64plus-core/src/backends/clock_ctime_plus_delta.c.o CMakeFiles/retropack-runtime-mupen64.dir/submodules/mupen64plus-next/mupen64plus-core/src/backends/dummy_video_capture.c.o CMakeFiles/retropack-runtime-mupen64.dir/submodules/mupen64plus-next/mupen64plus-core/src/backends/file_storage.c.o CMakeFiles/retropack-runtime-mupen64.dir/submodules/mupen64plus-next/mupen64plus-core/src/device/cart/cart.c.o CMakeFiles/retropack-runtime-mupen64.dir/submodules/mupen64plus-next/mupen64plus-core/src/device/cart/af_rtc.c.o CMakeFiles/retropack-runtime-mupen64.dir/submodules/mupen64plus-next/mupen64plus-core/src/device/cart/cart_rom.c.o CMakeFiles/retropack-runtime-mupen64.dir/submodules/mupen64plus-next/mupen64plus-core/src/device/cart/eeprom.c.o CMakeFiles/retropack-runtime-mupen64.dir/submodules/mupen64plus-next/mupen64plus-core/src/device/cart/flashram.c.o CMakeFiles/retropack-runtime-mupen64.dir/submodules/mupen64plus-next/mupen64plus-core/src/device/cart/is_viewer.c.o CMakeFiles/retropack-runtime-mupen64.dir/submodules/mupen64plus-next/mupen64plus-core/src/device/cart/sram.c.o CMakeFiles/retropack-runtime-mupen64.dir/submodules/mupen64plus-next/mupen64plus-core/src/device/controllers/game_controller.c.o CMakeFiles/retropack-runtime-mupen64.dir/submodules/mupen64plus-next/mupen64plus-core/src/device/controllers/vru_controller.c.o CMakeFiles/retropack-runtime-mupen64.dir/submodules/mupen64plus-next/mupen64plus-core/src/device/controllers/paks/biopak.c.o CMakeFiles/retropack-runtime-mupen64.dir/submodules/mupen64plus-next/mupen64plus-core/src/device/controllers/paks/mempak.c.o CMakeFiles/retropack-runtime-mupen64.dir/submodules/mupen64plus-next/mupen64plus-core/src/device/controllers/paks/rumblepak.c.o CMakeFiles/retropack-runtime-mupen64.dir/submodules/mupen64plus-next/mupen64plus-core/src/device/controllers/paks/transferpak.c.o CMakeFiles/retropack-runtime-mupen64.dir/submodules/mupen64plus-next/mupen64plus-core/src/device/dd/dd_controller.c.o CMakeFiles/retropack-runtime-mupen64.dir/submodules/mupen64plus-next/mupen64plus-core/src/device/dd/disk.c.o CMakeFiles/retropack-runtime-mupen64.dir/submodules/mupen64plus-next/mupen64plus-core/src/device/device.c.o CMakeFiles/retropack-runtime-mupen64.dir/submodules/mupen64plus-next/mupen64plus-core/src/device/gb/gb_cart.c.o CMakeFiles/retropack-runtime-mupen64.dir/submodules/mupen64plus-next/mupen64plus-core/src/device/gb/mbc3_rtc.c.o CMakeFiles/retropack-runtime-mupen64.dir/submodules/mupen64plus-next/mupen64plus-core/src/device/gb/m64282fp.c.o CMakeFiles/retropack-runtime-mupen64.dir/submodules/mupen64plus-next/mupen64plus-core/src/device/memory/memory.c.o CMakeFiles/retropack-runtime-mupen64.dir/submodules/mupen64plus-next/mupen64plus-core/src/device/pif/bootrom_hle.c.o CMakeFiles/retropack-runtime-mupen64.dir/submodules/mupen64plus-next/mupen64plus-core/src/device/pif/cic.c.o CMakeFiles/retropack-runtime-mupen64.dir/submodules/mupen64plus-next/mupen64plus-core/src/device/pif/n64_cic_nus_6105.c.o CMakeFiles/retropack-runtime-mupen64.dir/submodules/mupen64plus-next/mupen64plus-core/src/device/pif/pif.c.o CMakeFiles/retropack-runtime-mupen64.dir/submodules/mupen64plus-next/mupen64plus-core/src/device/r4300/cached_interp.c.o CMakeFiles/retropack-runtime-mupen64.dir/submodules/mupen64plus-next/mupen64plus-core/src/device/r4300/cp0.c.o CMakeFiles/retropack-runtime-mupen64.dir/submodules/mupen64plus-next/mupen64plus-core/src/device/r4300/cp1.c.o CMakeFiles/retropack-runtime-mupen64.dir/submodules/mupen64plus-next/mupen64plus-core/src/device/r4300/cp2.c.o CMakeFiles/retropack-runtime-mupen64.dir/submodules/mupen64plus-next/mupen64plus-core/src/device/r4300/idec.c.o CMakeFiles/retropack-runtime-mupen64.dir/submodules/mupen64plus-next/mupen64plus-core/src/device/r4300/interrupt.c.o CMakeFiles/retropack-runtime-mupen64.dir/submodules/mupen64plus-next/mupen64plus-core/src/device/r4300/pure_interp.c.o CMakeFiles/retropack-runtime-mupen64.dir/submodules/mupen64plus-next/mupen64plus-core/src/device/r4300/r4300_core.c.o CMakeFiles/retropack-runtime-mupen64.dir/submodules/mupen64plus-next/mupen64plus-core/src/device/r4300/tlb.c.o CMakeFiles/retropack-runtime-mupen64.dir/submodules/mupen64plus-next/mupen64plus-core/src/device/rcp/ai/ai_controller.c.o CMakeFiles/retropack-runtime-mupen64.dir/submodules/mupen64plus-next/mupen64plus-core/src/device/rcp/mi/mi_controller.c.o CMakeFiles/retropack-runtime-mupen64.dir/submodules/mupen64plus-next/mupen64plus-core/src/device/rcp/pi/pi_controller.c.o CMakeFiles/retropack-runtime-mupen64.dir/submodules/mupen64plus-next/mupen64plus-core/src/device/rcp/rdp/fb.c.o CMakeFiles/retropack-runtime-mupen64.dir/submodules/mupen64plus-next/mupen64plus-core/src/device/rcp/rdp/rdp_core.c.o CMakeFiles/retropack-runtime-mupen64.dir/submodules/mupen64plus-next/mupen64plus-core/src/device/rcp/ri/ri_controller.c.o CMakeFiles/retropack-runtime-mupen64.dir/submodules/mupen64plus-next/mupen64plus-core/src/device/rcp/rsp/rsp_core.c.o CMakeFiles/retropack-runtime-mupen64.dir/submodules/mupen64plus-next/mupen64plus-core/src/device/rcp/si/si_controller.c.o CMakeFiles/retropack-runtime-mupen64.dir/submodules/mupen64plus-next/mupen64plus-core/src/device/rcp/vi/vi_controller.c.o CMakeFiles/retropack-runtime-mupen64.dir/submodules/mupen64plus-next/mupen64plus-core/src/device/rdram/rdram.c.o CMakeFiles/retropack-runtime-mupen64.dir/submodules/mupen64plus-next/mupen64plus-core/src/main/main.c.o CMakeFiles/retropack-runtime-mupen64.dir/submodules/mupen64plus-next/mupen64plus-core/src/main/util.c.o CMakeFiles/retropack-runtime-mupen64.dir/submodules/mupen64plus-next/mupen64plus-core/src/main/cheat.c.o CMakeFiles/retropack-runtime-mupen64.dir/submodules/mupen64plus-next/mupen64plus-core/src/main/rom.c.o CMakeFiles/retropack-runtime-mupen64.dir/submodules/mupen64plus-next/mupen64plus-core/src/main/savestates.c.o CMakeFiles/retropack-runtime-mupen64.dir/submodules/mupen64plus-next/mupen64plus-core/src/plugin/plugin.c.o CMakeFiles/retropack-runtime-mupen64.dir/submodules/mupen64plus-next/mupen64plus-core/src/plugin/dummy_audio.c.o CMakeFiles/retropack-runtime-mupen64.dir/submodules/mupen64plus-next/mupen64plus-core/src/plugin/dummy_input.c.o CMakeFiles/retropack-runtime-mupen64.dir/submodules/mupen64plus-next/mupen64plus-core/src/osal/files_unix.c.o CMakeFiles/retropack-runtime-mupen64.dir/submodules/mupen64plus-next/mupen64plus-core/src/osal/dynamiclib_unix.c.o CMakeFiles/retropack-runtime-mupen64.dir/submodules/mupen64plus-next/mupen64plus-core/subprojects/md5/md5.c.o CMakeFiles/retropack-runtime-mupen64.dir/submodules/mupen64plus-next/mupen64plus-core/subprojects/minizip/ioapi.c.o CMakeFiles/retropack-runtime-mupen64.dir/submodules/mupen64plus-next/mupen64plus-core/subprojects/minizip/unzip.c.o CMakeFiles/retropack-runtime-mupen64.dir/submodules/mupen64plus-next/mupen64plus-core/subprojects/minizip/zip.c.o CMakeFiles/retropack-runtime-mupen64.dir/submodules/mupen64plus-next/mupen64plus-rsp-hle/src/alist.c.o CMakeFiles/retropack-runtime-mupen64.dir/submodules/mupen64plus-next/mupen64plus-rsp-hle/src/alist_audio.c.o CMakeFiles/retropack-runtime-mupen64.dir/submodules/mupen64plus-next/mupen64plus-rsp-hle/src/alist_naudio.c.o CMakeFiles/retropack-runtime-mupen64.dir/submodules/mupen64plus-next/mupen64plus-rsp-hle/src/alist_nead.c.o CMakeFiles/retropack-runtime-mupen64.dir/submodules/mupen64plus-next/mupen64plus-rsp-hle/src/audio.c.o CMakeFiles/retropack-runtime-mupen64.dir/submodules/mupen64plus-next/mupen64plus-rsp-hle/src/cicx105.c.o CMakeFiles/retropack-runtime-mupen64.dir/submodules/mupen64plus-next/mupen64plus-rsp-hle/src/hle.c.o CMakeFiles/retropack-runtime-mupen64.dir/submodules/mupen64plus-next/mupen64plus-rsp-hle/src/hvqm.c.o CMakeFiles/retropack-runtime-mupen64.dir/submodules/mupen64plus-next/mupen64plus-rsp-hle/src/jpeg.c.o CMakeFiles/retropack-runtime-mupen64.dir/submodules/mupen64plus-next/mupen64plus-rsp-hle/src/memory.c.o CMakeFiles/retropack-runtime-mupen64.dir/submodules/mupen64plus-next/mupen64plus-rsp-hle/src/mp3.c.o CMakeFiles/retropack-runtime-mupen64.dir/submodules/mupen64plus-next/mupen64plus-rsp-hle/src/musyx.c.o CMakeFiles/retropack-runtime-mupen64.dir/submodules/mupen64plus-next/mupen64plus-rsp-hle/src/re2.c.o CMakeFiles/retropack-runtime-mupen64.dir/submodules/mupen64plus-next/mupen64plus-rsp-hle/src/plugin.c.o CMakeFiles/retropack-runtime-mupen64.dir/submodules/mupen64plus-next/mupen64plus-video-angrylion/interface.c.o CMakeFiles/retropack-runtime-mupen64.dir/submodules/mupen64plus-next/mupen64plus-video-angrylion/n64video.c.o  -lGLESv3  -lGLESv2  -lEGL  -lOpenSLES  -landroid  -llog  -lm  -lz  -latomic -lm && :
ld.lld: error: undefined symbol: OverrideVideoFunctions
>>> referenced by frontend.c:318 (/home/runner/work/retro-manager/retro-manager/runtime/retropack-runtime-mupen64/submodules/mupen64plus-next/mupen64plus-core/src/api/frontend.c:318)
>>>               CMakeFiles/retropack-runtime-mupen64.dir/submodules/mupen64plus-next/mupen64plus-core/src/api/frontend.c.o:(CoreOverrideVidExt)

ld.lld: error: undefined symbol: retro_transferpak_rom_path
>>> referenced by input_plugin_compat.c:118 (/home/runner/work/retro-manager/retro-manager/runtime/retropack-runtime-mupen64/submodules/mupen64plus-next/mupen64plus-core/src/backends/plugins_compat/input_plugin_compat.c:118)
>>>               CMakeFiles/retropack-runtime-mupen64.dir/submodules/mupen64plus-next/mupen64plus-core/src/backends/plugins_compat/input_plugin_compat.c.o:(input_plugin_get_input)
>>> referenced by input_plugin_compat.c:118 (/home/runner/work/retro-manager/retro-manager/runtime/retropack-runtime-mupen64/submodules/mupen64plus-next/mupen64plus-core/src/backends/plugins_compat/input_plugin_compat.c:118)
>>>               CMakeFiles/retropack-runtime-mupen64.dir/submodules/mupen64plus-next/mupen64plus-core/src/backends/plugins_compat/input_plugin_compat.c.o:(input_plugin_get_input)
>>> referenced by main.c:1238 (/home/runner/work/retro-manager/retro-manager/runtime/retropack-runtime-mupen64/submodules/mupen64plus-next/mupen64plus-core/src/main/main.c:1238)
>>>               CMakeFiles/retropack-runtime-mupen64.dir/submodules/mupen64plus-next/mupen64plus-core/src/main/main.c.o:(init_gb_rom)
>>> referenced 3 more times

ld.lld: error: undefined symbol: retro_screen_width
>>> referenced by interface.c:145 (/home/runner/work/retro-manager/retro-manager/runtime/retropack-runtime-mupen64/submodules/mupen64plus-next/mupen64plus-video-angrylion/interface.c:145)
>>>               CMakeFiles/retropack-runtime-mupen64.dir/submodules/mupen64plus-next/mupen64plus-video-angrylion/interface.c.o:(vdac_write)
>>> referenced by interface.c:145 (/home/runner/work/retro-manager/retro-manager/runtime/retropack-runtime-mupen64/submodules/mupen64plus-next/mupen64plus-video-angrylion/interface.c:145)
>>>               CMakeFiles/retropack-runtime-mupen64.dir/submodules/mupen64plus-next/mupen64plus-video-angrylion/interface.c.o:(vdac_write)
>>> referenced by interface.c:336 (/home/runner/work/retro-manager/retro-manager/runtime/retropack-runtime-mupen64/submodules/mupen64plus-next/mupen64plus-video-angrylion/interface.c:336)
>>>               CMakeFiles/retropack-runtime-mupen64.dir/submodules/mupen64plus-next/mupen64plus-video-angrylion/interface.c.o:(angrylionRomOpen)
>>> referenced 7 more times

ld.lld: error: undefined symbol: retro_screen_height
>>> referenced by interface.c:146 (/home/runner/work/retro-manager/retro-manager/runtime/retropack-runtime-mupen64/submodules/mupen64plus-next/mupen64plus-video-angrylion/interface.c:146)
>>>               CMakeFiles/retropack-runtime-mupen64.dir/submodules/mupen64plus-next/mupen64plus-video-angrylion/interface.c.o:(vdac_write)
>>> referenced by interface.c:146 (/home/runner/work/retro-manager/retro-manager/runtime/retropack-runtime-mupen64/submodules/mupen64plus-next/mupen64plus-video-angrylion/interface.c:146)
>>>               CMakeFiles/retropack-runtime-mupen64.dir/submodules/mupen64plus-next/mupen64plus-video-angrylion/interface.c.o:(vdac_write)
>>> referenced by interface.c:341 (/home/runner/work/retro-manager/retro-manager/runtime/retropack-runtime-mupen64/submodules/mupen64plus-next/mupen64plus-video-angrylion/interface.c:341)
>>>               CMakeFiles/retropack-runtime-mupen64.dir/submodules/mupen64plus-next/mupen64plus-video-angrylion/interface.c.o:(angrylionRomOpen)
>>> referenced 7 more times

ld.lld: error: undefined symbol: screen_pitch
>>> referenced by interface.c:147 (/home/runner/work/retro-manager/retro-manager/runtime/retropack-runtime-mupen64/submodules/mupen64plus-next/mupen64plus-video-angrylion/interface.c:147)
>>>               CMakeFiles/retropack-runtime-mupen64.dir/submodules/mupen64plus-next/mupen64plus-video-angrylion/interface.c.o:(vdac_write)
>>> referenced by interface.c:147 (/home/runner/work/retro-manager/retro-manager/runtime/retropack-runtime-mupen64/submodules/mupen64plus-next/mupen64plus-video-angrylion/interface.c:147)
>>>               CMakeFiles/retropack-runtime-mupen64.dir/submodules/mupen64plus-next/mupen64plus-video-angrylion/interface.c.o:(vdac_write)
>>> referenced by interface.c:346 (/home/runner/work/retro-manager/retro-manager/runtime/retropack-runtime-mupen64/submodules/mupen64plus-next/mupen64plus-video-angrylion/interface.c:346)
>>>               CMakeFiles/retropack-runtime-mupen64.dir/submodules/mupen64plus-next/mupen64plus-video-angrylion/interface.c.o:(angrylionRomOpen)
>>> referenced 1 more times

ld.lld: error: undefined symbol: libretro_swap_buffer
>>> referenced by interface.c:151 (/home/runner/work/retro-manager/retro-manager/runtime/retropack-runtime-mupen64/submodules/mupen64plus-next/mupen64plus-video-angrylion/interface.c:151)
>>>               CMakeFiles/retropack-runtime-mupen64.dir/submodules/mupen64plus-next/mupen64plus-video-angrylion/interface.c.o:(vdac_sync)
>>> referenced by interface.c:151 (/home/runner/work/retro-manager/retro-manager/runtime/retropack-runtime-mupen64/submodules/mupen64plus-next/mupen64plus-video-angrylion/interface.c:151)
>>>               CMakeFiles/retropack-runtime-mupen64.dir/submodules/mupen64plus-next/mupen64plus-video-angrylion/interface.c.o:(vdac_sync)

ld.lld: error: undefined symbol: parallel_run
>>> referenced by vi.c:446 (/home/runner/work/retro-manager/retro-manager/runtime/retropack-runtime-mupen64/submodules/mupen64plus-next/mupen64plus-video-angrylion/n64video/vi.c:446)
>>>               CMakeFiles/retropack-runtime-mupen64.dir/submodules/mupen64plus-next/mupen64plus-video-angrylion/n64video.c.o:(vi_process_full)
>>> referenced by vi.c:578 (/home/runner/work/retro-manager/retro-manager/runtime/retropack-runtime-mupen64/submodules/mupen64plus-next/mupen64plus-video-angrylion/n64video/vi.c:578)
>>>               CMakeFiles/retropack-runtime-mupen64.dir/submodules/mupen64plus-next/mupen64plus-video-angrylion/n64video.c.o:(vi_process_fast)
>>> referenced by n64video.c:224 (/home/runner/work/retro-manager/retro-manager/runtime/retropack-runtime-mupen64/submodules/mupen64plus-next/mupen64plus-video-angrylion/n64video.c:224)
>>>               CMakeFiles/retropack-runtime-mupen64.dir/submodules/mupen64plus-next/mupen64plus-video-angrylion/n64video.c.o:(n64video_init)
>>> referenced 1 more times

ld.lld: error: undefined symbol: parallel_num_workers
>>> referenced by n64video.c:167 (/home/runner/work/retro-manager/retro-manager/runtime/retropack-runtime-mupen64/submodules/mupen64plus-next/mupen64plus-video-angrylion/n64video.c:167)
>>>               CMakeFiles/retropack-runtime-mupen64.dir/submodules/mupen64plus-next/mupen64plus-video-angrylion/n64video.c.o:(rdp_init_worker)
>>> referenced by n64video.c:220 (/home/runner/work/retro-manager/retro-manager/runtime/retropack-runtime-mupen64/submodules/mupen64plus-next/mupen64plus-video-angrylion/n64video.c:220)
>>>               CMakeFiles/retropack-runtime-mupen64.dir/submodules/mupen64plus-next/mupen64plus-video-angrylion/n64video.c.o:(n64video_init)
>>> referenced by vi.c:151 (/home/runner/work/retro-manager/retro-manager/runtime/retropack-runtime-mupen64/submodules/mupen64plus-next/mupen64plus-video-angrylion/n64video/vi.c:151)
>>>               CMakeFiles/retropack-runtime-mupen64.dir/submodules/mupen64plus-next/mupen64plus-video-angrylion/n64video.c.o:(vi_process_full_parallel)
>>> referenced 1 more times

ld.lld: error: undefined symbol: parallel_alinit
>>> referenced by n64video.c:217 (/home/runner/work/retro-manager/retro-manager/runtime/retropack-runtime-mupen64/submodules/mupen64plus-next/mupen64plus-video-angrylion/n64video.c:217)
>>>               CMakeFiles/retropack-runtime-mupen64.dir/submodules/mupen64plus-next/mupen64plus-video-angrylion/n64video.c.o:(n64video_init)

ld.lld: error: undefined symbol: parallel_close
>>> referenced by n64video.c:315 (/home/runner/work/retro-manager/retro-manager/runtime/retropack-runtime-mupen64/submodules/mupen64plus-next/mupen64plus-video-angrylion/n64video.c:315)
>>>               CMakeFiles/retropack-runtime-mupen64.dir/submodules/mupen64plus-next/mupen64plus-video-angrylion/n64video.c.o:(n64video_close)

ld.lld: error: undefined symbol: gln64PluginGetVersion
>>> referenced by plugin.c:96 (/home/runner/work/retro-manager/retro-manager/runtime/retropack-runtime-mupen64/submodules/mupen64plus-next/mupen64plus-core/src/plugin/plugin.c:96)
>>>               CMakeFiles/retropack-runtime-mupen64.dir/submodules/mupen64plus-next/mupen64plus-core/src/plugin/plugin.c.o:(gfx_gln64)

ld.lld: error: undefined symbol: gln64ChangeWindow
>>> referenced by plugin.c:96 (/home/runner/work/retro-manager/retro-manager/runtime/retropack-runtime-mupen64/submodules/mupen64plus-next/mupen64plus-core/src/plugin/plugin.c:96)
>>>               CMakeFiles/retropack-runtime-mupen64.dir/submodules/mupen64plus-next/mupen64plus-core/src/plugin/plugin.c.o:(gfx_gln64)

ld.lld: error: undefined symbol: gln64InitiateGFX
>>> referenced by plugin.c:96 (/home/runner/work/retro-manager/retro-manager/runtime/retropack-runtime-mupen64/submodules/mupen64plus-next/mupen64plus-core/src/plugin/plugin.c:96)
>>>               CMakeFiles/retropack-runtime-mupen64.dir/submodules/mupen64plus-next/mupen64plus-core/src/plugin/plugin.c.o:(gfx_gln64)

ld.lld: error: undefined symbol: gln64MoveScreen
>>> referenced by plugin.c:96 (/home/runner/work/retro-manager/retro-manager/runtime/retropack-runtime-mupen64/submodules/mupen64plus-next/mupen64plus-core/src/plugin/plugin.c:96)
>>>               CMakeFiles/retropack-runtime-mupen64.dir/submodules/mupen64plus-next/mupen64plus-core/src/plugin/plugin.c.o:(gfx_gln64)

ld.lld: error: undefined symbol: gln64ProcessDList
>>> referenced by plugin.c:96 (/home/runner/work/retro-manager/retro-manager/runtime/retropack-runtime-mupen64/submodules/mupen64plus-next/mupen64plus-core/src/plugin/plugin.c:96)
>>>               CMakeFiles/retropack-runtime-mupen64.dir/submodules/mupen64plus-next/mupen64plus-core/src/plugin/plugin.c.o:(gfx_gln64)

ld.lld: error: undefined symbol: gln64ProcessRDPList
>>> referenced by plugin.c:96 (/home/runner/work/retro-manager/retro-manager/runtime/retropack-runtime-mupen64/submodules/mupen64plus-next/mupen64plus-core/src/plugin/plugin.c:96)
>>>               CMakeFiles/retropack-runtime-mupen64.dir/submodules/mupen64plus-next/mupen64plus-core/src/plugin/plugin.c.o:(gfx_gln64)

ld.lld: error: undefined symbol: gln64RomClosed
>>> referenced by plugin.c:96 (/home/runner/work/retro-manager/retro-manager/runtime/retropack-runtime-mupen64/submodules/mupen64plus-next/mupen64plus-core/src/plugin/plugin.c:96)
>>>               CMakeFiles/retropack-runtime-mupen64.dir/submodules/mupen64plus-next/mupen64plus-core/src/plugin/plugin.c.o:(gfx_gln64)

ld.lld: error: undefined symbol: gln64RomOpen
>>> referenced by plugin.c:96 (/home/runner/work/retro-manager/retro-manager/runtime/retropack-runtime-mupen64/submodules/mupen64plus-next/mupen64plus-core/src/plugin/plugin.c:96)
>>>               CMakeFiles/retropack-runtime-mupen64.dir/submodules/mupen64plus-next/mupen64plus-core/src/plugin/plugin.c.o:(gfx_gln64)

ld.lld: error: undefined symbol: gln64ShowCFB
>>> referenced by plugin.c:96 (/home/runner/work/retro-manager/retro-manager/runtime/retropack-runtime-mupen64/submodules/mupen64plus-next/mupen64plus-core/src/plugin/plugin.c:96)
>>>               CMakeFiles/retropack-runtime-mupen64.dir/submodules/mupen64plus-next/mupen64plus-core/src/plugin/plugin.c.o:(gfx_gln64)

ld.lld: error: undefined symbol: gln64UpdateScreen
>>> referenced by plugin.c:96 (/home/runner/work/retro-manager/retro-manager/runtime/retropack-runtime-mupen64/submodules/mupen64plus-next/mupen64plus-core/src/plugin/plugin.c:96)
>>>               CMakeFiles/retropack-runtime-mupen64.dir/submodules/mupen64plus-next/mupen64plus-core/src/plugin/plugin.c.o:(gfx_gln64)

ld.lld: error: too many errors emitted, stopping now (use --error-limit=0 to see all errors)
clang: error: linker command failed with exit code 1 (use -v to see invocation)
ninja: build stopped: subcommand failed.

C++ build system [build] failed while executing:
    /usr/local/lib/android/sdk/cmake/3.22.1/bin/ninja \
      -C \
      /home/runner/work/retro-manager/retro-manager/runtime/retropack-runtime-mupen64/.cxx/Debug/1k4d283o/arm64-v8a \
      retropack-runtime-mupen64
  from /home/runner/work/retro-manager/retro-manager/runtime/retropack-runtime-mupen64
	at com.android.build.gradle.internal.cxx.process.ExecuteProcessKt.execute(ExecuteProcess.kt:288)
	at com.android.build.gradle.internal.cxx.process.ExecuteProcessKt$executeProcess$1.invoke(ExecuteProcess.kt:108)
	at com.android.build.gradle.internal.cxx.process.ExecuteProcessKt$executeProcess$1.invoke(ExecuteProcess.kt:106)
	at com.android.build.gradle.internal.cxx.timing.TimingEnvironmentKt.time(TimingEnvironment.kt:32)
	at com.android.build.gradle.internal.cxx.process.ExecuteProcessKt.executeProcess(ExecuteProcess.kt:106)
	at com.android.build.gradle.internal.cxx.process.ExecuteProcessKt.executeProcess$default(ExecuteProcess.kt:85)
	at com.android.build.gradle.internal.cxx.build.CxxRegularBuilder.executeProcessBatch(CxxRegularBuilder.kt:332)
	at com.android.build.gradle.internal.cxx.build.CxxRegularBuilder.build(CxxRegularBuilder.kt:129)
	at com.android.build.gradle.tasks.ExternalNativeBuildTask.doTaskAction(ExternalNativeBuildTask.kt:72)
	at com.android.build.gradle.internal.tasks.UnsafeOutputsTask$taskAction$$inlined$recordTaskAction$1.invoke(BaseTask.kt:78)
	at com.android.build.gradle.internal.tasks.Blocks.recordSpan(Blocks.java:51)
	at com.android.build.gradle.internal.tasks.UnsafeOutputsTask.taskAction(UnsafeOutputsTask.kt:81)
	at org.gradle.internal.reflect.JavaMethod.invoke(JavaMethod.java:125)
	... 129 more
Caused by: com.android.ide.common.process.ProcessException: Error while executing process /usr/local/lib/android/sdk/cmake/3.22.1/bin/ninja with arguments {-C /home/runner/work/retro-manager/retro-manager/runtime/retropack-runtime-mupen64/.cxx/Debug/1k4d283o/arm64-v8a retropack-runtime-mupen64}
	at com.android.build.gradle.internal.process.GradleProcessResult.buildProcessException(GradleProcessResult.java:73)
	at com.android.build.gradle.internal.process.GradleProcessResult.assertNormalExitValue(GradleProcessResult.java:48)
	at com.android.build.gradle.internal.cxx.process.ExecuteProcessKt.execute(ExecuteProcess.kt:277)
	... 141 more
Caused by: org.gradle.process.ProcessExecutionException: Process 'command '/usr/local/lib/android/sdk/cmake/3.22.1/bin/ninja'' finished with non-zero exit value 1
	at org.gradle.process.internal.DefaultExecHandle$ExecResultImpl.assertNormalExitValue(DefaultExecHandle.java:459)
	at com.android.build.gradle.internal.process.GradleProcessResult.assertNormalExitValue(GradleProcessResult.java:46)
	... 142 more


Deprecated Gradle features were used in this build, making it incompatible with Gradle 10.

You can use '--warning-mode all' to show the individual deprecation warnings and determine if they come from your own scripts or plugins.

For more on this, please refer to https://docs.gradle.org/9.5.1/userguide/command_line_interface.html#sec:command_line_warnings in the Gradle documentation.

BUILD FAILED in 4s
2 actionable tasks: 2 executed
