> Task :runtime:retropack-runtime-fbneo:preBuild UP-TO-DATE
> Task :runtime:retropack-runtime-fbneo:preDebugBuild UP-TO-DATE
> Task :runtime:retropack-runtime-fbneo:configureCMakeDebug[arm64-v8a]

> Task :runtime:retropack-runtime-fbneo:buildCMakeDebug[arm64-v8a] FAILED
C/C++: ninja: Entering directory `/home/runner/work/retro-manager/retro-manager/runtime/retropack-runtime-fbneo/.cxx/Debug/1b1s4j3o/arm64-v8a'
C/C++: : && /usr/local/lib/android/sdk/ndk/27.0.12077973/toolchains/llvm/prebuilt/linux-x86_64/bin/clang++ --target=aarch64-none-linux-android26 --sysroot=/usr/local/lib/android/sdk/ndk/27.0.12077973/toolchains/llvm/prebuilt/linux-x86_64/sysroot -fPIC -g -DANDROID -fdata-sections -ffunction-sections -funwind-tables -fstack-protector-strong -no-canonical-prefixes -D_FORTIFY_SOURCE=2 -Wformat -Werror=format-security   -fno-limit-debug-info  -static-libstdc++ -Wl,--build-id=sha1 -Wl,--no-rosegment -Wl,--no-undefined-version -Wl,--fatal-warnings -Wl,--no-undefined -Qunused-arguments  -Wl,-z,max-page-size=16384 -Wl,-z,common-page-size=16384   -Wl,-z,max-page-size=16384 -Wl,-z,common-page-size=16384 -Wl,--allow-multiple-definition -Wl,-z,muldefs -shared -Wl,-soname,libretropack-runtime-fbneo.so -o ../../../../build/intermediates/cxx/Debug/1b1s4j3o/obj/arm64-v8a/libretropack-runtime-fbneo.so CMakeFiles/retropack-runtime-fbneo.dir/src/main/cpp/fbneo-jni.cpp.o CMakeFiles/retropack-runtime-fbneo.dir/src/main/cpp/ringbuffer.c.o CMakeFiles/retropack-runtime-fbneo.dir/src/main/cpp/fbneo_libretro_shims.cpp.o CMakeFiles/retropack-runtime-fbneo.dir/submodules/fbneo/src/burn/burn.cpp.o CMakeFiles/retropack-runtime-fbneo.dir/submodules/fbneo/src/burn/burn_gun.cpp.o CMakeFiles/retropack-runtime-fbneo.dir/submodules/fbneo/src/burn/burn_memory.cpp.o CMakeFiles/retropack-runtime-fbneo.dir/submodules/fbneo/src/burn/burn_sound.cpp.o CMakeFiles/retropack-runtime-fbneo.dir/submodules/fbneo/src/burn/cheat.cpp.o CMakeFiles/retropack-runtime-fbneo.dir/submodules/fbneo/src/burn/debug_track.cpp.o CMakeFiles/retropack-runtime-fbneo.dir/submodules/fbneo/src/burn/hiscore.cpp.o CMakeFiles/retropack-runtime-fbneo.dir/submodules/fbneo/src/burn/load.cpp.o CMakeFiles/retropack-runtime-fbneo.dir/submodules/fbneo/src/burn/timer.cpp.o CMakeFiles/retropack-runtime-fbneo.dir/submodules/fbneo/src/burn/burn_sha1.cpp.o CMakeFiles/retropack-runtime-fbneo.dir/submodules/fbneo/src/burner/conc.cpp.o CMakeFiles/retropack-runtime-fbneo.dir/submodules/fbneo/src/burner/dat.cpp.o CMakeFiles/retropack-runtime-fbneo.dir/submodules/fbneo/src/burner/statec.cpp.o CMakeFiles/retropack-runtime-fbneo.dir/submodules/fbneo/src/burner/zipfn.cpp.o CMakeFiles/retropack-runtime-fbneo.dir/submodules/fbneo/src/burner/nvram.cpp.o CMakeFiles/retropack-runtime-fbneo.dir/submodules/fbneo/src/burner/cdlist.cpp.o CMakeFiles/retropack-runtime-fbneo.dir/submodules/fbneo/src/burner/ioapi.c.o CMakeFiles/retropack-runtime-fbneo.dir/submodules/fbneo/src/burner/unzip.c.o CMakeFiles/retropack-runtime-fbneo.dir/submodules/fbneo/src/burn/drv/neogeo/d_neogeo.cpp.o CMakeFiles/retropack-runtime-fbneo.dir/submodules/fbneo/src/burn/drv/neogeo/neo_decrypt.cpp.o CMakeFiles/retropack-runtime-fbneo.dir/submodules/fbneo/src/burn/drv/neogeo/neo_palette.cpp.o CMakeFiles/retropack-runtime-fbneo.dir/submodules/fbneo/src/burn/drv/neogeo/neo_run.cpp.o CMakeFiles/retropack-runtime-fbneo.dir/submodules/fbneo/src/burn/drv/neogeo/neo_sprite.cpp.o CMakeFiles/retropack-runtime-fbneo.dir/submodules/fbneo/src/burn/drv/neogeo/neo_text.cpp.o CMakeFiles/retropack-runtime-fbneo.dir/submodules/fbneo/src/burn/drv/neogeo/neo_upd4990a.cpp.o CMakeFiles/retropack-runtime-fbneo.dir/submodules/fbneo/src/burn/drv/neogeo/neogeo.cpp.o CMakeFiles/retropack-runtime-fbneo.dir/submodules/fbneo/src/burn/snd/fm.c.o CMakeFiles/retropack-runtime-fbneo.dir/submodules/fbneo/src/burn/snd/ay8910.c.o CMakeFiles/retropack-runtime-fbneo.dir/submodules/fbneo/src/burn/snd/ymdeltat.c.o CMakeFiles/retropack-runtime-fbneo.dir/submodules/fbneo/src/burn/snd/burn_ym2203.cpp.o CMakeFiles/retropack-runtime-fbneo.dir/submodules/fbneo/src/burn/snd/burn_ym2608.cpp.o CMakeFiles/retropack-runtime-fbneo.dir/submodules/fbneo/src/burn/snd/burn_ym2610.cpp.o CMakeFiles/retropack-runtime-fbneo.dir/submodules/fbneo/src/burn/snd/burn_ym2612.cpp.o CMakeFiles/retropack-runtime-fbneo.dir/submodules/fbneo/src/burn/devices/joyprocess.cpp.o CMakeFiles/retropack-runtime-fbneo.dir/submodules/fbneo/src/burn/devices/resnet.cpp.o CMakeFiles/retropack-runtime-fbneo.dir/submodules/fbneo/src/cpu/m68k/m68kcpu.c.o CMakeFiles/retropack-runtime-fbneo.dir/submodules/fbneo/src/cpu/m68k/m68kops.c.o CMakeFiles/retropack-runtime-fbneo.dir/submodules/fbneo/src/cpu/m68000_intf.cpp.o CMakeFiles/retropack-runtime-fbneo.dir/submodules/fbneo/src/cpu/z80_intf.cpp.o CMakeFiles/retropack-runtime-fbneo.dir/submodules/fbneo/src/cpu/z80/z80.cpp.o CMakeFiles/retropack-runtime-fbneo.dir/submodules/fbneo/src/cpu/z80/z80ctc.cpp.o CMakeFiles/retropack-runtime-fbneo.dir/submodules/fbneo/src/cpu/z80/z80daisy.cpp.o CMakeFiles/retropack-runtime-fbneo.dir/submodules/fbneo/src/cpu/z80/z80pio.cpp.o CMakeFiles/retropack-runtime-fbneo.dir/submodules/fbneo/src/burner/libretro/ips_manager.cpp.o CMakeFiles/retropack-runtime-fbneo.dir/submodules/fbneo/src/burner/libretro/romdata.cpp.o CMakeFiles/retropack-runtime-fbneo.dir/submodules/fbneo/src/burner/libretro/retro_cdemu.cpp.o CMakeFiles/retropack-runtime-fbneo.dir/submodules/fbneo/src/burner/libretro/libretro-common/streams/file_stream.c.o CMakeFiles/retropack-runtime-fbneo.dir/submodules/fbneo/src/burner/libretro/libretro-common/streams/file_stream_transforms.c.o CMakeFiles/retropack-runtime-fbneo.dir/submodules/fbneo/src/burner/libretro/libretro-common/vfs/vfs_implementation.c.o CMakeFiles/retropack-runtime-fbneo.dir/submodules/fbneo/src/burner/libretro/libretro-common/file/file_path.c.o CMakeFiles/retropack-runtime-fbneo.dir/submodules/fbneo/src/burner/libretro/libretro-common/file/file_path_io.c.o CMakeFiles/retropack-runtime-fbneo.dir/submodules/fbneo/src/burner/libretro/libretro-common/file/retro_dirent.c.o CMakeFiles/retropack-runtime-fbneo.dir/submodules/fbneo/src/burner/libretro/libretro-common/encodings/encoding_utf.c.o CMakeFiles/retropack-runtime-fbneo.dir/submodules/fbneo/src/burner/libretro/libretro-common/compat/compat_posix_string.c.o CMakeFiles/retropack-runtime-fbneo.dir/submodules/fbneo/src/burner/libretro/libretro-common/compat/compat_strcasestr.c.o CMakeFiles/retropack-runtime-fbneo.dir/submodules/fbneo/src/burner/libretro/libretro-common/compat/compat_strl.c.o CMakeFiles/retropack-runtime-fbneo.dir/submodules/fbneo/src/intf/cd/cd_chd.cpp.o CMakeFiles/retropack-runtime-fbneo.dir/submodules/fbneo/src/dep/libs/libchdr/libchdr_chd.c.o CMakeFiles/retropack-runtime-fbneo.dir/submodules/fbneo/src/dep/libs/libchdr/libchdr_bitstream.c.o CMakeFiles/retropack-runtime-fbneo.dir/submodules/fbneo/src/dep/libs/libchdr/libchdr_huffman.c.o CMakeFiles/retropack-runtime-fbneo.dir/submodules/fbneo/src/dep/libs/libchdr/libchdr_cdrom.c.o CMakeFiles/retropack-runtime-fbneo.dir/submodules/fbneo/src/dep/libs/libchdr/libchdr_flac.c.o CMakeFiles/retropack-runtime-fbneo.dir/submodules/fbneo/src/dep/libs/libchdr/libchdr_codec_zlib.c.o CMakeFiles/retropack-runtime-fbneo.dir/submodules/fbneo/src/dep/libs/libchdr/libchdr_codec_cdzl.c.o CMakeFiles/retropack-runtime-fbneo.dir/submodules/fbneo/src/dep/libs/libchdr/libchdr_codec_huff.c.o CMakeFiles/retropack-runtime-fbneo.dir/submodules/fbneo/src/dep/libs/libchdr/libchdr_codec_flac.c.o CMakeFiles/retropack-runtime-fbneo.dir/submodules/fbneo/src/dep/libs/libchdr/libchdr_codec_lzma.c.o CMakeFiles/retropack-runtime-fbneo.dir/submodules/fbneo/src/dep/libs/libchdr/libchdr_codec_zstd.c.o CMakeFiles/retropack-runtime-fbneo.dir/submodules/fbneo/src/dep/libs/libchdr/libchdr_codec_cdlz.c.o CMakeFiles/retropack-runtime-fbneo.dir/submodules/fbneo/src/dep/libs/libchdr/libchdr_codec_cdfl.c.o CMakeFiles/retropack-runtime-fbneo.dir/submodules/fbneo/src/dep/libs/libchdr/libchdr_codec_cdzs.c.o CMakeFiles/retropack-runtime-fbneo.dir/submodules/fbneo/src/dep/libs/lzma/libchdr_lzma.c.o CMakeFiles/retropack-runtime-fbneo.dir/submodules/fbneo/src/dep/libs/zstd/zstddeclib.c.o  -lGLESv2  -lEGL  -lOpenSLES  -landroid  -llog  -lm  -lz  -latomic -lm && :
C/C++: ld.lld: error: undefined symbol: rtime_localtime
C/C++: >>> referenced by file_path.c:567 (/home/runner/work/retro-manager/retro-manager/runtime/retropack-runtime-fbneo/submodules/fbneo/src/burner/libretro/libretro-common/file/file_path.c:567)
C/C++: >>>               CMakeFiles/retropack-runtime-fbneo.dir/submodules/fbneo/src/burner/libretro/libretro-common/file/file_path.c.o:(fill_dated_filename)
C/C++: >>> referenced by file_path.c:595 (/home/runner/work/retro-manager/retro-manager/runtime/retropack-runtime-fbneo/submodules/fbneo/src/burner/libretro/libretro-common/file/file_path.c:595)
C/C++: >>>               CMakeFiles/retropack-runtime-fbneo.dir/submodules/fbneo/src/burner/libretro/libretro-common/file/file_path.c.o:(fill_str_dated_filename)
C/C++: ld.lld: error: undefined symbol: IsFileExt(char*, char*)
C/C++: >>> referenced by cd_img.inc:470 (/home/runner/work/retro-manager/retro-manager/runtime/retropack-runtime-fbneo/submodules/fbneo/src/intf/cd/cd_img.inc:470)
C/C++: >>>               CMakeFiles/retropack-runtime-fbneo.dir/submodules/fbneo/src/burner/libretro/retro_cdemu.cpp.o:(CDImageOpen(char const*))
C/C++: >>> referenced by cd_img.inc:473 (/home/runner/work/retro-manager/retro-manager/runtime/retropack-runtime-fbneo/submodules/fbneo/src/intf/cd/cd_img.inc:473)
C/C++: >>>               CMakeFiles/retropack-runtime-fbneo.dir/submodules/fbneo/src/burner/libretro/retro_cdemu.cpp.o:(CDImageOpen(char const*))
C/C++: >>> referenced by cd_img.inc:476 (/home/runner/work/retro-manager/retro-manager/runtime/retropack-runtime-fbneo/submodules/fbneo/src/intf/cd/cd_img.inc:476)
C/C++: >>>               CMakeFiles/retropack-runtime-fbneo.dir/submodules/fbneo/src/burner/libretro/retro_cdemu.cpp.o:(CDImageOpen(char const*))
C/C++: >>> referenced 8 more times
C/C++: ld.lld: error: undefined symbol: QuoteRead(char**, char**, char*)
C/C++: >>> referenced by cd_img.inc:165 (/home/runner/work/retro-manager/retro-manager/runtime/retropack-runtime-fbneo/submodules/fbneo/src/intf/cd/cd_img.inc:165)
C/C++: >>>               CMakeFiles/retropack-runtime-fbneo.dir/submodules/fbneo/src/burner/libretro/retro_cdemu.cpp.o:(CDImageParseCue(CDImage*))
C/C++: >>> referenced by conc.cpp:169 (/home/runner/work/retro-manager/retro-manager/runtime/retropack-runtime-fbneo/submodules/fbneo/src/burner/conc.cpp:169)
C/C++: >>>               CMakeFiles/retropack-runtime-fbneo.dir/submodules/fbneo/src/burner/conc.cpp.o:(ConfigParseFile(char*))
C/C++: >>> referenced by conc.cpp:190 (/home/runner/work/retro-manager/retro-manager/runtime/retropack-runtime-fbneo/submodules/fbneo/src/burner/conc.cpp:190)
C/C++: >>>               CMakeFiles/retropack-runtime-fbneo.dir/submodules/fbneo/src/burner/conc.cpp.o:(ConfigParseFile(char*))
C/C++: >>> referenced 1 more times
C/C++: ld.lld: error: undefined symbol: ExtractFilename(char*)
C/C++: >>> referenced by cd_img.inc:1454 (/home/runner/work/retro-manager/retro-manager/runtime/retropack-runtime-fbneo/submodules/fbneo/src/intf/cd/cd_img.inc:1454)
C/C++: >>>               CMakeFiles/retropack-runtime-fbneo.dir/submodules/fbneo/src/burner/libretro/retro_cdemu.cpp.o:(cdimgInit())
C/C++: ld.lld: error: undefined symbol: pSelLangStr
C/C++: >>> referenced by ips_manager.cpp:326 (/home/runner/work/retro-manager/retro-manager/runtime/retropack-runtime-fbneo/submodules/fbneo/src/burner/libretro/ips_manager.cpp:326)
C/C++: >>>               CMakeFiles/retropack-runtime-fbneo.dir/submodules/fbneo/src/burner/libretro/ips_manager.cpp.o:(create_variables_from_ipses())
C/C++: >>> referenced by ips_manager.cpp:326 (/home/runner/work/retro-manager/retro-manager/runtime/retropack-runtime-fbneo/submodules/fbneo/src/burner/libretro/ips_manager.cpp:326)
C/C++: >>>               CMakeFiles/retropack-runtime-fbneo.dir/submodules/fbneo/src/burner/libretro/ips_manager.cpp.o:(create_variables_from_ipses())
C/C++: ld.lld: error: undefined symbol: ANSIToTCHAR(char const*, char*, int)
C/C++: >>> referenced by cdlist.cpp:362 (/home/runner/work/retro-manager/retro-manager/runtime/retropack-runtime-fbneo/submodules/fbneo/src/burner/cdlist.cpp:362)
C/C++: >>>               CMakeFiles/retropack-runtime-fbneo.dir/submodules/fbneo/src/burner/cdlist.cpp.o:(CDListIdentifyEx(char const*, CDListResult*, unsigned int, int (*)(void*), void (*)(char const*, void*), void*))
C/C++: ld.lld: error: undefined symbol: bWithEEPROM
C/C++: >>> referenced by statec.cpp:145 (/home/runner/work/retro-manager/retro-manager/runtime/retropack-runtime-fbneo/submodules/fbneo/src/burner/statec.cpp:145)
C/C++: >>>               CMakeFiles/retropack-runtime-fbneo.dir/submodules/fbneo/src/burner/statec.cpp.o:(BurnStateCompress(unsigned char**, int*, int))
C/C++: >>> referenced by statec.cpp:145 (/home/runner/work/retro-manager/retro-manager/runtime/retropack-runtime-fbneo/submodules/fbneo/src/burner/statec.cpp:145)
C/C++: >>>               CMakeFiles/retropack-runtime-fbneo.dir/submodules/fbneo/src/burner/statec.cpp.o:(BurnStateCompress(unsigned char**, int*, int))
C/C++: >>> referenced by statec.cpp:179 (/home/runner/work/retro-manager/retro-manager/runtime/retropack-runtime-fbneo/submodules/fbneo/src/burner/statec.cpp:179)
C/C++: >>>               CMakeFiles/retropack-runtime-fbneo.dir/submodules/fbneo/src/burner/statec.cpp.o:(BurnStateDecompress(unsigned char*, int, int))
C/C++: >>> referenced 1 more times
C/C++: ld.lld: error: undefined symbol: szAppBurnVer
C/C++: >>> referenced by dat.cpp:132 (/home/runner/work/retro-manager/retro-manager/runtime/retropack-runtime-fbneo/submodules/fbneo/src/burner/dat.cpp:132)
C/C++: >>>               CMakeFiles/retropack-runtime-fbneo.dir/submodules/fbneo/src/burner/dat.cpp.o:(write_datfile(int, RFILE*))
C/C++: >>> referenced by dat.cpp:132 (/home/runner/work/retro-manager/retro-manager/runtime/retropack-runtime-fbneo/submodules/fbneo/src/burner/dat.cpp:132)
C/C++: >>>               CMakeFiles/retropack-runtime-fbneo.dir/submodules/fbneo/src/burner/dat.cpp.o:(write_datfile(int, RFILE*))
C/C++: >>> referenced by dat.cpp:133 (/home/runner/work/retro-manager/retro-manager/runtime/retropack-runtime-fbneo/submodules/fbneo/src/burner/dat.cpp:133)
C/C++: >>>               CMakeFiles/retropack-runtime-fbneo.dir/submodules/fbneo/src/burner/dat.cpp.o:(write_datfile(int, RFILE*))
C/C++: >>> referenced 37 more times
C/C++: ld.lld: error: undefined symbol: GameDecoration(unsigned int)
C/C++: >>> referenced by dat.cpp:432 (/home/runner/work/retro-manager/retro-manager/runtime/retropack-runtime-fbneo/submodules/fbneo/src/burner/dat.cpp:432)
C/C++: >>>               CMakeFiles/retropack-runtime-fbneo.dir/submodules/fbneo/src/burner/dat.cpp.o:(write_datfile(int, RFILE*))
C/C++: >>> referenced by dat.cpp:804 (/home/runner/work/retro-manager/retro-manager/runtime/retropack-runtime-fbneo/submodules/fbneo/src/burner/dat.cpp:804)
C/C++: >>>               CMakeFiles/retropack-runtime-fbneo.dir/submodules/fbneo/src/burner/dat.cpp.o:(write_datfile(int, RFILE*))
C/C++: ld.lld: error: undefined symbol: szAppCheatsPath
C/C++: >>> referenced by conc.cpp:1070 (/home/runner/work/retro-manager/retro-manager/runtime/retropack-runtime-fbneo/submodules/fbneo/src/burner/conc.cpp:1070)
C/C++: >>>               CMakeFiles/retropack-runtime-fbneo.dir/submodules/fbneo/src/burner/conc.cpp.o:(ConfigCheatLoad())
C/C++: >>> referenced by conc.cpp:1070 (/home/runner/work/retro-manager/retro-manager/runtime/retropack-runtime-fbneo/submodules/fbneo/src/burner/conc.cpp:1070)
C/C++: >>>               CMakeFiles/retropack-runtime-fbneo.dir/submodules/fbneo/src/burner/conc.cpp.o:(ConfigCheatLoad())
C/C++: >>> referenced by conc.cpp:1079 (/home/runner/work/retro-manager/retro-manager/runtime/retropack-runtime-fbneo/submodules/fbneo/src/burner/conc.cpp:1079)
C/C++: >>>               CMakeFiles/retropack-runtime-fbneo.dir/submodules/fbneo/src/burner/conc.cpp.o:(ConfigCheatLoad())
C/C++: >>> referenced 19 more times
C/C++: ld.lld: error: undefined symbol: AdaptiveEncodingReads(char const*)
C/C++: >>> referenced by conc.cpp:939 (/home/runner/work/retro-manager/retro-manager/runtime/retropack-runtime-fbneo/submodules/fbneo/src/burner/conc.cpp:939)
C/C++: >>>               CMakeFiles/retropack-runtime-fbneo.dir/submodules/fbneo/src/burner/conc.cpp.o:(ConfigParseVCT(char*))
C/C++: >>> referenced by conc.cpp:949 (/home/runner/work/retro-manager/retro-manager/runtime/retropack-runtime-fbneo/submodules/fbneo/src/burner/conc.cpp:949)
C/C++: >>>               CMakeFiles/retropack-runtime-fbneo.dir/submodules/fbneo/src/burner/conc.cpp.o:(ConfigParseVCT(char*))
C/C++: >>> referenced by conc.cpp:831 (/home/runner/work/retro-manager/retro-manager/runtime/retropack-runtime-fbneo/submodules/fbneo/src/burner/conc.cpp:831)
C/C++: >>>               CMakeFiles/retropack-runtime-fbneo.dir/submodules/fbneo/src/burner/conc.cpp.o:(ConfigParseMAMEFile(int))
C/C++: >>> referenced 4 more times
C/C++: ld.lld: error: undefined symbol: szAppHiscorePath
C/C++: >>> referenced by hiscore.cpp:407 (/home/runner/work/retro-manager/retro-manager/runtime/retropack-runtime-fbneo/submodules/fbneo/src/burn/hiscore.cpp:407)
C/C++: >>>               CMakeFiles/retropack-runtime-fbneo.dir/submodules/fbneo/src/burn/hiscore.cpp.o:(HiscoreInit)
C/C++: >>> referenced by hiscore.cpp:407 (/home/runner/work/retro-manager/retro-manager/runtime/retropack-runtime-fbneo/submodules/fbneo/src/burn/hiscore.cpp:407)
C/C++: >>>               CMakeFiles/retropack-runtime-fbneo.dir/submodules/fbneo/src/burn/hiscore.cpp.o:(HiscoreInit)
C/C++: ld.lld: error: undefined symbol: szAppEEPROMPath
C/C++: >>> referenced by hiscore.cpp:429 (/home/runner/work/retro-manager/retro-manager/runtime/retropack-runtime-fbneo/submodules/fbneo/src/burn/hiscore.cpp:429)
C/C++: >>>               CMakeFiles/retropack-runtime-fbneo.dir/submodules/fbneo/src/burn/hiscore.cpp.o:(HiscoreInit)
C/C++: >>> referenced by hiscore.cpp:429 (/home/runner/work/retro-manager/retro-manager/runtime/retropack-runtime-fbneo/submodules/fbneo/src/burn/hiscore.cpp:429)
C/C++: >>>               CMakeFiles/retropack-runtime-fbneo.dir/submodules/fbneo/src/burn/hiscore.cpp.o:(HiscoreInit)
C/C++: >>> referenced by hiscore.cpp:674 (/home/runner/work/retro-manager/retro-manager/runtime/retropack-runtime-fbneo/submodules/fbneo/src/burn/hiscore.cpp:674)
C/C++: >>>               CMakeFiles/retropack-runtime-fbneo.dir/submodules/fbneo/src/burn/hiscore.cpp.o:(HiscoreExit)
C/C++: >>> referenced 1 more times
C/C++: ld.lld: error: undefined symbol: bDrvOkay
C/C++: >>> referenced by cheat.cpp:724 (/home/runner/work/retro-manager/retro-manager/runtime/retropack-runtime-fbneo/submodules/fbneo/src/burn/cheat.cpp:724)
C/C++: >>>               CMakeFiles/retropack-runtime-fbneo.dir/submodules/fbneo/src/burn/cheat.cpp.o:(GetMemorySize())
C/C++: >>> referenced by cheat.cpp:724 (/home/runner/work/retro-manager/retro-manager/runtime/retropack-runtime-fbneo/submodules/fbneo/src/burn/cheat.cpp:724)
C/C++: >>>               CMakeFiles/retropack-runtime-fbneo.dir/submodules/fbneo/src/burn/cheat.cpp.o:(GetMemorySize())
C/C++: >>> referenced by cheat.cpp:733 (/home/runner/work/retro-manager/retro-manager/runtime/retropack-runtime-fbneo/submodules/fbneo/src/burn/cheat.cpp:733)
C/C++: >>>               CMakeFiles/retropack-runtime-fbneo.dir/submodules/fbneo/src/burn/cheat.cpp.o:(IsHardwareAddressValid)
C/C++: >>> referenced 5 more times
C/C++: clang++: error: linker command failed with exit code 1 (use -v to see invocation)
C/C++: ninja: build stopped: subcommand failed.
gradle/actions: Writing build results to /home/runner/work/_temp/.gradle-actions/build-results/__run_4-1790594713375.json

[Incubating] Problems report is available at: file:///home/runner/work/retro-manager/retro-manager/build/reports/problems/problems-report.html

FAILURE: Build failed with an exception.

* What went wrong:
Execution failed for task ':runtime:retropack-runtime-fbneo:buildCMakeDebug[arm64-v8a]' (registered by plugin 'com.android.internal.library').
> com.android.ide.common.process.ProcessException: ninja: Entering directory `/home/runner/work/retro-manager/retro-manager/runtime/retropack-runtime-fbneo/.cxx/Debug/1b1s4j3o/arm64-v8a'
  [1/77] Building C object CMakeFiles/retropack-runtime-fbneo.dir/src/main/cpp/ringbuffer.c.o
  [2/77] Building CXX object CMakeFiles/retropack-runtime-fbneo.dir/submodules/fbneo/src/burn/burn_memory.cpp.o
  [3/77] Building CXX object CMakeFiles/retropack-runtime-fbneo.dir/submodules/fbneo/src/burn/burn.cpp.o
  [4/77] Building CXX object CMakeFiles/retropack-runtime-fbneo.dir/submodules/fbneo/src/burn/burn_sound.cpp.o
  [5/77] Building CXX object CMakeFiles/retropack-runtime-fbneo.dir/submodules/fbneo/src/burn/debug_track.cpp.o
  [6/77] Building CXX object CMakeFiles/retropack-runtime-fbneo.dir/submodules/fbneo/src/burn/burn_gun.cpp.o
  [7/77] Building CXX object CMakeFiles/retropack-runtime-fbneo.dir/src/main/cpp/fbneo-jni.cpp.o
  [8/77] Building CXX object CMakeFiles/retropack-runtime-fbneo.dir/submodules/fbneo/src/burn/burn_sha1.cpp.o
  [9/77] Building CXX object CMakeFiles/retropack-runtime-fbneo.dir/submodules/fbneo/src/burn/cheat.cpp.o
  [10/77] Building CXX object CMakeFiles/retropack-runtime-fbneo.dir/submodules/fbneo/src/burn/timer.cpp.o
  [11/77] Building CXX object CMakeFiles/retropack-runtime-fbneo.dir/submodules/fbneo/src/burn/load.cpp.o
  [12/77] Building CXX object CMakeFiles/retropack-runtime-fbneo.dir/submodules/fbneo/src/burn/hiscore.cpp.o
  [13/77] Building CXX object CMakeFiles/retropack-runtime-fbneo.dir/submodules/fbneo/src/burner/statec.cpp.o
  [14/77] Building CXX object CMakeFiles/retropack-runtime-fbneo.dir/submodules/fbneo/src/burner/conc.cpp.o
  [15/77] Building CXX object CMakeFiles/retropack-runtime-fbneo.dir/submodules/fbneo/src/burner/zipfn.cpp.o
  [16/77] Building CXX object CMakeFiles/retropack-runtime-fbneo.dir/submodules/fbneo/src/burner/nvram.cpp.o
  [17/77] Building C object CMakeFiles/retropack-runtime-fbneo.dir/submodules/fbneo/src/burner/ioapi.c.o
  [18/77] Building C object CMakeFiles/retropack-runtime-fbneo.dir/submodules/fbneo/src/burner/unzip.c.o
  [19/77] Building CXX object CMakeFiles/retropack-runtime-fbneo.dir/submodules/fbneo/src/burner/dat.cpp.o
  [20/77] Building CXX object CMakeFiles/retropack-runtime-fbneo.dir/submodules/fbneo/src/burn/drv/neogeo/neo_palette.cpp.o
  [21/77] Building CXX object CMakeFiles/retropack-runtime-fbneo.dir/submodules/fbneo/src/burner/cdlist.cpp.o
  [22/77] Building CXX object CMakeFiles/retropack-runtime-fbneo.dir/submodules/fbneo/src/burn/drv/neogeo/neo_decrypt.cpp.o
  [23/77] Building CXX object CMakeFiles/retropack-runtime-fbneo.dir/submodules/fbneo/src/burn/drv/neogeo/neo_text.cpp.o
  [24/77] Building CXX object CMakeFiles/retropack-runtime-fbneo.dir/src/main/cpp/fbneo_libretro_shims.cpp.o
  [25/77] Building CXX object CMakeFiles/retropack-runtime-fbneo.dir/submodules/fbneo/src/burn/drv/neogeo/neo_upd4990a.cpp.o
  [26/77] Building C object CMakeFiles/retropack-runtime-fbneo.dir/submodules/fbneo/src/burn/snd/ymdeltat.c.o
  [27/77] Building CXX object CMakeFiles/retropack-runtime-fbneo.dir/submodules/fbneo/src/burn/drv/neogeo/neogeo.cpp.o
  [28/77] Building CXX object CMakeFiles/retropack-runtime-fbneo.dir/submodules/fbneo/src/burn/drv/neogeo/neo_run.cpp.o
  [29/77] Building C object CMakeFiles/retropack-runtime-fbneo.dir/submodules/fbneo/src/burn/snd/ay8910.c.o
  [30/77] Building CXX object CMakeFiles/retropack-runtime-fbneo.dir/submodules/fbneo/src/burn/snd/burn_ym2610.cpp.o
  [31/77] Building C object CMakeFiles/retropack-runtime-fbneo.dir/submodules/fbneo/src/burn/snd/fm.c.o
  [32/77] Building CXX object CMakeFiles/retropack-runtime-fbneo.dir/submodules/fbneo/src/burn/snd/burn_ym2608.cpp.o
  [33/77] Building CXX object CMakeFiles/retropack-runtime-fbneo.dir/submodules/fbneo/src/burn/snd/burn_ym2203.cpp.o
  [34/77] Building CXX object CMakeFiles/retropack-runtime-fbneo.dir/submodules/fbneo/src/burn/devices/joyprocess.cpp.o
  [35/77] Building C object CMakeFiles/retropack-runtime-fbneo.dir/submodules/fbneo/src/cpu/m68k/m68kcpu.c.o
  [36/77] Building CXX object CMakeFiles/retropack-runtime-fbneo.dir/submodules/fbneo/src/burn/snd/burn_ym2612.cpp.o
  [37/77] Building CXX object CMakeFiles/retropack-runtime-fbneo.dir/submodules/fbneo/src/burn/devices/resnet.cpp.o
  [38/77] Building CXX object CMakeFiles/retropack-runtime-fbneo.dir/submodules/fbneo/src/cpu/z80/z80ctc.cpp.o
  [39/77] Building CXX object CMakeFiles/retropack-runtime-fbneo.dir/submodules/fbneo/src/cpu/z80_intf.cpp.o
  [40/77] Building CXX object CMakeFiles/retropack-runtime-fbneo.dir/submodules/fbneo/src/cpu/z80/z80daisy.cpp.o
  [41/77] Building CXX object CMakeFiles/retropack-runtime-fbneo.dir/submodules/fbneo/src/cpu/m68000_intf.cpp.o
  [42/77] Building CXX object CMakeFiles/retropack-runtime-fbneo.dir/submodules/fbneo/src/cpu/z80/z80pio.cpp.o
  [43/77] Building CXX object CMakeFiles/retropack-runtime-fbneo.dir/submodules/fbneo/src/burn/drv/neogeo/neo_sprite.cpp.o
  [44/77] Building CXX object CMakeFiles/retropack-runtime-fbneo.dir/submodules/fbneo/src/cpu/z80/z80.cpp.o
  [45/77] Building C object CMakeFiles/retropack-runtime-fbneo.dir/submodules/fbneo/src/burner/libretro/libretro-common/streams/file_stream.c.o
  [46/77] Building C object CMakeFiles/retropack-runtime-fbneo.dir/submodules/fbneo/src/burner/libretro/libretro-common/streams/file_stream_transforms.c.o
  [47/77] Building C object CMakeFiles/retropack-runtime-fbneo.dir/submodules/fbneo/src/burner/libretro/libretro-common/vfs/vfs_implementation.c.o
  [48/77] Building C object CMakeFiles/retropack-runtime-fbneo.dir/submodules/fbneo/src/burner/libretro/libretro-common/file/file_path.c.o
  [49/77] Building C object CMakeFiles/retropack-runtime-fbneo.dir/submodules/fbneo/src/burner/libretro/libretro-common/file/file_path_io.c.o
  [50/77] Building C object CMakeFiles/retropack-runtime-fbneo.dir/submodules/fbneo/src/burner/libretro/libretro-common/file/retro_dirent.c.o
  [51/77] Building C object CMakeFiles/retropack-runtime-fbneo.dir/submodules/fbneo/src/burner/libretro/libretro-common/encodings/encoding_utf.c.o
  [52/77] Building C object CMakeFiles/retropack-runtime-fbneo.dir/submodules/fbneo/src/burner/libretro/libretro-common/compat/compat_posix_string.c.o
  [53/77] Building C object CMakeFiles/retropack-runtime-fbneo.dir/submodules/fbneo/src/burner/libretro/libretro-common/compat/compat_strcasestr.c.o
  [54/77] Building C object CMakeFiles/retropack-runtime-fbneo.dir/submodules/fbneo/src/burner/libretro/libretro-common/compat/compat_strl.c.o
  [55/77] Building CXX object CMakeFiles/retropack-runtime-fbneo.dir/submodules/fbneo/src/intf/cd/cd_chd.cpp.o
  [56/77] Building CXX object CMakeFiles/retropack-runtime-fbneo.dir/submodules/fbneo/src/burn/drv/neogeo/d_neogeo.cpp.o
  [57/77] Building C object CMakeFiles/retropack-runtime-fbneo.dir/submodules/fbneo/src/dep/libs/libchdr/libchdr_bitstream.c.o
  [58/77] Building C object CMakeFiles/retropack-runtime-fbneo.dir/submodules/fbneo/src/dep/libs/libchdr/libchdr_huffman.c.o
  [59/77] Building C object CMakeFiles/retropack-runtime-fbneo.dir/submodules/fbneo/src/dep/libs/libchdr/libchdr_cdrom.c.o
  [60/77] Building C object CMakeFiles/retropack-runtime-fbneo.dir/submodules/fbneo/src/dep/libs/libchdr/libchdr_chd.c.o
  [61/77] Building CXX object CMakeFiles/retropack-runtime-fbneo.dir/submodules/fbneo/src/burner/libretro/ips_manager.cpp.o
  [62/77] Building C object CMakeFiles/retropack-runtime-fbneo.dir/submodules/fbneo/src/dep/libs/libchdr/libchdr_codec_cdzl.c.o
  [63/77] Building C object CMakeFiles/retropack-runtime-fbneo.dir/submodules/fbneo/src/dep/libs/libchdr/libchdr_codec_zlib.c.o
  [64/77] Building CXX object CMakeFiles/retropack-runtime-fbneo.dir/submodules/fbneo/src/burner/libretro/retro_cdemu.cpp.o
  [65/77] Building C object CMakeFiles/retropack-runtime-fbneo.dir/submodules/fbneo/src/dep/libs/libchdr/libchdr_codec_huff.c.o
  [66/77] Building C object CMakeFiles/retropack-runtime-fbneo.dir/submodules/fbneo/src/dep/libs/libchdr/libchdr_codec_flac.c.o
  [67/77] Building C object CMakeFiles/retropack-runtime-fbneo.dir/submodules/fbneo/src/dep/libs/libchdr/libchdr_codec_lzma.c.o
  [68/77] Building CXX object CMakeFiles/retropack-runtime-fbneo.dir/submodules/fbneo/src/burner/libretro/romdata.cpp.o
  [69/77] Building C object CMakeFiles/retropack-runtime-fbneo.dir/submodules/fbneo/src/dep/libs/libchdr/libchdr_codec_zstd.c.o
  [70/77] Building C object CMakeFiles/retropack-runtime-fbneo.dir/submodules/fbneo/src/dep/libs/libchdr/libchdr_codec_cdlz.c.o
  [71/77] Building C object CMakeFiles/retropack-runtime-fbneo.dir/submodules/fbneo/src/dep/libs/libchdr/libchdr_codec_cdfl.c.o
  [72/77] Building C object CMakeFiles/retropack-runtime-fbneo.dir/submodules/fbneo/src/dep/libs/libchdr/libchdr_codec_cdzs.c.o
  [73/77] Building C object CMakeFiles/retropack-runtime-fbneo.dir/submodules/fbneo/src/dep/libs/lzma/libchdr_lzma.c.o
  [74/77] Building C object CMakeFiles/retropack-runtime-fbneo.dir/submodules/fbneo/src/cpu/m68k/m68kops.c.o
  [75/77] Building C object CMakeFiles/retropack-runtime-fbneo.dir/submodules/fbneo/src/dep/libs/libchdr/libchdr_flac.c.o
  [76/77] Building C object CMakeFiles/retropack-runtime-fbneo.dir/submodules/fbneo/src/dep/libs/zstd/zstddeclib.c.o
  [77/77] Linking CXX shared library ../../../../build/intermediates/cxx/Debug/1b1s4j3o/obj/arm64-v8a/libretropack-runtime-fbneo.so
  FAILED: ../../../../build/intermediates/cxx/Debug/1b1s4j3o/obj/arm64-v8a/libretropack-runtime-fbneo.so 
  : && /usr/local/lib/android/sdk/ndk/27.0.12077973/toolchains/llvm/prebuilt/linux-x86_64/bin/clang++ --target=aarch64-none-linux-android26 --sysroot=/usr/local/lib/android/sdk/ndk/27.0.12077973/toolchains/llvm/prebuilt/linux-x86_64/sysroot -fPIC -g -DANDROID -fdata-sections -ffunction-sections -funwind-tables -fstack-protector-strong -no-canonical-prefixes -D_FORTIFY_SOURCE=2 -Wformat -Werror=format-security   -fno-limit-debug-info  -static-libstdc++ -Wl,--build-id=sha1 -Wl,--no-rosegment -Wl,--no-undefined-version -Wl,--fatal-warnings -Wl,--no-undefined -Qunused-arguments  -Wl,-z,max-page-size=16384 -Wl,-z,common-page-size=16384   -Wl,-z,max-page-size=16384 -Wl,-z,common-page-size=16384 -Wl,--allow-multiple-definition -Wl,-z,muldefs -shared -Wl,-soname,libretropack-runtime-fbneo.so -o ../../../../build/intermediates/cxx/Debug/1b1s4j3o/obj/arm64-v8a/libretropack-runtime-fbneo.so CMakeFiles/retropack-runtime-fbneo.dir/src/main/cpp/fbneo-jni.cpp.o CMakeFiles/retropack-runtime-fbneo.dir/src/main/cpp/ringbuffer.c.o CMakeFiles/retropack-runtime-fbneo.dir/src/main/cpp/fbneo_libretro_shims.cpp.o CMakeFiles/retropack-runtime-fbneo.dir/submodules/fbneo/src/burn/burn.cpp.o CMakeFiles/retropack-runtime-fbneo.dir/submodules/fbneo/src/burn/burn_gun.cpp.o CMakeFiles/retropack-runtime-fbneo.dir/submodules/fbneo/src/burn/burn_memory.cpp.o CMakeFiles/retropack-runtime-fbneo.dir/submodules/fbneo/src/burn/burn_sound.cpp.o CMakeFiles/retropack-runtime-fbneo.dir/submodules/fbneo/src/burn/cheat.cpp.o CMakeFiles/retropack-runtime-fbneo.dir/submodules/fbneo/src/burn/debug_track.cpp.o CMakeFiles/retropack-runtime-fbneo.dir/submodules/fbneo/src/burn/hiscore.cpp.o CMakeFiles/retropack-runtime-fbneo.dir/submodules/fbneo/src/burn/load.cpp.o CMakeFiles/retropack-runtime-fbneo.dir/submodules/fbneo/src/burn/timer.cpp.o CMakeFiles/retropack-runtime-fbneo.dir/submodules/fbneo/src/burn/burn_sha1.cpp.o CMakeFiles/retropack-runtime-fbneo.dir/submodules/fbneo/src/burner/conc.cpp.o CMakeFiles/retropack-runtime-fbneo.dir/submodules/fbneo/src/burner/dat.cpp.o CMakeFiles/retropack-runtime-fbneo.dir/submodules/fbneo/src/burner/statec.cpp.o CMakeFiles/retropack-runtime-fbneo.dir/submodules/fbneo/src/burner/zipfn.cpp.o CMakeFiles/retropack-runtime-fbneo.dir/submodules/fbneo/src/burner/nvram.cpp.o CMakeFiles/retropack-runtime-fbneo.dir/submodules/fbneo/src/burner/cdlist.cpp.o CMakeFiles/retropack-runtime-fbneo.dir/submodules/fbneo/src/burner/ioapi.c.o CMakeFiles/retropack-runtime-fbneo.dir/submodules/fbneo/src/burner/unzip.c.o CMakeFiles/retropack-runtime-fbneo.dir/submodules/fbneo/src/burn/drv/neogeo/d_neogeo.cpp.o CMakeFiles/retropack-runtime-fbneo.dir/submodules/fbneo/src/burn/drv/neogeo/neo_decrypt.cpp.o CMakeFiles/retropack-runtime-fbneo.dir/submodules/fbneo/src/burn/drv/neogeo/neo_palette.cpp.o CMakeFiles/retropack-runtime-fbneo.dir/submodules/fbneo/src/burn/drv/neogeo/neo_run.cpp.o CMakeFiles/retropack-runtime-fbneo.dir/submodules/fbneo/src/burn/drv/neogeo/neo_sprite.cpp.o CMakeFiles/retropack-runtime-fbneo.dir/submodules/fbneo/src/burn/drv/neogeo/neo_text.cpp.o CMakeFiles/retropack-runtime-fbneo.dir/submodules/fbneo/src/burn/drv/neogeo/neo_upd4990a.cpp.o CMakeFiles/retropack-runtime-fbneo.dir/submodules/fbneo/src/burn/drv/neogeo/neogeo.cpp.o CMakeFiles/retropack-runtime-fbneo.dir/submodules/fbneo/src/burn/snd/fm.c.o CMakeFiles/retropack-runtime-fbneo.dir/submodules/fbneo/src/burn/snd/ay8910.c.o CMakeFiles/retropack-runtime-fbneo.dir/submodules/fbneo/src/burn/snd/ymdeltat.c.o CMakeFiles/retropack-runtime-fbneo.dir/submodules/fbneo/src/burn/snd/burn_ym2203.cpp.o CMakeFiles/retropack-runtime-fbneo.dir/submodules/fbneo/src/burn/snd/burn_ym2608.cpp.o CMakeFiles/retropack-runtime-fbneo.dir/submodules/fbneo/src/burn/snd/burn_ym2610.cpp.o CMakeFiles/retropack-runtime-fbneo.dir/submodules/fbneo/src/burn/snd/burn_ym2612.cpp.o CMakeFiles/retropack-runtime-fbneo.dir/submodules/fbneo/src/burn/devices/joyprocess.cpp.o CMakeFiles/retropack-runtime-fbneo.dir/submodules/fbneo/src/burn/devices/resnet.cpp.o CMakeFiles/retropack-runtime-fbneo.dir/submodules/fbneo/src/cpu/m68k/m68kcpu.c.o CMakeFiles/retropack-runtime-fbneo.dir/submodules/fbneo/src/cpu/m68k/m68kops.c.o CMakeFiles/retropack-runtime-fbneo.dir/submodules/fbneo/src/cpu/m68000_intf.cpp.o CMakeFiles/retropack-runtime-fbneo.dir/submodules/fbneo/src/cpu/z80_intf.cpp.o CMakeFiles/retropack-runtime-fbneo.dir/submodules/fbneo/src/cpu/z80/z80.cpp.o CMakeFiles/retropack-runtime-fbneo.dir/submodules/fbneo/src/cpu/z80/z80ctc.cpp.o CMakeFiles/retropack-runtime-fbneo.dir/submodules/fbneo/src/cpu/z80/z80daisy.cpp.o CMakeFiles/retropack-runtime-fbneo.dir/submodules/fbneo/src/cpu/z80/z80pio.cpp.o CMakeFiles/retropack-runtime-fbneo.dir/submodules/fbneo/src/burner/libretro/ips_manager.cpp.o CMakeFiles/retropack-runtime-fbneo.dir/submodules/fbneo/src/burner/libretro/romdata.cpp.o CMakeFiles/retropack-runtime-fbneo.dir/submodules/fbneo/src/burner/libretro/retro_cdemu.cpp.o CMakeFiles/retropack-runtime-fbneo.dir/submodules/fbneo/src/burner/libretro/libretro-common/streams/file_stream.c.o CMakeFiles/retropack-runtime-fbneo.dir/submodules/fbneo/src/burner/libretro/libretro-common/streams/file_stream_transforms.c.o CMakeFiles/retropack-runtime-fbneo.dir/submodules/fbneo/src/burner/libretro/libretro-common/vfs/vfs_implementation.c.o CMakeFiles/retropack-runtime-fbneo.dir/submodules/fbneo/src/burner/libretro/libretro-common/file/file_path.c.o CMakeFiles/retropack-runtime-fbneo.dir/submodules/fbneo/src/burner/libretro/libretro-common/file/file_path_io.c.o CMakeFiles/retropack-runtime-fbneo.dir/submodules/fbneo/src/burner/libretro/libretro-common/file/retro_dirent.c.o CMakeFiles/retropack-runtime-fbneo.dir/submodules/fbneo/src/burner/libretro/libretro-common/encodings/encoding_utf.c.o CMakeFiles/retropack-runtime-fbneo.dir/submodules/fbneo/src/burner/libretro/libretro-common/compat/compat_posix_string.c.o CMakeFiles/retropack-runtime-fbneo.dir/submodules/fbneo/src/burner/libretro/libretro-common/compat/compat_strcasestr.c.o CMakeFiles/retropack-runtime-fbneo.dir/submodules/fbneo/src/burner/libretro/libretro-common/compat/compat_strl.c.o CMakeFiles/retropack-runtime-fbneo.dir/submodules/fbneo/src/intf/cd/cd_chd.cpp.o CMakeFiles/retropack-runtime-fbneo.dir/submodules/fbneo/src/dep/libs/libchdr/libchdr_chd.c.o CMakeFiles/retropack-runtime-fbneo.dir/submodules/fbneo/src/dep/libs/libchdr/libchdr_bitstream.c.o CMakeFiles/retropack-runtime-fbneo.dir/submodules/fbneo/src/dep/libs/libchdr/libchdr_huffman.c.o CMakeFiles/retropack-runtime-fbneo.dir/submodules/fbneo/src/dep/libs/libchdr/libchdr_cdrom.c.o CMakeFiles/retropack-runtime-fbneo.dir/submodules/fbneo/src/dep/libs/libchdr/libchdr_flac.c.o CMakeFiles/retropack-runtime-fbneo.dir/submodules/fbneo/src/dep/libs/libchdr/libchdr_codec_zlib.c.o CMakeFiles/retropack-runtime-fbneo.dir/submodules/fbneo/src/dep/libs/libchdr/libchdr_codec_cdzl.c.o CMakeFiles/retropack-runtime-fbneo.dir/submodules/fbneo/src/dep/libs/libchdr/libchdr_codec_huff.c.o CMakeFiles/retropack-runtime-fbneo.dir/submodules/fbneo/src/dep/libs/libchdr/libchdr_codec_flac.c.o CMakeFiles/retropack-runtime-fbneo.dir/submodules/fbneo/src/dep/libs/libchdr/libchdr_codec_lzma.c.o CMakeFiles/retropack-runtime-fbneo.dir/submodules/fbneo/src/dep/libs/libchdr/libchdr_codec_zstd.c.o CMakeFiles/retropack-runtime-fbneo.dir/submodules/fbneo/src/dep/libs/libchdr/libchdr_codec_cdlz.c.o CMakeFiles/retropack-runtime-fbneo.dir/submodules/fbneo/src/dep/libs/libchdr/libchdr_codec_cdfl.c.o CMakeFiles/retropack-runtime-fbneo.dir/submodules/fbneo/src/dep/libs/libchdr/libchdr_codec_cdzs.c.o CMakeFiles/retropack-runtime-fbneo.dir/submodules/fbneo/src/dep/libs/lzma/libchdr_lzma.c.o CMakeFiles/retropack-runtime-fbneo.dir/submodules/fbneo/src/dep/libs/zstd/zstddeclib.c.o  -lGLESv2  -lEGL  -lOpenSLES  -landroid  -llog  -lm  -lz  -latomic -lm && :
  ld.lld: error: undefined symbol: rtime_localtime
  >>> referenced by file_path.c:567 (/home/runner/work/retro-manager/retro-manager/runtime/retropack-runtime-fbneo/submodules/fbneo/src/burner/libretro/libretro-common/file/file_path.c:567)
  >>>               CMakeFiles/retropack-runtime-fbneo.dir/submodules/fbneo/src/burner/libretro/libretro-common/file/file_path.c.o:(fill_dated_filename)
  >>> referenced by file_path.c:595 (/home/runner/work/retro-manager/retro-manager/runtime/retropack-runtime-fbneo/submodules/fbneo/src/burner/libretro/libretro-common/file/file_path.c:595)
  >>>               CMakeFiles/retropack-runtime-fbneo.dir/submodules/fbneo/src/burner/libretro/libretro-common/file/file_path.c.o:(fill_str_dated_filename)
  
  ld.lld: error: undefined symbol: IsFileExt(char*, char*)
  >>> referenced by cd_img.inc:470 (/home/runner/work/retro-manager/retro-manager/runtime/retropack-runtime-fbneo/submodules/fbneo/src/intf/cd/cd_img.inc:470)
  >>>               CMakeFiles/retropack-runtime-fbneo.dir/submodules/fbneo/src/burner/libretro/retro_cdemu.cpp.o:(CDImageOpen(char const*))
  >>> referenced by cd_img.inc:473 (/home/runner/work/retro-manager/retro-manager/runtime/retropack-runtime-fbneo/submodules/fbneo/src/intf/cd/cd_img.inc:473)
  >>>               CMakeFiles/retropack-runtime-fbneo.dir/submodules/fbneo/src/burner/libretro/retro_cdemu.cpp.o:(CDImageOpen(char const*))
  >>> referenced by cd_img.inc:476 (/home/runner/work/retro-manager/retro-manager/runtime/retropack-runtime-fbneo/submodules/fbneo/src/intf/cd/cd_img.inc:476)
  >>>               CMakeFiles/retropack-runtime-fbneo.dir/submodules/fbneo/src/burner/libretro/retro_cdemu.cpp.o:(CDImageOpen(char const*))
  >>> referenced 8 more times
  
  ld.lld: error: undefined symbol: QuoteRead(char**, char**, char*)
  >>> referenced by cd_img.inc:165 (/home/runner/work/retro-manager/retro-manager/runtime/retropack-runtime-fbneo/submodules/fbneo/src/intf/cd/cd_img.inc:165)
  >>>               CMakeFiles/retropack-runtime-fbneo.dir/submodules/fbneo/src/burner/libretro/retro_cdemu.cpp.o:(CDImageParseCue(CDImage*))
  >>> referenced by conc.cpp:169 (/home/runner/work/retro-manager/retro-manager/runtime/retropack-runtime-fbneo/submodules/fbneo/src/burner/conc.cpp:169)
  >>>               CMakeFiles/retropack-runtime-fbneo.dir/submodules/fbneo/src/burner/conc.cpp.o:(ConfigParseFile(char*))
  >>> referenced by conc.cpp:190 (/home/runner/work/retro-manager/retro-manager/runtime/retropack-runtime-fbneo/submodules/fbneo/src/burner/conc.cpp:190)
  >>>               CMakeFiles/retropack-runtime-fbneo.dir/submodules/fbneo/src/burner/conc.cpp.o:(ConfigParseFile(char*))
  >>> referenced 1 more times
  
  ld.lld: error: undefined symbol: ExtractFilename(char*)
  >>> referenced by cd_img.inc:1454 (/home/runner/work/retro-manager/retro-manager/runtime/retropack-runtime-fbneo/submodules/fbneo/src/intf/cd/cd_img.inc:1454)
  >>>               CMakeFiles/retropack-runtime-fbneo.dir/submodules/fbneo/src/burner/libretro/retro_cdemu.cpp.o:(cdimgInit())
  
  ld.lld: error: undefined symbol: pSelLangStr
  >>> referenced by ips_manager.cpp:326 (/home/runner/work/retro-manager/retro-manager/runtime/retropack-runtime-fbneo/submodules/fbneo/src/burner/libretro/ips_manager.cpp:326)
  >>>               CMakeFiles/retropack-runtime-fbneo.dir/submodules/fbneo/src/burner/libretro/ips_manager.cpp.o:(create_variables_from_ipses())
  >>> referenced by ips_manager.cpp:326 (/home/runner/work/retro-manager/retro-manager/runtime/retropack-runtime-fbneo/submodules/fbneo/src/burner/libretro/ips_manager.cpp:326)
  >>>               CMakeFiles/retropack-runtime-fbneo.dir/submodules/fbneo/src/burner/libretro/ips_manager.cpp.o:(create_variables_from_ipses())
  
  ld.lld: error: undefined symbol: ANSIToTCHAR(char const*, char*, int)
  >>> referenced by cdlist.cpp:362 (/home/runner/work/retro-manager/retro-manager/runtime/retropack-runtime-fbneo/submodules/fbneo/src/burner/cdlist.cpp:362)
  >>>               CMakeFiles/retropack-runtime-fbneo.dir/submodules/fbneo/src/burner/cdlist.cpp.o:(CDListIdentifyEx(char const*, CDListResult*, unsigned int, int (*)(void*), void (*)(char const*, void*), void*))
  
  ld.lld: error: undefined symbol: bWithEEPROM
  >>> referenced by statec.cpp:145 (/home/runner/work/retro-manager/retro-manager/runtime/retropack-runtime-fbneo/submodules/fbneo/src/burner/statec.cpp:145)
  >>>               CMakeFiles/retropack-runtime-fbneo.dir/submodules/fbneo/src/burner/statec.cpp.o:(BurnStateCompress(unsigned char**, int*, int))
  >>> referenced by statec.cpp:145 (/home/runner/work/retro-manager/retro-manager/runtime/retropack-runtime-fbneo/submodules/fbneo/src/burner/statec.cpp:145)
  >>>               CMakeFiles/retropack-runtime-fbneo.dir/submodules/fbneo/src/burner/statec.cpp.o:(BurnStateCompress(unsigned char**, int*, int))
  >>> referenced by statec.cpp:179 (/home/runner/work/retro-manager/retro-manager/runtime/retropack-runtime-fbneo/submodules/fbneo/src/burner/statec.cpp:179)
  >>>               CMakeFiles/retropack-runtime-fbneo.dir/submodules/fbneo/src/burner/statec.cpp.o:(BurnStateDecompress(unsigned char*, int, int))
  >>> referenced 1 more times
  
  ld.lld: error: undefined symbol: szAppBurnVer
  >>> referenced by dat.cpp:132 (/home/runner/work/retro-manager/retro-manager/runtime/retropack-runtime-fbneo/submodules/fbneo/src/burner/dat.cpp:132)
  >>>               CMakeFiles/retropack-runtime-fbneo.dir/submodules/fbneo/src/burner/dat.cpp.o:(write_datfile(int, RFILE*))
  >>> referenced by dat.cpp:132 (/home/runner/work/retro-manager/retro-manager/runtime/retropack-runtime-fbneo/submodules/fbneo/src/burner/dat.cpp:132)
  >>>               CMakeFiles/retropack-runtime-fbneo.dir/submodules/fbneo/src/burner/dat.cpp.o:(write_datfile(int, RFILE*))
  >>> referenced by dat.cpp:133 (/home/runner/work/retro-manager/retro-manager/runtime/retropack-runtime-fbneo/submodules/fbneo/src/burner/dat.cpp:133)
  >>>               CMakeFiles/retropack-runtime-fbneo.dir/submodules/fbneo/src/burner/dat.cpp.o:(write_datfile(int, RFILE*))
  >>> referenced 37 more times
  
  ld.lld: error: undefined symbol: GameDecoration(unsigned int)
  >>> referenced by dat.cpp:432 (/home/runner/work/retro-manager/retro-manager/runtime/retropack-runtime-fbneo/submodules/fbneo/src/burner/dat.cpp:432)
  >>>               CMakeFiles/retropack-runtime-fbneo.dir/submodules/fbneo/src/burner/dat.cpp.o:(write_datfile(int, RFILE*))
  >>> referenced by dat.cpp:804 (/home/runner/work/retro-manager/retro-manager/runtime/retropack-runtime-fbneo/submodules/fbneo/src/burner/dat.cpp:804)
  >>>               CMakeFiles/retropack-runtime-fbneo.dir/submodules/fbneo/src/burner/dat.cpp.o:(write_datfile(int, RFILE*))
  
  ld.lld: error: undefined symbol: szAppCheatsPath
  >>> referenced by conc.cpp:1070 (/home/runner/work/retro-manager/retro-manager/runtime/retropack-runtime-fbneo/submodules/fbneo/src/burner/conc.cpp:1070)
  >>>               CMakeFiles/retropack-runtime-fbneo.dir/submodules/fbneo/src/burner/conc.cpp.o:(ConfigCheatLoad())
  >>> referenced by conc.cpp:1070 (/home/runner/work/retro-manager/retro-manager/runtime/retropack-runtime-fbneo/submodules/fbneo/src/burner/conc.cpp:1070)
  >>>               CMakeFiles/retropack-runtime-fbneo.dir/submodules/fbneo/src/burner/conc.cpp.o:(ConfigCheatLoad())
  >>> referenced by conc.cpp:1079 (/home/runner/work/retro-manager/retro-manager/runtime/retropack-runtime-fbneo/submodules/fbneo/src/burner/conc.cpp:1079)
  >>>               CMakeFiles/retropack-runtime-fbneo.dir/submodules/fbneo/src/burner/conc.cpp.o:(ConfigCheatLoad())
  >>> referenced 19 more times
  
  ld.lld: error: undefined symbol: AdaptiveEncodingReads(char const*)
  >>> referenced by conc.cpp:939 (/home/runner/work/retro-manager/retro-manager/runtime/retropack-runtime-fbneo/submodules/fbneo/src/burner/conc.cpp:939)
  >>>               CMakeFiles/retropack-runtime-fbneo.dir/submodules/fbneo/src/burner/conc.cpp.o:(ConfigParseVCT(char*))
  >>> referenced by conc.cpp:949 (/home/runner/work/retro-manager/retro-manager/runtime/retropack-runtime-fbneo/submodules/fbneo/src/burner/conc.cpp:949)
  >>>               CMakeFiles/retropack-runtime-fbneo.dir/submodules/fbneo/src/burner/conc.cpp.o:(ConfigParseVCT(char*))
  >>> referenced by conc.cpp:831 (/home/runner/work/retro-manager/retro-manager/runtime/retropack-runtime-fbneo/submodules/fbneo/src/burner/conc.cpp:831)
  >>>               CMakeFiles/retropack-runtime-fbneo.dir/submodules/fbneo/src/burner/conc.cpp.o:(ConfigParseMAMEFile(int))
  >>> referenced 4 more times
  
  ld.lld: error: undefined symbol: szAppHiscorePath
  >>> referenced by hiscore.cpp:407 (/home/runner/work/retro-manager/retro-manager/runtime/retropack-runtime-fbneo/submodules/fbneo/src/burn/hiscore.cpp:407)
  >>>               CMakeFiles/retropack-runtime-fbneo.dir/submodules/fbneo/src/burn/hiscore.cpp.o:(HiscoreInit)
  >>> referenced by hiscore.cpp:407 (/home/runner/work/retro-manager/retro-manager/runtime/retropack-runtime-fbneo/submodules/fbneo/src/burn/hiscore.cpp:407)
  >>>               CMakeFiles/retropack-runtime-fbneo.dir/submodules/fbneo/src/burn/hiscore.cpp.o:(HiscoreInit)
  
  ld.lld: error: undefined symbol: szAppEEPROMPath
  >>> referenced by hiscore.cpp:429 (/home/runner/work/retro-manager/retro-manager/runtime/retropack-runtime-fbneo/submodules/fbneo/src/burn/hiscore.cpp:429)
  >>>               CMakeFiles/retropack-runtime-fbneo.dir/submodules/fbneo/src/burn/hiscore.cpp.o:(HiscoreInit)
  >>> referenced by hiscore.cpp:429 (/home/runner/work/retro-manager/retro-manager/runtime/retropack-runtime-fbneo/submodules/fbneo/src/burn/hiscore.cpp:429)
  >>>               CMakeFiles/retropack-runtime-fbneo.dir/submodules/fbneo/src/burn/hiscore.cpp.o:(HiscoreInit)
  >>> referenced by hiscore.cpp:674 (/home/runner/work/retro-manager/retro-manager/runtime/retropack-runtime-fbneo/submodules/fbneo/src/burn/hiscore.cpp:674)
  >>>               CMakeFiles/retropack-runtime-fbneo.dir/submodules/fbneo/src/burn/hiscore.cpp.o:(HiscoreExit)
  >>> referenced 1 more times
  
  ld.lld: error: undefined symbol: bDrvOkay
  >>> referenced by cheat.cpp:724 (/home/runner/work/retro-manager/retro-manager/runtime/retropack-runtime-fbneo/submodules/fbneo/src/burn/cheat.cpp:724)
  >>>               CMakeFiles/retropack-runtime-fbneo.dir/submodules/fbneo/src/burn/cheat.cpp.o:(GetMemorySize())
  >>> referenced by cheat.cpp:724 (/home/runner/work/retro-manager/retro-manager/runtime/retropack-runtime-fbneo/submodules/fbneo/src/burn/cheat.cpp:724)
  >>>               CMakeFiles/retropack-runtime-fbneo.dir/submodules/fbneo/src/burn/cheat.cpp.o:(GetMemorySize())
  >>> referenced by cheat.cpp:733 (/home/runner/work/retro-manager/retro-manager/runtime/retropack-runtime-fbneo/submodules/fbneo/src/burn/cheat.cpp:733)
  >>>               CMakeFiles/retropack-runtime-fbneo.dir/submodules/fbneo/src/burn/cheat.cpp.o:(IsHardwareAddressValid)
  >>> referenced 5 more times
  clang++: error: linker command failed with exit code 1 (use -v to see invocation)
  ninja: build stopped: subcommand failed.
  
  C++ build system [build] failed while executing:
      /usr/local/lib/android/sdk/cmake/3.22.1/bin/ninja \
        -C \
        /home/runner/work/retro-manager/retro-manager/runtime/retropack-runtime-fbneo/.cxx/Debug/1b1s4j3o/arm64-v8a \
        retropack-runtime-fbneo
    from /home/runner/work/retro-manager/retro-manager/runtime/retropack-runtime-fbneo

* Try:
> Run with --info or --debug option to get more log output.
> Run with --scan to get full insights from a Build Scan (powered by Develocity).
> Get more help at https://help.gradle.org.

* Exception is:
org.gradle.api.tasks.TaskExecutionException: Execution failed for task ':runtime:retropack-runtime-fbneo:buildCMakeDebug[arm64-v8a]' (registered by plugin 'com.android.internal.library').
	at org.gradle.api.internal.tasks.execution.ExecuteActionsTaskExecuter.lambda$executeIfValid$1(ExecuteActionsTaskExecuter.java:135)
	at org.gradle.internal.Try$Failure.ifSuccessfulOrElse(Try.java:288)
	at org.gradle.api.internal.tasks.execution.ExecuteActionsTaskExecuter.executeIfValid(ExecuteActionsTaskExecuter.java:133)
	at org.gradle.api.internal.tasks.execution.ExecuteActionsTaskExecuter.execute(ExecuteActionsTaskExecuter.java:121)
	at org.gradle.api.internal.tasks.execution.ProblemsTaskPathTrackingTaskExecuter.execute(ProblemsTaskPathTrackingTaskExecuter.java:41)
	at org.gradle.api.internal.tasks.execution.ResolveTaskExecutionModeExecuter.execute(ResolveTaskExecutionModeExecuter.java:51)
	at org.gradle.api.internal.tasks.execution.FinalizePropertiesTaskExecuter.execute(FinalizePropertiesTaskExecuter.java:46)
	at org.gradle.api.internal.tasks.execution.SkipTaskWithNoActionsExecuter.execute(SkipTaskWithNoActionsExecuter.java:57)
	at org.gradle.api.internal.tasks.execution.SkipOnlyIfTaskExecuter.execute(SkipOnlyIfTaskExecuter.java:74)
	at org.gradle.api.internal.tasks.execution.CatchExceptionTaskExecuter.execute(CatchExceptionTaskExecuter.java:36)
	at org.gradle.api.internal.tasks.execution.EventFiringTaskExecuter$1.executeTask(EventFiringTaskExecuter.java:77)
	at org.gradle.api.internal.tasks.execution.EventFiringTaskExecuter$1.call(EventFiringTaskExecuter.java:55)
	at org.gradle.api.internal.tasks.execution.EventFiringTaskExecuter$1.call(EventFiringTaskExecuter.java:52)
	at org.gradle.internal.operations.DefaultBuildOperationRunner$CallableBuildOperationWorker.execute(DefaultBuildOperationRunner.java:210)
	at org.gradle.internal.operations.DefaultBuildOperationRunner$CallableBuildOperationWorker.execute(DefaultBuildOperationRunner.java:205)
	at org.gradle.internal.operations.DefaultBuildOperationRunner$2.execute(DefaultBuildOperationRunner.java:67)
	at org.gradle.internal.operations.DefaultBuildOperationRunner$2.execute(DefaultBuildOperationRunner.java:60)
	at org.gradle.internal.operations.DefaultBuildOperationRunner.execute(DefaultBuildOperationRunner.java:167)
	at org.gradle.internal.operations.DefaultBuildOperationRunner.execute(DefaultBuildOperationRunner.java:60)
	at org.gradle.internal.operations.DefaultBuildOperationRunner.call(DefaultBuildOperationRunner.java:54)
	at org.gradle.api.internal.tasks.execution.EventFiringTaskExecuter.execute(EventFiringTaskExecuter.java:52)
	at org.gradle.execution.plan.DefaultNodeExecutor.executeLocalTaskNode(DefaultNodeExecutor.java:55)
	at org.gradle.execution.plan.DefaultNodeExecutor.execute(DefaultNodeExecutor.java:34)
	at org.gradle.execution.taskgraph.DefaultTaskExecutionGraph$InvokeNodeExecutorsAction.execute(DefaultTaskExecutionGraph.java:355)
	at org.gradle.execution.taskgraph.DefaultTaskExecutionGraph$InvokeNodeExecutorsAction.execute(DefaultTaskExecutionGraph.java:343)
	at org.gradle.execution.taskgraph.DefaultTaskExecutionGraph$BuildOperationAwareExecutionAction.lambda$execute$0(DefaultTaskExecutionGraph.java:339)
	at org.gradle.internal.operations.CurrentBuildOperationRef.with(CurrentBuildOperationRef.java:84)
	at org.gradle.execution.taskgraph.DefaultTaskExecutionGraph$BuildOperationAwareExecutionAction.execute(DefaultTaskExecutionGraph.java:339)
	at org.gradle.execution.taskgraph.DefaultTaskExecutionGraph$BuildOperationAwareExecutionAction.execute(DefaultTaskExecutionGraph.java:328)
	at org.gradle.execution.plan.DefaultPlanExecutor$ExecutorWorker.execute(DefaultPlanExecutor.java:459)
	at org.gradle.execution.plan.DefaultPlanExecutor$ExecutorWorker.run(DefaultPlanExecutor.java:376)
	at org.gradle.execution.plan.DefaultPlanExecutor.process(DefaultPlanExecutor.java:111)
	at org.gradle.execution.taskgraph.DefaultTaskExecutionGraph.executeWithServices(DefaultTaskExecutionGraph.java:146)
	at org.gradle.execution.taskgraph.DefaultTaskExecutionGraph.execute(DefaultTaskExecutionGraph.java:131)
	at org.gradle.execution.SelectedTaskExecutionAction.execute(SelectedTaskExecutionAction.java:35)
	at org.gradle.execution.BuildOperationFiringBuildWorkerExecutor$ExecuteTasks.call(BuildOperationFiringBuildWorkerExecutor.java:54)
	at org.gradle.execution.BuildOperationFiringBuildWorkerExecutor$ExecuteTasks.call(BuildOperationFiringBuildWorkerExecutor.java:43)
	at org.gradle.internal.operations.DefaultBuildOperationRunner$CallableBuildOperationWorker.execute(DefaultBuildOperationRunner.java:210)
	at org.gradle.internal.operations.DefaultBuildOperationRunner$CallableBuildOperationWorker.execute(DefaultBuildOperationRunner.java:205)
	at org.gradle.internal.operations.DefaultBuildOperationRunner$2.execute(DefaultBuildOperationRunner.java:67)
	at org.gradle.internal.operations.DefaultBuildOperationRunner$2.execute(DefaultBuildOperationRunner.java:60)
	at org.gradle.internal.operations.DefaultBuildOperationRunner.execute(DefaultBuildOperationRunner.java:167)
	at org.gradle.internal.operations.DefaultBuildOperationRunner.execute(DefaultBuildOperationRunner.java:60)
	at org.gradle.internal.operations.DefaultBuildOperationRunner.call(DefaultBuildOperationRunner.java:54)
	at org.gradle.execution.BuildOperationFiringBuildWorkerExecutor.execute(BuildOperationFiringBuildWorkerExecutor.java:40)
	at org.gradle.internal.build.DefaultBuildLifecycleController.lambda$executeTasks$11(DefaultBuildLifecycleController.java:323)
	at org.gradle.internal.model.StateTransitionController.doTransition(StateTransitionController.java:304)
	at org.gradle.internal.model.StateTransitionController.lambda$tryTransition$9(StateTransitionController.java:215)
	at org.gradle.internal.work.DefaultSynchronizer.withLock(DefaultSynchronizer.java:45)
	at org.gradle.internal.model.StateTransitionController.tryTransition(StateTransitionController.java:215)
	at org.gradle.internal.build.DefaultBuildLifecycleController.executeTasks(DefaultBuildLifecycleController.java:314)
	at org.gradle.internal.build.DefaultBuildWorkGraphController$DefaultBuildWorkGraph.runWork(DefaultBuildWorkGraphController.java:220)
	at org.gradle.internal.work.DefaultWorkerLeaseService.lambda$runAndReleaseLocks$0(DefaultWorkerLeaseService.java:300)
	at org.gradle.internal.work.ResourceLockStatistics$1.measure(ResourceLockStatistics.java:43)
	at org.gradle.internal.work.DefaultWorkerLeaseService.runAndReleaseLocks(DefaultWorkerLeaseService.java:298)
	at org.gradle.internal.work.DefaultWorkerLeaseService.withLocksAcquired(DefaultWorkerLeaseService.java:294)
	at org.gradle.internal.work.DefaultWorkerLeaseService.withLocks(DefaultWorkerLeaseService.java:286)
	at org.gradle.internal.work.DefaultWorkerLeaseService.runAsWorkerThread(DefaultWorkerLeaseService.java:130)
	at org.gradle.composite.internal.DefaultBuildController.doRun(DefaultBuildController.java:182)
	at org.gradle.composite.internal.DefaultBuildController$BuildOpRunnable.lambda$run$0(DefaultBuildController.java:199)
	at org.gradle.internal.operations.CurrentBuildOperationRef.with(CurrentBuildOperationRef.java:84)
	at org.gradle.composite.internal.DefaultBuildController$BuildOpRunnable.run(DefaultBuildController.java:199)
	at org.gradle.internal.concurrent.ExecutorPolicy$CatchAndRecordFailures.onExecute(ExecutorPolicy.java:64)
	at org.gradle.internal.concurrent.AbstractManagedExecutor$1.run(AbstractManagedExecutor.java:47)
Caused by: org.gradle.internal.UncheckedException: com.android.ide.common.process.ProcessException: ninja: Entering directory `/home/runner/work/retro-manager/retro-manager/runtime/retropack-runtime-fbneo/.cxx/Debug/1b1s4j3o/arm64-v8a'
[1/77] Building C object CMakeFiles/retropack-runtime-fbneo.dir/src/main/cpp/ringbuffer.c.o
[2/77] Building CXX object CMakeFiles/retropack-runtime-fbneo.dir/submodules/fbneo/src/burn/burn_memory.cpp.o
[3/77] Building CXX object CMakeFiles/retropack-runtime-fbneo.dir/submodules/fbneo/src/burn/burn.cpp.o
[4/77] Building CXX object CMakeFiles/retropack-runtime-fbneo.dir/submodules/fbneo/src/burn/burn_sound.cpp.o
[5/77] Building CXX object CMakeFiles/retropack-runtime-fbneo.dir/submodules/fbneo/src/burn/debug_track.cpp.o
[6/77] Building CXX object CMakeFiles/retropack-runtime-fbneo.dir/submodules/fbneo/src/burn/burn_gun.cpp.o
[7/77] Building CXX object CMakeFiles/retropack-runtime-fbneo.dir/src/main/cpp/fbneo-jni.cpp.o
[8/77] Building CXX object CMakeFiles/retropack-runtime-fbneo.dir/submodules/fbneo/src/burn/burn_sha1.cpp.o
[9/77] Building CXX object CMakeFiles/retropack-runtime-fbneo.dir/submodules/fbneo/src/burn/cheat.cpp.o
[10/77] Building CXX object CMakeFiles/retropack-runtime-fbneo.dir/submodules/fbneo/src/burn/timer.cpp.o
[11/77] Building CXX object CMakeFiles/retropack-runtime-fbneo.dir/submodules/fbneo/src/burn/load.cpp.o
[12/77] Building CXX object CMakeFiles/retropack-runtime-fbneo.dir/submodules/fbneo/src/burn/hiscore.cpp.o
[13/77] Building CXX object CMakeFiles/retropack-runtime-fbneo.dir/submodules/fbneo/src/burner/statec.cpp.o
[14/77] Building CXX object CMakeFiles/retropack-runtime-fbneo.dir/submodules/fbneo/src/burner/conc.cpp.o
[15/77] Building CXX object CMakeFiles/retropack-runtime-fbneo.dir/submodules/fbneo/src/burner/zipfn.cpp.o
[16/77] Building CXX object CMakeFiles/retropack-runtime-fbneo.dir/submodules/fbneo/src/burner/nvram.cpp.o
[17/77] Building C object CMakeFiles/retropack-runtime-fbneo.dir/submodules/fbneo/src/burner/ioapi.c.o
[18/77] Building C object CMakeFiles/retropack-runtime-fbneo.dir/submodules/fbneo/src/burner/unzip.c.o
[19/77] Building CXX object CMakeFiles/retropack-runtime-fbneo.dir/submodules/fbneo/src/burner/dat.cpp.o
[20/77] Building CXX object CMakeFiles/retropack-runtime-fbneo.dir/submodules/fbneo/src/burn/drv/neogeo/neo_palette.cpp.o
[21/77] Building CXX object CMakeFiles/retropack-runtime-fbneo.dir/submodules/fbneo/src/burner/cdlist.cpp.o
[22/77] Building CXX object CMakeFiles/retropack-runtime-fbneo.dir/submodules/fbneo/src/burn/drv/neogeo/neo_decrypt.cpp.o
[23/77] Building CXX object CMakeFiles/retropack-runtime-fbneo.dir/submodules/fbneo/src/burn/drv/neogeo/neo_text.cpp.o
[24/77] Building CXX object CMakeFiles/retropack-runtime-fbneo.dir/src/main/cpp/fbneo_libretro_shims.cpp.o
[25/77] Building CXX object CMakeFiles/retropack-runtime-fbneo.dir/submodules/fbneo/src/burn/drv/neogeo/neo_upd4990a.cpp.o
[26/77] Building C object CMakeFiles/retropack-runtime-fbneo.dir/submodules/fbneo/src/burn/snd/ymdeltat.c.o
[27/77] Building CXX object CMakeFiles/retropack-runtime-fbneo.dir/submodules/fbneo/src/burn/drv/neogeo/neogeo.cpp.o
[28/77] Building CXX object CMakeFiles/retropack-runtime-fbneo.dir/submodules/fbneo/src/burn/drv/neogeo/neo_run.cpp.o
[29/77] Building C object CMakeFiles/retropack-runtime-fbneo.dir/submodules/fbneo/src/burn/snd/ay8910.c.o
[30/77] Building CXX object CMakeFiles/retropack-runtime-fbneo.dir/submodules/fbneo/src/burn/snd/burn_ym2610.cpp.o
[31/77] Building C object CMakeFiles/retropack-runtime-fbneo.dir/submodules/fbneo/src/burn/snd/fm.c.o
[32/77] Building CXX object CMakeFiles/retropack-runtime-fbneo.dir/submodules/fbneo/src/burn/snd/burn_ym2608.cpp.o
[33/77] Building CXX object CMakeFiles/retropack-runtime-fbneo.dir/submodules/fbneo/src/burn/snd/burn_ym2203.cpp.o
[34/77] Building CXX object CMakeFiles/retropack-runtime-fbneo.dir/submodules/fbneo/src/burn/devices/joyprocess.cpp.o
[35/77] Building C object CMakeFiles/retropack-runtime-fbneo.dir/submodules/fbneo/src/cpu/m68k/m68kcpu.c.o
[36/77] Building CXX object CMakeFiles/retropack-runtime-fbneo.dir/submodules/fbneo/src/burn/snd/burn_ym2612.cpp.o
[37/77] Building CXX object CMakeFiles/retropack-runtime-fbneo.dir/submodules/fbneo/src/burn/devices/resnet.cpp.o
[38/77] Building CXX object CMakeFiles/retropack-runtime-fbneo.dir/submodules/fbneo/src/cpu/z80/z80ctc.cpp.o
[39/77] Building CXX object CMakeFiles/retropack-runtime-fbneo.dir/submodules/fbneo/src/cpu/z80_intf.cpp.o
[40/77] Building CXX object CMakeFiles/retropack-runtime-fbneo.dir/submodules/fbneo/src/cpu/z80/z80daisy.cpp.o
[41/77] Building CXX object CMakeFiles/retropack-runtime-fbneo.dir/submodules/fbneo/src/cpu/m68000_intf.cpp.o
[42/77] Building CXX object CMakeFiles/retropack-runtime-fbneo.dir/submodules/fbneo/src/cpu/z80/z80pio.cpp.o
[43/77] Building CXX object CMakeFiles/retropack-runtime-fbneo.dir/submodules/fbneo/src/burn/drv/neogeo/neo_sprite.cpp.o
[44/77] Building CXX object CMakeFiles/retropack-runtime-fbneo.dir/submodules/fbneo/src/cpu/z80/z80.cpp.o
[45/77] Building C object CMakeFiles/retropack-runtime-fbneo.dir/submodules/fbneo/src/burner/libretro/libretro-common/streams/file_stream.c.o
[46/77] Building C object CMakeFiles/retropack-runtime-fbneo.dir/submodules/fbneo/src/burner/libretro/libretro-common/streams/file_stream_transforms.c.o
[47/77] Building C object CMakeFiles/retropack-runtime-fbneo.dir/submodules/fbneo/src/burner/libretro/libretro-common/vfs/vfs_implementation.c.o
[48/77] Building C object CMakeFiles/retropack-runtime-fbneo.dir/submodules/fbneo/src/burner/libretro/libretro-common/file/file_path.c.o
[49/77] Building C object CMakeFiles/retropack-runtime-fbneo.dir/submodules/fbneo/src/burner/libretro/libretro-common/file/file_path_io.c.o
[50/77] Building C object CMakeFiles/retropack-runtime-fbneo.dir/submodules/fbneo/src/burner/libretro/libretro-common/file/retro_dirent.c.o
[51/77] Building C object CMakeFiles/retropack-runtime-fbneo.dir/submodules/fbneo/src/burner/libretro/libretro-common/encodings/encoding_utf.c.o
[52/77] Building C object CMakeFiles/retropack-runtime-fbneo.dir/submodules/fbneo/src/burner/libretro/libretro-common/compat/compat_posix_string.c.o
[53/77] Building C object CMakeFiles/retropack-runtime-fbneo.dir/submodules/fbneo/src/burner/libretro/libretro-common/compat/compat_strcasestr.c.o
[54/77] Building C object CMakeFiles/retropack-runtime-fbneo.dir/submodules/fbneo/src/burner/libretro/libretro-common/compat/compat_strl.c.o
[55/77] Building CXX object CMakeFiles/retropack-runtime-fbneo.dir/submodules/fbneo/src/intf/cd/cd_chd.cpp.o
[56/77] Building CXX object CMakeFiles/retropack-runtime-fbneo.dir/submodules/fbneo/src/burn/drv/neogeo/d_neogeo.cpp.o
[57/77] Building C object CMakeFiles/retropack-runtime-fbneo.dir/submodules/fbneo/src/dep/libs/libchdr/libchdr_bitstream.c.o
[58/77] Building C object CMakeFiles/retropack-runtime-fbneo.dir/submodules/fbneo/src/dep/libs/libchdr/libchdr_huffman.c.o
[59/77] Building C object CMakeFiles/retropack-runtime-fbneo.dir/submodules/fbneo/src/dep/libs/libchdr/libchdr_cdrom.c.o
[60/77] Building C object CMakeFiles/retropack-runtime-fbneo.dir/submodules/fbneo/src/dep/libs/libchdr/libchdr_chd.c.o
[61/77] Building CXX object CMakeFiles/retropack-runtime-fbneo.dir/submodules/fbneo/src/burner/libretro/ips_manager.cpp.o
[62/77] Building C object CMakeFiles/retropack-runtime-fbneo.dir/submodules/fbneo/src/dep/libs/libchdr/libchdr_codec_cdzl.c.o
[63/77] Building C object CMakeFiles/retropack-runtime-fbneo.dir/submodules/fbneo/src/dep/libs/libchdr/libchdr_codec_zlib.c.o
[64/77] Building CXX object CMakeFiles/retropack-runtime-fbneo.dir/submodules/fbneo/src/burner/libretro/retro_cdemu.cpp.o
[65/77] Building C object CMakeFiles/retropack-runtime-fbneo.dir/submodules/fbneo/src/dep/libs/libchdr/libchdr_codec_huff.c.o
[66/77] Building C object CMakeFiles/retropack-runtime-fbneo.dir/submodules/fbneo/src/dep/libs/libchdr/libchdr_codec_flac.c.o
[67/77] Building C object CMakeFiles/retropack-runtime-fbneo.dir/submodules/fbneo/src/dep/libs/libchdr/libchdr_codec_lzma.c.o
[68/77] Building CXX object CMakeFiles/retropack-runtime-fbneo.dir/submodules/fbneo/src/burner/libretro/romdata.cpp.o
[69/77] Building C object CMakeFiles/retropack-runtime-fbneo.dir/submodules/fbneo/src/dep/libs/libchdr/libchdr_codec_zstd.c.o
[70/77] Building C object CMakeFiles/retropack-runtime-fbneo.dir/submodules/fbneo/src/dep/libs/libchdr/libchdr_codec_cdlz.c.o
[71/77] Building C object CMakeFiles/retropack-runtime-fbneo.dir/submodules/fbneo/src/dep/libs/libchdr/libchdr_codec_cdfl.c.o
[72/77] Building C object CMakeFiles/retropack-runtime-fbneo.dir/submodules/fbneo/src/dep/libs/libchdr/libchdr_codec_cdzs.c.o
[73/77] Building C object CMakeFiles/retropack-runtime-fbneo.dir/submodules/fbneo/src/dep/libs/lzma/libchdr_lzma.c.o
[74/77] Building C object CMakeFiles/retropack-runtime-fbneo.dir/submodules/fbneo/src/cpu/m68k/m68kops.c.o
[75/77] Building C object CMakeFiles/retropack-runtime-fbneo.dir/submodules/fbneo/src/dep/libs/libchdr/libchdr_flac.c.o
[76/77] Building C object CMakeFiles/retropack-runtime-fbneo.dir/submodules/fbneo/src/dep/libs/zstd/zstddeclib.c.o
[77/77] Linking CXX shared library ../../../../build/intermediates/cxx/Debug/1b1s4j3o/obj/arm64-v8a/libretropack-runtime-fbneo.so
FAILED: ../../../../build/intermediates/cxx/Debug/1b1s4j3o/obj/arm64-v8a/libretropack-runtime-fbneo.so 
: && /usr/local/lib/android/sdk/ndk/27.0.12077973/toolchains/llvm/prebuilt/linux-x86_64/bin/clang++ --target=aarch64-none-linux-android26 --sysroot=/usr/local/lib/android/sdk/ndk/27.0.12077973/toolchains/llvm/prebuilt/linux-x86_64/sysroot -fPIC -g -DANDROID -fdata-sections -ffunction-sections -funwind-tables -fstack-protector-strong -no-canonical-prefixes -D_FORTIFY_SOURCE=2 -Wformat -Werror=format-security   -fno-limit-debug-info  -static-libstdc++ -Wl,--build-id=sha1 -Wl,--no-rosegment -Wl,--no-undefined-version -Wl,--fatal-warnings -Wl,--no-undefined -Qunused-arguments  -Wl,-z,max-page-size=16384 -Wl,-z,common-page-size=16384   -Wl,-z,max-page-size=16384 -Wl,-z,common-page-size=16384 -Wl,--allow-multiple-definition -Wl,-z,muldefs -shared -Wl,-soname,libretropack-runtime-fbneo.so -o ../../../../build/intermediates/cxx/Debug/1b1s4j3o/obj/arm64-v8a/libretropack-runtime-fbneo.so CMakeFiles/retropack-runtime-fbneo.dir/src/main/cpp/fbneo-jni.cpp.o CMakeFiles/retropack-runtime-fbneo.dir/src/main/cpp/ringbuffer.c.o CMakeFiles/retropack-runtime-fbneo.dir/src/main/cpp/fbneo_libretro_shims.cpp.o CMakeFiles/retropack-runtime-fbneo.dir/submodules/fbneo/src/burn/burn.cpp.o CMakeFiles/retropack-runtime-fbneo.dir/submodules/fbneo/src/burn/burn_gun.cpp.o CMakeFiles/retropack-runtime-fbneo.dir/submodules/fbneo/src/burn/burn_memory.cpp.o CMakeFiles/retropack-runtime-fbneo.dir/submodules/fbneo/src/burn/burn_sound.cpp.o CMakeFiles/retropack-runtime-fbneo.dir/submodules/fbneo/src/burn/cheat.cpp.o CMakeFiles/retropack-runtime-fbneo.dir/submodules/fbneo/src/burn/debug_track.cpp.o CMakeFiles/retropack-runtime-fbneo.dir/submodules/fbneo/src/burn/hiscore.cpp.o CMakeFiles/retropack-runtime-fbneo.dir/submodules/fbneo/src/burn/load.cpp.o CMakeFiles/retropack-runtime-fbneo.dir/submodules/fbneo/src/burn/timer.cpp.o CMakeFiles/retropack-runtime-fbneo.dir/submodules/fbneo/src/burn/burn_sha1.cpp.o CMakeFiles/retropack-runtime-fbneo.dir/submodules/fbneo/src/burner/conc.cpp.o CMakeFiles/retropack-runtime-fbneo.dir/submodules/fbneo/src/burner/dat.cpp.o CMakeFiles/retropack-runtime-fbneo.dir/submodules/fbneo/src/burner/statec.cpp.o CMakeFiles/retropack-runtime-fbneo.dir/submodules/fbneo/src/burner/zipfn.cpp.o CMakeFiles/retropack-runtime-fbneo.dir/submodules/fbneo/src/burner/nvram.cpp.o CMakeFiles/retropack-runtime-fbneo.dir/submodules/fbneo/src/burner/cdlist.cpp.o CMakeFiles/retropack-runtime-fbneo.dir/submodules/fbneo/src/burner/ioapi.c.o CMakeFiles/retropack-runtime-fbneo.dir/submodules/fbneo/src/burner/unzip.c.o CMakeFiles/retropack-runtime-fbneo.dir/submodules/fbneo/src/burn/drv/neogeo/d_neogeo.cpp.o CMakeFiles/retropack-runtime-fbneo.dir/submodules/fbneo/src/burn/drv/neogeo/neo_decrypt.cpp.o CMakeFiles/retropack-runtime-fbneo.dir/submodules/fbneo/src/burn/drv/neogeo/neo_palette.cpp.o CMakeFiles/retropack-runtime-fbneo.dir/submodules/fbneo/src/burn/drv/neogeo/neo_run.cpp.o CMakeFiles/retropack-runtime-fbneo.dir/submodules/fbneo/src/burn/drv/neogeo/neo_sprite.cpp.o CMakeFiles/retropack-runtime-fbneo.dir/submodules/fbneo/src/burn/drv/neogeo/neo_text.cpp.o CMakeFiles/retropack-runtime-fbneo.dir/submodules/fbneo/src/burn/drv/neogeo/neo_upd4990a.cpp.o CMakeFiles/retropack-runtime-fbneo.dir/submodules/fbneo/src/burn/drv/neogeo/neogeo.cpp.o CMakeFiles/retropack-runtime-fbneo.dir/submodules/fbneo/src/burn/snd/fm.c.o CMakeFiles/retropack-runtime-fbneo.dir/submodules/fbneo/src/burn/snd/ay8910.c.o CMakeFiles/retropack-runtime-fbneo.dir/submodules/fbneo/src/burn/snd/ymdeltat.c.o CMakeFiles/retropack-runtime-fbneo.dir/submodules/fbneo/src/burn/snd/burn_ym2203.cpp.o CMakeFiles/retropack-runtime-fbneo.dir/submodules/fbneo/src/burn/snd/burn_ym2608.cpp.o CMakeFiles/retropack-runtime-fbneo.dir/submodules/fbneo/src/burn/snd/burn_ym2610.cpp.o CMakeFiles/retropack-runtime-fbneo.dir/submodules/fbneo/src/burn/snd/burn_ym2612.cpp.o CMakeFiles/retropack-runtime-fbneo.dir/submodules/fbneo/src/burn/devices/joyprocess.cpp.o CMakeFiles/retropack-runtime-fbneo.dir/submodules/fbneo/src/burn/devices/resnet.cpp.o CMakeFiles/retropack-runtime-fbneo.dir/submodules/fbneo/src/cpu/m68k/m68kcpu.c.o CMakeFiles/retropack-runtime-fbneo.dir/submodules/fbneo/src/cpu/m68k/m68kops.c.o CMakeFiles/retropack-runtime-fbneo.dir/submodules/fbneo/src/cpu/m68000_intf.cpp.o CMakeFiles/retropack-runtime-fbneo.dir/submodules/fbneo/src/cpu/z80_intf.cpp.o CMakeFiles/retropack-runtime-fbneo.dir/submodules/fbneo/src/cpu/z80/z80.cpp.o CMakeFiles/retropack-runtime-fbneo.dir/submodules/fbneo/src/cpu/z80/z80ctc.cpp.o CMakeFiles/retropack-runtime-fbneo.dir/submodules/fbneo/src/cpu/z80/z80daisy.cpp.o CMakeFiles/retropack-runtime-fbneo.dir/submodules/fbneo/src/cpu/z80/z80pio.cpp.o CMakeFiles/retropack-runtime-fbneo.dir/submodules/fbneo/src/burner/libretro/ips_manager.cpp.o CMakeFiles/retropack-runtime-fbneo.dir/submodules/fbneo/src/burner/libretro/romdata.cpp.o CMakeFiles/retropack-runtime-fbneo.dir/submodules/fbneo/src/burner/libretro/retro_cdemu.cpp.o CMakeFiles/retropack-runtime-fbneo.dir/submodules/fbneo/src/burner/libretro/libretro-common/streams/file_stream.c.o CMakeFiles/retropack-runtime-fbneo.dir/submodules/fbneo/src/burner/libretro/libretro-common/streams/file_stream_transforms.c.o CMakeFiles/retropack-runtime-fbneo.dir/submodules/fbneo/src/burner/libretro/libretro-common/vfs/vfs_implementation.c.o CMakeFiles/retropack-runtime-fbneo.dir/submodules/fbneo/src/burner/libretro/libretro-common/file/file_path.c.o CMakeFiles/retropack-runtime-fbneo.dir/submodules/fbneo/src/burner/libretro/libretro-common/file/file_path_io.c.o CMakeFiles/retropack-runtime-fbneo.dir/submodules/fbneo/src/burner/libretro/libretro-common/file/retro_dirent.c.o CMakeFiles/retropack-runtime-fbneo.dir/submodules/fbneo/src/burner/libretro/libretro-common/encodings/encoding_utf.c.o CMakeFiles/retropack-runtime-fbneo.dir/submodules/fbneo/src/burner/libretro/libretro-common/compat/compat_posix_string.c.o CMakeFiles/retropack-runtime-fbneo.dir/submodules/fbneo/src/burner/libretro/libretro-common/compat/compat_strcasestr.c.o CMakeFiles/retropack-runtime-fbneo.dir/submodules/fbneo/src/burner/libretro/libretro-common/compat/compat_strl.c.o CMakeFiles/retropack-runtime-fbneo.dir/submodules/fbneo/src/intf/cd/cd_chd.cpp.o CMakeFiles/retropack-runtime-fbneo.dir/submodules/fbneo/src/dep/libs/libchdr/libchdr_chd.c.o CMakeFiles/retropack-runtime-fbneo.dir/submodules/fbneo/src/dep/libs/libchdr/libchdr_bitstream.c.o CMakeFiles/retropack-runtime-fbneo.dir/submodules/fbneo/src/dep/libs/libchdr/libchdr_huffman.c.o CMakeFiles/retropack-runtime-fbneo.dir/submodules/fbneo/src/dep/libs/libchdr/libchdr_cdrom.c.o CMakeFiles/retropack-runtime-fbneo.dir/submodules/fbneo/src/dep/libs/libchdr/libchdr_flac.c.o CMakeFiles/retropack-runtime-fbneo.dir/submodules/fbneo/src/dep/libs/libchdr/libchdr_codec_zlib.c.o CMakeFiles/retropack-runtime-fbneo.dir/submodules/fbneo/src/dep/libs/libchdr/libchdr_codec_cdzl.c.o CMakeFiles/retropack-runtime-fbneo.dir/submodules/fbneo/src/dep/libs/libchdr/libchdr_codec_huff.c.o CMakeFiles/retropack-runtime-fbneo.dir/submodules/fbneo/src/dep/libs/libchdr/libchdr_codec_flac.c.o CMakeFiles/retropack-runtime-fbneo.dir/submodules/fbneo/src/dep/libs/libchdr/libchdr_codec_lzma.c.o CMakeFiles/retropack-runtime-fbneo.dir/submodules/fbneo/src/dep/libs/libchdr/libchdr_codec_zstd.c.o CMakeFiles/retropack-runtime-fbneo.dir/submodules/fbneo/src/dep/libs/libchdr/libchdr_codec_cdlz.c.o CMakeFiles/retropack-runtime-fbneo.dir/submodules/fbneo/src/dep/libs/libchdr/libchdr_codec_cdfl.c.o CMakeFiles/retropack-runtime-fbneo.dir/submodules/fbneo/src/dep/libs/libchdr/libchdr_codec_cdzs.c.o CMakeFiles/retropack-runtime-fbneo.dir/submodules/fbneo/src/dep/libs/lzma/libchdr_lzma.c.o CMakeFiles/retropack-runtime-fbneo.dir/submodules/fbneo/src/dep/libs/zstd/zstddeclib.c.o  -lGLESv2  -lEGL  -lOpenSLES  -landroid  -llog  -lm  -lz  -latomic -lm && :
ld.lld: error: undefined symbol: rtime_localtime
>>> referenced by file_path.c:567 (/home/runner/work/retro-manager/retro-manager/runtime/retropack-runtime-fbneo/submodules/fbneo/src/burner/libretro/libretro-common/file/file_path.c:567)
>>>               CMakeFiles/retropack-runtime-fbneo.dir/submodules/fbneo/src/burner/libretro/libretro-common/file/file_path.c.o:(fill_dated_filename)
>>> referenced by file_path.c:595 (/home/runner/work/retro-manager/retro-manager/runtime/retropack-runtime-fbneo/submodules/fbneo/src/burner/libretro/libretro-common/file/file_path.c:595)
>>>               CMakeFiles/retropack-runtime-fbneo.dir/submodules/fbneo/src/burner/libretro/libretro-common/file/file_path.c.o:(fill_str_dated_filename)

ld.lld: error: undefined symbol: IsFileExt(char*, char*)
>>> referenced by cd_img.inc:470 (/home/runner/work/retro-manager/retro-manager/runtime/retropack-runtime-fbneo/submodules/fbneo/src/intf/cd/cd_img.inc:470)
>>>               CMakeFiles/retropack-runtime-fbneo.dir/submodules/fbneo/src/burner/libretro/retro_cdemu.cpp.o:(CDImageOpen(char const*))
>>> referenced by cd_img.inc:473 (/home/runner/work/retro-manager/retro-manager/runtime/retropack-runtime-fbneo/submodules/fbneo/src/intf/cd/cd_img.inc:473)
>>>               CMakeFiles/retropack-runtime-fbneo.dir/submodules/fbneo/src/burner/libretro/retro_cdemu.cpp.o:(CDImageOpen(char const*))
>>> referenced by cd_img.inc:476 (/home/runner/work/retro-manager/retro-manager/runtime/retropack-runtime-fbneo/submodules/fbneo/src/intf/cd/cd_img.inc:476)
>>>               CMakeFiles/retropack-runtime-fbneo.dir/submodules/fbneo/src/burner/libretro/retro_cdemu.cpp.o:(CDImageOpen(char const*))
>>> referenced 8 more times

ld.lld: error: undefined symbol: QuoteRead(char**, char**, char*)
>>> referenced by cd_img.inc:165 (/home/runner/work/retro-manager/retro-manager/runtime/retropack-runtime-fbneo/submodules/fbneo/src/intf/cd/cd_img.inc:165)
>>>               CMakeFiles/retropack-runtime-fbneo.dir/submodules/fbneo/src/burner/libretro/retro_cdemu.cpp.o:(CDImageParseCue(CDImage*))
>>> referenced by conc.cpp:169 (/home/runner/work/retro-manager/retro-manager/runtime/retropack-runtime-fbneo/submodules/fbneo/src/burner/conc.cpp:169)
>>>               CMakeFiles/retropack-runtime-fbneo.dir/submodules/fbneo/src/burner/conc.cpp.o:(ConfigParseFile(char*))
>>> referenced by conc.cpp:190 (/home/runner/work/retro-manager/retro-manager/runtime/retropack-runtime-fbneo/submodules/fbneo/src/burner/conc.cpp:190)
>>>               CMakeFiles/retropack-runtime-fbneo.dir/submodules/fbneo/src/burner/conc.cpp.o:(ConfigParseFile(char*))
>>> referenced 1 more times

ld.lld: error: undefined symbol: ExtractFilename(char*)
>>> referenced by cd_img.inc:1454 (/home/runner/work/retro-manager/retro-manager/runtime/retropack-runtime-fbneo/submodules/fbneo/src/intf/cd/cd_img.inc:1454)
>>>               CMakeFiles/retropack-runtime-fbneo.dir/submodules/fbneo/src/burner/libretro/retro_cdemu.cpp.o:(cdimgInit())

ld.lld: error: undefined symbol: pSelLangStr
>>> referenced by ips_manager.cpp:326 (/home/runner/work/retro-manager/retro-manager/runtime/retropack-runtime-fbneo/submodules/fbneo/src/burner/libretro/ips_manager.cpp:326)
>>>               CMakeFiles/retropack-runtime-fbneo.dir/submodules/fbneo/src/burner/libretro/ips_manager.cpp.o:(create_variables_from_ipses())
>>> referenced by ips_manager.cpp:326 (/home/runner/work/retro-manager/retro-manager/runtime/retropack-runtime-fbneo/submodules/fbneo/src/burner/libretro/ips_manager.cpp:326)
>>>               CMakeFiles/retropack-runtime-fbneo.dir/submodules/fbneo/src/burner/libretro/ips_manager.cpp.o:(create_variables_from_ipses())

ld.lld: error: undefined symbol: ANSIToTCHAR(char const*, char*, int)
>>> referenced by cdlist.cpp:362 (/home/runner/work/retro-manager/retro-manager/runtime/retropack-runtime-fbneo/submodules/fbneo/src/burner/cdlist.cpp:362)
>>>               CMakeFiles/retropack-runtime-fbneo.dir/submodules/fbneo/src/burner/cdlist.cpp.o:(CDListIdentifyEx(char const*, CDListResult*, unsigned int, int (*)(void*), void (*)(char const*, void*), void*))

ld.lld: error: undefined symbol: bWithEEPROM
>>> referenced by statec.cpp:145 (/home/runner/work/retro-manager/retro-manager/runtime/retropack-runtime-fbneo/submodules/fbneo/src/burner/statec.cpp:145)
>>>               CMakeFiles/retropack-runtime-fbneo.dir/submodules/fbneo/src/burner/statec.cpp.o:(BurnStateCompress(unsigned char**, int*, int))
>>> referenced by statec.cpp:145 (/home/runner/work/retro-manager/retro-manager/runtime/retropack-runtime-fbneo/submodules/fbneo/src/burner/statec.cpp:145)
>>>               CMakeFiles/retropack-runtime-fbneo.dir/submodules/fbneo/src/burner/statec.cpp.o:(BurnStateCompress(unsigned char**, int*, int))
>>> referenced by statec.cpp:179 (/home/runner/work/retro-manager/retro-manager/runtime/retropack-runtime-fbneo/submodules/fbneo/src/burner/statec.cpp:179)
>>>               CMakeFiles/retropack-runtime-fbneo.dir/submodules/fbneo/src/burner/statec.cpp.o:(BurnStateDecompress(unsigned char*, int, int))
>>> referenced 1 more times

ld.lld: error: undefined symbol: szAppBurnVer
>>> referenced by dat.cpp:132 (/home/runner/work/retro-manager/retro-manager/runtime/retropack-runtime-fbneo/submodules/fbneo/src/burner/dat.cpp:132)
>>>               CMakeFiles/retropack-runtime-fbneo.dir/submodules/fbneo/src/burner/dat.cpp.o:(write_datfile(int, RFILE*))
>>> referenced by dat.cpp:132 (/home/runner/work/retro-manager/retro-manager/runtime/retropack-runtime-fbneo/submodules/fbneo/src/burner/dat.cpp:132)
>>>               CMakeFiles/retropack-runtime-fbneo.dir/submodules/fbneo/src/burner/dat.cpp.o:(write_datfile(int, RFILE*))
>>> referenced by dat.cpp:133 (/home/runner/work/retro-manager/retro-manager/runtime/retropack-runtime-fbneo/submodules/fbneo/src/burner/dat.cpp:133)
>>>               CMakeFiles/retropack-runtime-fbneo.dir/submodules/fbneo/src/burner/dat.cpp.o:(write_datfile(int, RFILE*))
>>> referenced 37 more times

ld.lld: error: undefined symbol: GameDecoration(unsigned int)
>>> referenced by dat.cpp:432 (/home/runner/work/retro-manager/retro-manager/runtime/retropack-runtime-fbneo/submodules/fbneo/src/burner/dat.cpp:432)
>>>               CMakeFiles/retropack-runtime-fbneo.dir/submodules/fbneo/src/burner/dat.cpp.o:(write_datfile(int, RFILE*))
>>> referenced by dat.cpp:804 (/home/runner/work/retro-manager/retro-manager/runtime/retropack-runtime-fbneo/submodules/fbneo/src/burner/dat.cpp:804)
>>>               CMakeFiles/retropack-runtime-fbneo.dir/submodules/fbneo/src/burner/dat.cpp.o:(write_datfile(int, RFILE*))

ld.lld: error: undefined symbol: szAppCheatsPath
>>> referenced by conc.cpp:1070 (/home/runner/work/retro-manager/retro-manager/runtime/retropack-runtime-fbneo/submodules/fbneo/src/burner/conc.cpp:1070)
>>>               CMakeFiles/retropack-runtime-fbneo.dir/submodules/fbneo/src/burner/conc.cpp.o:(ConfigCheatLoad())
>>> referenced by conc.cpp:1070 (/home/runner/work/retro-manager/retro-manager/runtime/retropack-runtime-fbneo/submodules/fbneo/src/burner/conc.cpp:1070)
>>>               CMakeFiles/retropack-runtime-fbneo.dir/submodules/fbneo/src/burner/conc.cpp.o:(ConfigCheatLoad())
>>> referenced by conc.cpp:1079 (/home/runner/work/retro-manager/retro-manager/runtime/retropack-runtime-fbneo/submodules/fbneo/src/burner/conc.cpp:1079)
>>>               CMakeFiles/retropack-runtime-fbneo.dir/submodules/fbneo/src/burner/conc.cpp.o:(ConfigCheatLoad())
>>> referenced 19 more times

ld.lld: error: undefined symbol: AdaptiveEncodingReads(char const*)
>>> referenced by conc.cpp:939 (/home/runner/work/retro-manager/retro-manager/runtime/retropack-runtime-fbneo/submodules/fbneo/src/burner/conc.cpp:939)
>>>               CMakeFiles/retropack-runtime-fbneo.dir/submodules/fbneo/src/burner/conc.cpp.o:(ConfigParseVCT(char*))
>>> referenced by conc.cpp:949 (/home/runner/work/retro-manager/retro-manager/runtime/retropack-runtime-fbneo/submodules/fbneo/src/burner/conc.cpp:949)
>>>               CMakeFiles/retropack-runtime-fbneo.dir/submodules/fbneo/src/burner/conc.cpp.o:(ConfigParseVCT(char*))
>>> referenced by conc.cpp:831 (/home/runner/work/retro-manager/retro-manager/runtime/retropack-runtime-fbneo/submodules/fbneo/src/burner/conc.cpp:831)
>>>               CMakeFiles/retropack-runtime-fbneo.dir/submodules/fbneo/src/burner/conc.cpp.o:(ConfigParseMAMEFile(int))
>>> referenced 4 more times

ld.lld: error: undefined symbol: szAppHiscorePath
>>> referenced by hiscore.cpp:407 (/home/runner/work/retro-manager/retro-manager/runtime/retropack-runtime-fbneo/submodules/fbneo/src/burn/hiscore.cpp:407)
>>>               CMakeFiles/retropack-runtime-fbneo.dir/submodules/fbneo/src/burn/hiscore.cpp.o:(HiscoreInit)
>>> referenced by hiscore.cpp:407 (/home/runner/work/retro-manager/retro-manager/runtime/retropack-runtime-fbneo/submodules/fbneo/src/burn/hiscore.cpp:407)
>>>               CMakeFiles/retropack-runtime-fbneo.dir/submodules/fbneo/src/burn/hiscore.cpp.o:(HiscoreInit)

ld.lld: error: undefined symbol: szAppEEPROMPath
>>> referenced by hiscore.cpp:429 (/home/runner/work/retro-manager/retro-manager/runtime/retropack-runtime-fbneo/submodules/fbneo/src/burn/hiscore.cpp:429)
>>>               CMakeFiles/retropack-runtime-fbneo.dir/submodules/fbneo/src/burn/hiscore.cpp.o:(HiscoreInit)
>>> referenced by hiscore.cpp:429 (/home/runner/work/retro-manager/retro-manager/runtime/retropack-runtime-fbneo/submodules/fbneo/src/burn/hiscore.cpp:429)
>>>               CMakeFiles/retropack-runtime-fbneo.dir/submodules/fbneo/src/burn/hiscore.cpp.o:(HiscoreInit)
>>> referenced by hiscore.cpp:674 (/home/runner/work/retro-manager/retro-manager/runtime/retropack-runtime-fbneo/submodules/fbneo/src/burn/hiscore.cpp:674)
>>>               CMakeFiles/retropack-runtime-fbneo.dir/submodules/fbneo/src/burn/hiscore.cpp.o:(HiscoreExit)
>>> referenced 1 more times

ld.lld: error: undefined symbol: bDrvOkay
>>> referenced by cheat.cpp:724 (/home/runner/work/retro-manager/retro-manager/runtime/retropack-runtime-fbneo/submodules/fbneo/src/burn/cheat.cpp:724)
>>>               CMakeFiles/retropack-runtime-fbneo.dir/submodules/fbneo/src/burn/cheat.cpp.o:(GetMemorySize())
>>> referenced by cheat.cpp:724 (/home/runner/work/retro-manager/retro-manager/runtime/retropack-runtime-fbneo/submodules/fbneo/src/burn/cheat.cpp:724)
>>>               CMakeFiles/retropack-runtime-fbneo.dir/submodules/fbneo/src/burn/cheat.cpp.o:(GetMemorySize())
>>> referenced by cheat.cpp:733 (/home/runner/work/retro-manager/retro-manager/runtime/retropack-runtime-fbneo/submodules/fbneo/src/burn/cheat.cpp:733)
>>>               CMakeFiles/retropack-runtime-fbneo.dir/submodules/fbneo/src/burn/cheat.cpp.o:(IsHardwareAddressValid)
>>> referenced 5 more times
clang++: error: linker command failed with exit code 1 (use -v to see invocation)
ninja: build stopped: subcommand failed.

C++ build system [build] failed while executing:
    /usr/local/lib/android/sdk/cmake/3.22.1/bin/ninja \
      -C \
      /home/runner/work/retro-manager/retro-manager/runtime/retropack-runtime-fbneo/.cxx/Debug/1b1s4j3o/arm64-v8a \
      retropack-runtime-fbneo
  from /home/runner/work/retro-manager/retro-manager/runtime/retropack-runtime-fbneo
	at org.gradle.internal.UncheckedException.throwAsUncheckedException(UncheckedException.java:69)
	at org.gradle.internal.UncheckedException.throwAsUncheckedException(UncheckedException.java:42)
	at org.gradle.internal.reflect.JavaMethod.invoke(JavaMethod.java:129)
	at org.gradle.api.internal.project.taskfactory.StandardTaskAction.doExecute(StandardTaskAction.java:58)
	at org.gradle.api.internal.project.taskfactory.StandardTaskAction.execute(StandardTaskAction.java:51)
	at org.gradle.api.internal.project.taskfactory.StandardTaskAction.execute(StandardTaskAction.java:29)
	at org.gradle.api.internal.tasks.execution.TaskExecution$3.run(TaskExecution.java:259)
	at org.gradle.internal.operations.DefaultBuildOperationRunner$1.execute(DefaultBuildOperationRunner.java:30)
	at org.gradle.internal.operations.DefaultBuildOperationRunner$1.execute(DefaultBuildOperationRunner.java:27)
	at org.gradle.internal.operations.DefaultBuildOperationRunner$2.execute(DefaultBuildOperationRunner.java:67)
	at org.gradle.internal.operations.DefaultBuildOperationRunner$2.execute(DefaultBuildOperationRunner.java:60)
	at org.gradle.internal.operations.DefaultBuildOperationRunner.execute(DefaultBuildOperationRunner.java:167)
	at org.gradle.internal.operations.DefaultBuildOperationRunner.execute(DefaultBuildOperationRunner.java:60)
	at org.gradle.internal.operations.DefaultBuildOperationRunner.run(DefaultBuildOperationRunner.java:48)
	at org.gradle.api.internal.tasks.execution.TaskExecution.executeAction(TaskExecution.java:244)
	at org.gradle.api.internal.tasks.execution.TaskExecution.executeActions(TaskExecution.java:227)
	at org.gradle.api.internal.tasks.execution.TaskExecution.executeWithPreviousOutputFiles(TaskExecution.java:210)
	at org.gradle.api.internal.tasks.execution.TaskExecution.execute(TaskExecution.java:176)
	at org.gradle.internal.execution.steps.ExecuteStep.executeInternal(ExecuteStep.java:167)
	at org.gradle.internal.execution.steps.ExecuteStep.access$000(ExecuteStep.java:47)
	at org.gradle.internal.execution.steps.ExecuteStep$1.call(ExecuteStep.java:137)
	at org.gradle.internal.execution.steps.ExecuteStep$1.call(ExecuteStep.java:134)
	at org.gradle.internal.operations.DefaultBuildOperationRunner$CallableBuildOperationWorker.execute(DefaultBuildOperationRunner.java:210)
	at org.gradle.internal.operations.DefaultBuildOperationRunner$CallableBuildOperationWorker.execute(DefaultBuildOperationRunner.java:205)
	at org.gradle.internal.operations.DefaultBuildOperationRunner$2.execute(DefaultBuildOperationRunner.java:67)
	at org.gradle.internal.operations.DefaultBuildOperationRunner$2.execute(DefaultBuildOperationRunner.java:60)
	at org.gradle.internal.operations.DefaultBuildOperationRunner.execute(DefaultBuildOperationRunner.java:167)
	at org.gradle.internal.operations.DefaultBuildOperationRunner.execute(DefaultBuildOperationRunner.java:60)
	at org.gradle.internal.operations.DefaultBuildOperationRunner.call(DefaultBuildOperationRunner.java:54)
	at org.gradle.internal.execution.steps.ExecuteStep.execute(ExecuteStep.java:134)
	at org.gradle.internal.execution.steps.ExecuteStep$Mutable.execute(ExecuteStep.java:80)
	at org.gradle.internal.execution.steps.CancelExecutionStep.execute(CancelExecutionStep.java:42)
	at org.gradle.internal.execution.steps.TimeoutStep.executeWithoutTimeout(TimeoutStep.java:75)
	at org.gradle.internal.execution.steps.TimeoutStep.execute(TimeoutStep.java:55)
	at org.gradle.internal.execution.steps.PreCreateOutputParentsStep.execute(PreCreateOutputParentsStep.java:51)
	at org.gradle.internal.execution.steps.PreCreateOutputParentsStep.execute(PreCreateOutputParentsStep.java:29)
	at org.gradle.internal.execution.steps.RemovePreviousOutputsStep.executeMutable(RemovePreviousOutputsStep.java:67)
	at org.gradle.internal.execution.steps.RemovePreviousOutputsStep.executeMutable(RemovePreviousOutputsStep.java:39)
	at org.gradle.internal.execution.steps.MutableStep.execute(MutableStep.java:26)
	at org.gradle.internal.execution.steps.BroadcastChangingOutputsStep.execute(BroadcastChangingOutputsStep.java:42)
	at org.gradle.internal.execution.steps.BroadcastChangingOutputsStep.execute(BroadcastChangingOutputsStep.java:24)
	at org.gradle.internal.execution.steps.CaptureOutputsAfterExecutionStep.execute(CaptureOutputsAfterExecutionStep.java:69)
	at org.gradle.internal.execution.steps.CaptureOutputsAfterExecutionStep.execute(CaptureOutputsAfterExecutionStep.java:46)
	at org.gradle.internal.execution.steps.ResolveInputChangesStep.executeMutable(ResolveInputChangesStep.java:39)
	at org.gradle.internal.execution.steps.ResolveInputChangesStep.executeMutable(ResolveInputChangesStep.java:28)
	at org.gradle.internal.execution.steps.MutableStep.execute(MutableStep.java:26)
	at org.gradle.internal.execution.steps.BuildCacheStep.executeWithoutCache(BuildCacheStep.java:189)
	at org.gradle.internal.execution.steps.BuildCacheStep.lambda$execute$1(BuildCacheStep.java:76)
	at org.gradle.internal.Either$Right.fold(Either.java:176)
	at org.gradle.internal.execution.caching.CachingState.fold(CachingState.java:62)
	at org.gradle.internal.execution.steps.BuildCacheStep.execute(BuildCacheStep.java:74)
	at org.gradle.internal.execution.steps.BuildCacheStep.execute(BuildCacheStep.java:49)
	at org.gradle.internal.execution.steps.StoreExecutionStateStep.executeMutable(StoreExecutionStateStep.java:46)
	at org.gradle.internal.execution.steps.StoreExecutionStateStep.executeMutable(StoreExecutionStateStep.java:35)
	at org.gradle.internal.execution.steps.MutableStep.execute(MutableStep.java:26)
	at org.gradle.internal.execution.steps.SkipUpToDateStep.executeBecause(SkipUpToDateStep.java:75)
	at org.gradle.internal.execution.steps.SkipUpToDateStep.lambda$execute$2(SkipUpToDateStep.java:53)
	at org.gradle.internal.execution.steps.SkipUpToDateStep.execute(SkipUpToDateStep.java:53)
	at org.gradle.internal.execution.steps.SkipUpToDateStep.execute(SkipUpToDateStep.java:35)
	at org.gradle.internal.execution.steps.legacy.MarkSnapshottingInputsFinishedStep.execute(MarkSnapshottingInputsFinishedStep.java:37)
	at org.gradle.internal.execution.steps.legacy.MarkSnapshottingInputsFinishedStep.execute(MarkSnapshottingInputsFinishedStep.java:27)
	at org.gradle.internal.execution.steps.ResolveMutableCachingStateStep.executeDelegate(ResolveMutableCachingStateStep.java:70)
	at org.gradle.internal.execution.steps.ResolveMutableCachingStateStep.executeDelegate(ResolveMutableCachingStateStep.java:32)
	at org.gradle.internal.execution.steps.AbstractResolveCachingStateStep.execute(AbstractResolveCachingStateStep.java:69)
	at org.gradle.internal.execution.steps.AbstractResolveCachingStateStep.execute(AbstractResolveCachingStateStep.java:37)
	at org.gradle.internal.execution.steps.ResolveChangesStep.executeMutable(ResolveChangesStep.java:63)
	at org.gradle.internal.execution.steps.ResolveChangesStep.executeMutable(ResolveChangesStep.java:34)
	at org.gradle.internal.execution.steps.MutableStep.execute(MutableStep.java:26)
	at org.gradle.internal.execution.steps.ValidateStep$Mutable.executeDelegate(ValidateStep.java:79)
	at org.gradle.internal.execution.steps.ValidateStep$Mutable.executeDelegate(ValidateStep.java:65)
	at org.gradle.internal.execution.steps.ValidateStep.execute(ValidateStep.java:99)
	at org.gradle.internal.execution.steps.ValidateStep$Mutable.execute(ValidateStep.java:65)
	at org.gradle.internal.execution.steps.CaptureMutableStateBeforeExecutionStep.executeMutable(CaptureMutableStateBeforeExecutionStep.java:86)
	at org.gradle.internal.execution.steps.CaptureMutableStateBeforeExecutionStep.execute(CaptureMutableStateBeforeExecutionStep.java:65)
	at org.gradle.internal.execution.steps.CaptureMutableStateBeforeExecutionStep.execute(CaptureMutableStateBeforeExecutionStep.java:45)
	at org.gradle.internal.execution.steps.SkipEmptyMutableWorkStep.executeWithNonEmptySources(SkipEmptyMutableWorkStep.java:210)
	at org.gradle.internal.execution.steps.SkipEmptyMutableWorkStep.executeMutable(SkipEmptyMutableWorkStep.java:85)
	at org.gradle.internal.execution.steps.SkipEmptyMutableWorkStep.executeMutable(SkipEmptyMutableWorkStep.java:53)
	at org.gradle.internal.execution.steps.MutableStep.execute(MutableStep.java:26)
	at org.gradle.internal.execution.steps.legacy.MarkSnapshottingInputsStartedStep.execute(MarkSnapshottingInputsStartedStep.java:38)
	at org.gradle.internal.execution.steps.LoadPreviousExecutionStateStep.executeMutable(LoadPreviousExecutionStateStep.java:36)
	at org.gradle.internal.execution.steps.LoadPreviousExecutionStateStep.executeMutable(LoadPreviousExecutionStateStep.java:23)
	at org.gradle.internal.execution.steps.MutableStep.execute(MutableStep.java:26)
	at org.gradle.internal.execution.steps.HandleStaleOutputsStep.executeMutable(HandleStaleOutputsStep.java:77)
	at org.gradle.internal.execution.steps.HandleStaleOutputsStep.executeMutable(HandleStaleOutputsStep.java:43)
	at org.gradle.internal.execution.steps.MutableStep.execute(MutableStep.java:26)
	at org.gradle.internal.execution.steps.AssignMutableWorkspaceStep.lambda$executeMutable$0(AssignMutableWorkspaceStep.java:34)
	at org.gradle.api.internal.tasks.execution.TaskExecution$4.withWorkspace(TaskExecution.java:305)
	at org.gradle.internal.execution.steps.AssignMutableWorkspaceStep.executeMutable(AssignMutableWorkspaceStep.java:30)
	at org.gradle.internal.execution.steps.AssignMutableWorkspaceStep.executeMutable(AssignMutableWorkspaceStep.java:21)
	at org.gradle.internal.execution.steps.MutableStep.execute(MutableStep.java:26)
	at org.gradle.internal.execution.steps.ChoosePipelineStep.execute(ChoosePipelineStep.java:40)
	at org.gradle.internal.execution.steps.ChoosePipelineStep.execute(ChoosePipelineStep.java:23)
	at org.gradle.internal.execution.steps.ExecuteWorkBuildOperationFiringStep.lambda$execute$2(ExecuteWorkBuildOperationFiringStep.java:67)
	at org.gradle.internal.execution.steps.ExecuteWorkBuildOperationFiringStep.execute(ExecuteWorkBuildOperationFiringStep.java:67)
	at org.gradle.internal.execution.steps.ExecuteWorkBuildOperationFiringStep.execute(ExecuteWorkBuildOperationFiringStep.java:39)
	at org.gradle.internal.execution.steps.IdentityCacheStep.execute(IdentityCacheStep.java:46)
	at org.gradle.internal.execution.steps.IdentityCacheStep.execute(IdentityCacheStep.java:34)
	at org.gradle.internal.execution.steps.IdentifyStep.execute(IdentifyStep.java:56)
	at org.gradle.internal.execution.steps.IdentifyStep.execute(IdentifyStep.java:38)
	at org.gradle.internal.execution.impl.DefaultExecutionEngine$1.execute(DefaultExecutionEngine.java:68)
	at org.gradle.api.internal.tasks.execution.ExecuteActionsTaskExecuter.executeIfValid(ExecuteActionsTaskExecuter.java:132)
	... 61 more
Caused by: com.android.ide.common.process.ProcessException: ninja: Entering directory `/home/runner/work/retro-manager/retro-manager/runtime/retropack-runtime-fbneo/.cxx/Debug/1b1s4j3o/arm64-v8a'
[1/77] Building C object CMakeFiles/retropack-runtime-fbneo.dir/src/main/cpp/ringbuffer.c.o
[2/77] Building CXX object CMakeFiles/retropack-runtime-fbneo.dir/submodules/fbneo/src/burn/burn_memory.cpp.o
[3/77] Building CXX object CMakeFiles/retropack-runtime-fbneo.dir/submodules/fbneo/src/burn/burn.cpp.o
[4/77] Building CXX object CMakeFiles/retropack-runtime-fbneo.dir/submodules/fbneo/src/burn/burn_sound.cpp.o
[5/77] Building CXX object CMakeFiles/retropack-runtime-fbneo.dir/submodules/fbneo/src/burn/debug_track.cpp.o
[6/77] Building CXX object CMakeFiles/retropack-runtime-fbneo.dir/submodules/fbneo/src/burn/burn_gun.cpp.o
[7/77] Building CXX object CMakeFiles/retropack-runtime-fbneo.dir/src/main/cpp/fbneo-jni.cpp.o
[8/77] Building CXX object CMakeFiles/retropack-runtime-fbneo.dir/submodules/fbneo/src/burn/burn_sha1.cpp.o
[9/77] Building CXX object CMakeFiles/retropack-runtime-fbneo.dir/submodules/fbneo/src/burn/cheat.cpp.o
[10/77] Building CXX object CMakeFiles/retropack-runtime-fbneo.dir/submodules/fbneo/src/burn/timer.cpp.o
[11/77] Building CXX object CMakeFiles/retropack-runtime-fbneo.dir/submodules/fbneo/src/burn/load.cpp.o
[12/77] Building CXX object CMakeFiles/retropack-runtime-fbneo.dir/submodules/fbneo/src/burn/hiscore.cpp.o
[13/77] Building CXX object CMakeFiles/retropack-runtime-fbneo.dir/submodules/fbneo/src/burner/statec.cpp.o
[14/77] Building CXX object CMakeFiles/retropack-runtime-fbneo.dir/submodules/fbneo/src/burner/conc.cpp.o
[15/77] Building CXX object CMakeFiles/retropack-runtime-fbneo.dir/submodules/fbneo/src/burner/zipfn.cpp.o
[16/77] Building CXX object CMakeFiles/retropack-runtime-fbneo.dir/submodules/fbneo/src/burner/nvram.cpp.o
[17/77] Building C object CMakeFiles/retropack-runtime-fbneo.dir/submodules/fbneo/src/burner/ioapi.c.o
[18/77] Building C object CMakeFiles/retropack-runtime-fbneo.dir/submodules/fbneo/src/burner/unzip.c.o
[19/77] Building CXX object CMakeFiles/retropack-runtime-fbneo.dir/submodules/fbneo/src/burner/dat.cpp.o
[20/77] Building CXX object CMakeFiles/retropack-runtime-fbneo.dir/submodules/fbneo/src/burn/drv/neogeo/neo_palette.cpp.o
[21/77] Building CXX object CMakeFiles/retropack-runtime-fbneo.dir/submodules/fbneo/src/burner/cdlist.cpp.o
[22/77] Building CXX object CMakeFiles/retropack-runtime-fbneo.dir/submodules/fbneo/src/burn/drv/neogeo/neo_decrypt.cpp.o
[23/77] Building CXX object CMakeFiles/retropack-runtime-fbneo.dir/submodules/fbneo/src/burn/drv/neogeo/neo_text.cpp.o
[24/77] Building CXX object CMakeFiles/retropack-runtime-fbneo.dir/src/main/cpp/fbneo_libretro_shims.cpp.o
[25/77] Building CXX object CMakeFiles/retropack-runtime-fbneo.dir/submodules/fbneo/src/burn/drv/neogeo/neo_upd4990a.cpp.o
[26/77] Building C object CMakeFiles/retropack-runtime-fbneo.dir/submodules/fbneo/src/burn/snd/ymdeltat.c.o
[27/77] Building CXX object CMakeFiles/retropack-runtime-fbneo.dir/submodules/fbneo/src/burn/drv/neogeo/neogeo.cpp.o
[28/77] Building CXX object CMakeFiles/retropack-runtime-fbneo.dir/submodules/fbneo/src/burn/drv/neogeo/neo_run.cpp.o
[29/77] Building C object CMakeFiles/retropack-runtime-fbneo.dir/submodules/fbneo/src/burn/snd/ay8910.c.o
[30/77] Building CXX object CMakeFiles/retropack-runtime-fbneo.dir/submodules/fbneo/src/burn/snd/burn_ym2610.cpp.o
[31/77] Building C object CMakeFiles/retropack-runtime-fbneo.dir/submodules/fbneo/src/burn/snd/fm.c.o
[32/77] Building CXX object CMakeFiles/retropack-runtime-fbneo.dir/submodules/fbneo/src/burn/snd/burn_ym2608.cpp.o
[33/77] Building CXX object CMakeFiles/retropack-runtime-fbneo.dir/submodules/fbneo/src/burn/snd/burn_ym2203.cpp.o
[34/77] Building CXX object CMakeFiles/retropack-runtime-fbneo.dir/submodules/fbneo/src/burn/devices/joyprocess.cpp.o
[35/77] Building C object CMakeFiles/retropack-runtime-fbneo.dir/submodules/fbneo/src/cpu/m68k/m68kcpu.c.o
[36/77] Building CXX object CMakeFiles/retropack-runtime-fbneo.dir/submodules/fbneo/src/burn/snd/burn_ym2612.cpp.o
[37/77] Building CXX object CMakeFiles/retropack-runtime-fbneo.dir/submodules/fbneo/src/burn/devices/resnet.cpp.o
[38/77] Building CXX object CMakeFiles/retropack-runtime-fbneo.dir/submodules/fbneo/src/cpu/z80/z80ctc.cpp.o
[39/77] Building CXX object CMakeFiles/retropack-runtime-fbneo.dir/submodules/fbneo/src/cpu/z80_intf.cpp.o
[40/77] Building CXX object CMakeFiles/retropack-runtime-fbneo.dir/submodules/fbneo/src/cpu/z80/z80daisy.cpp.o
[41/77] Building CXX object CMakeFiles/retropack-runtime-fbneo.dir/submodules/fbneo/src/cpu/m68000_intf.cpp.o
[42/77] Building CXX object CMakeFiles/retropack-runtime-fbneo.dir/submodules/fbneo/src/cpu/z80/z80pio.cpp.o
[43/77] Building CXX object CMakeFiles/retropack-runtime-fbneo.dir/submodules/fbneo/src/burn/drv/neogeo/neo_sprite.cpp.o
[44/77] Building CXX object CMakeFiles/retropack-runtime-fbneo.dir/submodules/fbneo/src/cpu/z80/z80.cpp.o
[45/77] Building C object CMakeFiles/retropack-runtime-fbneo.dir/submodules/fbneo/src/burner/libretro/libretro-common/streams/file_stream.c.o
[46/77] Building C object CMakeFiles/retropack-runtime-fbneo.dir/submodules/fbneo/src/burner/libretro/libretro-common/streams/file_stream_transforms.c.o
[47/77] Building C object CMakeFiles/retropack-runtime-fbneo.dir/submodules/fbneo/src/burner/libretro/libretro-common/vfs/vfs_implementation.c.o
[48/77] Building C object CMakeFiles/retropack-runtime-fbneo.dir/submodules/fbneo/src/burner/libretro/libretro-common/file/file_path.c.o
[49/77] Building C object CMakeFiles/retropack-runtime-fbneo.dir/submodules/fbneo/src/burner/libretro/libretro-common/file/file_path_io.c.o
[50/77] Building C object CMakeFiles/retropack-runtime-fbneo.dir/submodules/fbneo/src/burner/libretro/libretro-common/file/retro_dirent.c.o
[51/77] Building C object CMakeFiles/retropack-runtime-fbneo.dir/submodules/fbneo/src/burner/libretro/libretro-common/encodings/encoding_utf.c.o
[52/77] Building C object CMakeFiles/retropack-runtime-fbneo.dir/submodules/fbneo/src/burner/libretro/libretro-common/compat/compat_posix_string.c.o
[53/77] Building C object CMakeFiles/retropack-runtime-fbneo.dir/submodules/fbneo/src/burner/libretro/libretro-common/compat/compat_strcasestr.c.o
[54/77] Building C object CMakeFiles/retropack-runtime-fbneo.dir/submodules/fbneo/src/burner/libretro/libretro-common/compat/compat_strl.c.o
[55/77] Building CXX object CMakeFiles/retropack-runtime-fbneo.dir/submodules/fbneo/src/intf/cd/cd_chd.cpp.o
[56/77] Building CXX object CMakeFiles/retropack-runtime-fbneo.dir/submodules/fbneo/src/burn/drv/neogeo/d_neogeo.cpp.o
[57/77] Building C object CMakeFiles/retropack-runtime-fbneo.dir/submodules/fbneo/src/dep/libs/libchdr/libchdr_bitstream.c.o
[58/77] Building C object CMakeFiles/retropack-runtime-fbneo.dir/submodules/fbneo/src/dep/libs/libchdr/libchdr_huffman.c.o
[59/77] Building C object CMakeFiles/retropack-runtime-fbneo.dir/submodules/fbneo/src/dep/libs/libchdr/libchdr_cdrom.c.o
[60/77] Building C object CMakeFiles/retropack-runtime-fbneo.dir/submodules/fbneo/src/dep/libs/libchdr/libchdr_chd.c.o
[61/77] Building CXX object CMakeFiles/retropack-runtime-fbneo.dir/submodules/fbneo/src/burner/libretro/ips_manager.cpp.o
[62/77] Building C object CMakeFiles/retropack-runtime-fbneo.dir/submodules/fbneo/src/dep/libs/libchdr/libchdr_codec_cdzl.c.o
[63/77] Building C object CMakeFiles/retropack-runtime-fbneo.dir/submodules/fbneo/src/dep/libs/libchdr/libchdr_codec_zlib.c.o
[64/77] Building CXX object CMakeFiles/retropack-runtime-fbneo.dir/submodules/fbneo/src/burner/libretro/retro_cdemu.cpp.o
[65/77] Building C object CMakeFiles/retropack-runtime-fbneo.dir/submodules/fbneo/src/dep/libs/libchdr/libchdr_codec_huff.c.o
[66/77] Building C object CMakeFiles/retropack-runtime-fbneo.dir/submodules/fbneo/src/dep/libs/libchdr/libchdr_codec_flac.c.o
[67/77] Building C object CMakeFiles/retropack-runtime-fbneo.dir/submodules/fbneo/src/dep/libs/libchdr/libchdr_codec_lzma.c.o
[68/77] Building CXX object CMakeFiles/retropack-runtime-fbneo.dir/submodules/fbneo/src/burner/libretro/romdata.cpp.o
[69/77] Building C object CMakeFiles/retropack-runtime-fbneo.dir/submodules/fbneo/src/dep/libs/libchdr/libchdr_codec_zstd.c.o
[70/77] Building C object CMakeFiles/retropack-runtime-fbneo.dir/submodules/fbneo/src/dep/libs/libchdr/libchdr_codec_cdlz.c.o
[71/77] Building C object CMakeFiles/retropack-runtime-fbneo.dir/submodules/fbneo/src/dep/libs/libchdr/libchdr_codec_cdfl.c.o
[72/77] Building C object CMakeFiles/retropack-runtime-fbneo.dir/submodules/fbneo/src/dep/libs/libchdr/libchdr_codec_cdzs.c.o
[73/77] Building C object CMakeFiles/retropack-runtime-fbneo.dir/submodules/fbneo/src/dep/libs/lzma/libchdr_lzma.c.o
[74/77] Building C object CMakeFiles/retropack-runtime-fbneo.dir/submodules/fbneo/src/cpu/m68k/m68kops.c.o
[75/77] Building C object CMakeFiles/retropack-runtime-fbneo.dir/submodules/fbneo/src/dep/libs/libchdr/libchdr_flac.c.o
[76/77] Building C object CMakeFiles/retropack-runtime-fbneo.dir/submodules/fbneo/src/dep/libs/zstd/zstddeclib.c.o
[77/77] Linking CXX shared library ../../../../build/intermediates/cxx/Debug/1b1s4j3o/obj/arm64-v8a/libretropack-runtime-fbneo.so
FAILED: ../../../../build/intermediates/cxx/Debug/1b1s4j3o/obj/arm64-v8a/libretropack-runtime-fbneo.so 
: && /usr/local/lib/android/sdk/ndk/27.0.12077973/toolchains/llvm/prebuilt/linux-x86_64/bin/clang++ --target=aarch64-none-linux-android26 --sysroot=/usr/local/lib/android/sdk/ndk/27.0.12077973/toolchains/llvm/prebuilt/linux-x86_64/sysroot -fPIC -g -DANDROID -fdata-sections -ffunction-sections -funwind-tables -fstack-protector-strong -no-canonical-prefixes -D_FORTIFY_SOURCE=2 -Wformat -Werror=format-security   -fno-limit-debug-info  -static-libstdc++ -Wl,--build-id=sha1 -Wl,--no-rosegment -Wl,--no-undefined-version -Wl,--fatal-warnings -Wl,--no-undefined -Qunused-arguments  -Wl,-z,max-page-size=16384 -Wl,-z,common-page-size=16384   -Wl,-z,max-page-size=16384 -Wl,-z,common-page-size=16384 -Wl,--allow-multiple-definition -Wl,-z,muldefs -shared -Wl,-soname,libretropack-runtime-fbneo.so -o ../../../../build/intermediates/cxx/Debug/1b1s4j3o/obj/arm64-v8a/libretropack-runtime-fbneo.so CMakeFiles/retropack-runtime-fbneo.dir/src/main/cpp/fbneo-jni.cpp.o CMakeFiles/retropack-runtime-fbneo.dir/src/main/cpp/ringbuffer.c.o CMakeFiles/retropack-runtime-fbneo.dir/src/main/cpp/fbneo_libretro_shims.cpp.o CMakeFiles/retropack-runtime-fbneo.dir/submodules/fbneo/src/burn/burn.cpp.o CMakeFiles/retropack-runtime-fbneo.dir/submodules/fbneo/src/burn/burn_gun.cpp.o CMakeFiles/retropack-runtime-fbneo.dir/submodules/fbneo/src/burn/burn_memory.cpp.o CMakeFiles/retropack-runtime-fbneo.dir/submodules/fbneo/src/burn/burn_sound.cpp.o CMakeFiles/retropack-runtime-fbneo.dir/submodules/fbneo/src/burn/cheat.cpp.o CMakeFiles/retropack-runtime-fbneo.dir/submodules/fbneo/src/burn/debug_track.cpp.o CMakeFiles/retropack-runtime-fbneo.dir/submodules/fbneo/src/burn/hiscore.cpp.o CMakeFiles/retropack-runtime-fbneo.dir/submodules/fbneo/src/burn/load.cpp.o CMakeFiles/retropack-runtime-fbneo.dir/submodules/fbneo/src/burn/timer.cpp.o CMakeFiles/retropack-runtime-fbneo.dir/submodules/fbneo/src/burn/burn_sha1.cpp.o CMakeFiles/retropack-runtime-fbneo.dir/submodules/fbneo/src/burner/conc.cpp.o CMakeFiles/retropack-runtime-fbneo.dir/submodules/fbneo/src/burner/dat.cpp.o CMakeFiles/retropack-runtime-fbneo.dir/submodules/fbneo/src/burner/statec.cpp.o CMakeFiles/retropack-runtime-fbneo.dir/submodules/fbneo/src/burner/zipfn.cpp.o CMakeFiles/retropack-runtime-fbneo.dir/submodules/fbneo/src/burner/nvram.cpp.o CMakeFiles/retropack-runtime-fbneo.dir/submodules/fbneo/src/burner/cdlist.cpp.o CMakeFiles/retropack-runtime-fbneo.dir/submodules/fbneo/src/burner/ioapi.c.o CMakeFiles/retropack-runtime-fbneo.dir/submodules/fbneo/src/burner/unzip.c.o CMakeFiles/retropack-runtime-fbneo.dir/submodules/fbneo/src/burn/drv/neogeo/d_neogeo.cpp.o CMakeFiles/retropack-runtime-fbneo.dir/submodules/fbneo/src/burn/drv/neogeo/neo_decrypt.cpp.o CMakeFiles/retropack-runtime-fbneo.dir/submodules/fbneo/src/burn/drv/neogeo/neo_palette.cpp.o CMakeFiles/retropack-runtime-fbneo.dir/submodules/fbneo/src/burn/drv/neogeo/neo_run.cpp.o CMakeFiles/retropack-runtime-fbneo.dir/submodules/fbneo/src/burn/drv/neogeo/neo_sprite.cpp.o CMakeFiles/retropack-runtime-fbneo.dir/submodules/fbneo/src/burn/drv/neogeo/neo_text.cpp.o CMakeFiles/retropack-runtime-fbneo.dir/submodules/fbneo/src/burn/drv/neogeo/neo_upd4990a.cpp.o CMakeFiles/retropack-runtime-fbneo.dir/submodules/fbneo/src/burn/drv/neogeo/neogeo.cpp.o CMakeFiles/retropack-runtime-fbneo.dir/submodules/fbneo/src/burn/snd/fm.c.o CMakeFiles/retropack-runtime-fbneo.dir/submodules/fbneo/src/burn/snd/ay8910.c.o CMakeFiles/retropack-runtime-fbneo.dir/submodules/fbneo/src/burn/snd/ymdeltat.c.o CMakeFiles/retropack-runtime-fbneo.dir/submodules/fbneo/src/burn/snd/burn_ym2203.cpp.o CMakeFiles/retropack-runtime-fbneo.dir/submodules/fbneo/src/burn/snd/burn_ym2608.cpp.o CMakeFiles/retropack-runtime-fbneo.dir/submodules/fbneo/src/burn/snd/burn_ym2610.cpp.o CMakeFiles/retropack-runtime-fbneo.dir/submodules/fbneo/src/burn/snd/burn_ym2612.cpp.o CMakeFiles/retropack-runtime-fbneo.dir/submodules/fbneo/src/burn/devices/joyprocess.cpp.o CMakeFiles/retropack-runtime-fbneo.dir/submodules/fbneo/src/burn/devices/resnet.cpp.o CMakeFiles/retropack-runtime-fbneo.dir/submodules/fbneo/src/cpu/m68k/m68kcpu.c.o CMakeFiles/retropack-runtime-fbneo.dir/submodules/fbneo/src/cpu/m68k/m68kops.c.o CMakeFiles/retropack-runtime-fbneo.dir/submodules/fbneo/src/cpu/m68000_intf.cpp.o CMakeFiles/retropack-runtime-fbneo.dir/submodules/fbneo/src/cpu/z80_intf.cpp.o CMakeFiles/retropack-runtime-fbneo.dir/submodules/fbneo/src/cpu/z80/z80.cpp.o CMakeFiles/retropack-runtime-fbneo.dir/submodules/fbneo/src/cpu/z80/z80ctc.cpp.o CMakeFiles/retropack-runtime-fbneo.dir/submodules/fbneo/src/cpu/z80/z80daisy.cpp.o CMakeFiles/retropack-runtime-fbneo.dir/submodules/fbneo/src/cpu/z80/z80pio.cpp.o CMakeFiles/retropack-runtime-fbneo.dir/submodules/fbneo/src/burner/libretro/ips_manager.cpp.o CMakeFiles/retropack-runtime-fbneo.dir/submodules/fbneo/src/burner/libretro/romdata.cpp.o CMakeFiles/retropack-runtime-fbneo.dir/submodules/fbneo/src/burner/libretro/retro_cdemu.cpp.o CMakeFiles/retropack-runtime-fbneo.dir/submodules/fbneo/src/burner/libretro/libretro-common/streams/file_stream.c.o CMakeFiles/retropack-runtime-fbneo.dir/submodules/fbneo/src/burner/libretro/libretro-common/streams/file_stream_transforms.c.o CMakeFiles/retropack-runtime-fbneo.dir/submodules/fbneo/src/burner/libretro/libretro-common/vfs/vfs_implementation.c.o CMakeFiles/retropack-runtime-fbneo.dir/submodules/fbneo/src/burner/libretro/libretro-common/file/file_path.c.o CMakeFiles/retropack-runtime-fbneo.dir/submodules/fbneo/src/burner/libretro/libretro-common/file/file_path_io.c.o CMakeFiles/retropack-runtime-fbneo.dir/submodules/fbneo/src/burner/libretro/libretro-common/file/retro_dirent.c.o CMakeFiles/retropack-runtime-fbneo.dir/submodules/fbneo/src/burner/libretro/libretro-common/encodings/encoding_utf.c.o CMakeFiles/retropack-runtime-fbneo.dir/submodules/fbneo/src/burner/libretro/libretro-common/compat/compat_posix_string.c.o CMakeFiles/retropack-runtime-fbneo.dir/submodules/fbneo/src/burner/libretro/libretro-common/compat/compat_strcasestr.c.o CMakeFiles/retropack-runtime-fbneo.dir/submodules/fbneo/src/burner/libretro/libretro-common/compat/compat_strl.c.o CMakeFiles/retropack-runtime-fbneo.dir/submodules/fbneo/src/intf/cd/cd_chd.cpp.o CMakeFiles/retropack-runtime-fbneo.dir/submodules/fbneo/src/dep/libs/libchdr/libchdr_chd.c.o CMakeFiles/retropack-runtime-fbneo.dir/submodules/fbneo/src/dep/libs/libchdr/libchdr_bitstream.c.o CMakeFiles/retropack-runtime-fbneo.dir/submodules/fbneo/src/dep/libs/libchdr/libchdr_huffman.c.o CMakeFiles/retropack-runtime-fbneo.dir/submodules/fbneo/src/dep/libs/libchdr/libchdr_cdrom.c.o CMakeFiles/retropack-runtime-fbneo.dir/submodules/fbneo/src/dep/libs/libchdr/libchdr_flac.c.o CMakeFiles/retropack-runtime-fbneo.dir/submodules/fbneo/src/dep/libs/libchdr/libchdr_codec_zlib.c.o CMakeFiles/retropack-runtime-fbneo.dir/submodules/fbneo/src/dep/libs/libchdr/libchdr_codec_cdzl.c.o CMakeFiles/retropack-runtime-fbneo.dir/submodules/fbneo/src/dep/libs/libchdr/libchdr_codec_huff.c.o CMakeFiles/retropack-runtime-fbneo.dir/submodules/fbneo/src/dep/libs/libchdr/libchdr_codec_flac.c.o CMakeFiles/retropack-runtime-fbneo.dir/submodules/fbneo/src/dep/libs/libchdr/libchdr_codec_lzma.c.o CMakeFiles/retropack-runtime-fbneo.dir/submodules/fbneo/src/dep/libs/libchdr/libchdr_codec_zstd.c.o CMakeFiles/retropack-runtime-fbneo.dir/submodules/fbneo/src/dep/libs/libchdr/libchdr_codec_cdlz.c.o CMakeFiles/retropack-runtime-fbneo.dir/submodules/fbneo/src/dep/libs/libchdr/libchdr_codec_cdfl.c.o CMakeFiles/retropack-runtime-fbneo.dir/submodules/fbneo/src/dep/libs/libchdr/libchdr_codec_cdzs.c.o CMakeFiles/retropack-runtime-fbneo.dir/submodules/fbneo/src/dep/libs/lzma/libchdr_lzma.c.o CMakeFiles/retropack-runtime-fbneo.dir/submodules/fbneo/src/dep/libs/zstd/zstddeclib.c.o  -lGLESv2  -lEGL  -lOpenSLES  -landroid  -llog  -lm  -lz  -latomic -lm && :
ld.lld: error: undefined symbol: rtime_localtime
>>> referenced by file_path.c:567 (/home/runner/work/retro-manager/retro-manager/runtime/retropack-runtime-fbneo/submodules/fbneo/src/burner/libretro/libretro-common/file/file_path.c:567)
>>>               CMakeFiles/retropack-runtime-fbneo.dir/submodules/fbneo/src/burner/libretro/libretro-common/file/file_path.c.o:(fill_dated_filename)
>>> referenced by file_path.c:595 (/home/runner/work/retro-manager/retro-manager/runtime/retropack-runtime-fbneo/submodules/fbneo/src/burner/libretro/libretro-common/file/file_path.c:595)
>>>               CMakeFiles/retropack-runtime-fbneo.dir/submodules/fbneo/src/burner/libretro/libretro-common/file/file_path.c.o:(fill_str_dated_filename)

ld.lld: error: undefined symbol: IsFileExt(char*, char*)
>>> referenced by cd_img.inc:470 (/home/runner/work/retro-manager/retro-manager/runtime/retropack-runtime-fbneo/submodules/fbneo/src/intf/cd/cd_img.inc:470)
>>>               CMakeFiles/retropack-runtime-fbneo.dir/submodules/fbneo/src/burner/libretro/retro_cdemu.cpp.o:(CDImageOpen(char const*))
>>> referenced by cd_img.inc:473 (/home/runner/work/retro-manager/retro-manager/runtime/retropack-runtime-fbneo/submodules/fbneo/src/intf/cd/cd_img.inc:473)
>>>               CMakeFiles/retropack-runtime-fbneo.dir/submodules/fbneo/src/burner/libretro/retro_cdemu.cpp.o:(CDImageOpen(char const*))
>>> referenced by cd_img.inc:476 (/home/runner/work/retro-manager/retro-manager/runtime/retropack-runtime-fbneo/submodules/fbneo/src/intf/cd/cd_img.inc:476)
>>>               CMakeFiles/retropack-runtime-fbneo.dir/submodules/fbneo/src/burner/libretro/retro_cdemu.cpp.o:(CDImageOpen(char const*))
>>> referenced 8 more times

ld.lld: error: undefined symbol: QuoteRead(char**, char**, char*)
>>> referenced by cd_img.inc:165 (/home/runner/work/retro-manager/retro-manager/runtime/retropack-runtime-fbneo/submodules/fbneo/src/intf/cd/cd_img.inc:165)
>>>               CMakeFiles/retropack-runtime-fbneo.dir/submodules/fbneo/src/burner/libretro/retro_cdemu.cpp.o:(CDImageParseCue(CDImage*))
>>> referenced by conc.cpp:169 (/home/runner/work/retro-manager/retro-manager/runtime/retropack-runtime-fbneo/submodules/fbneo/src/burner/conc.cpp:169)
>>>               CMakeFiles/retropack-runtime-fbneo.dir/submodules/fbneo/src/burner/conc.cpp.o:(ConfigParseFile(char*))
>>> referenced by conc.cpp:190 (/home/runner/work/retro-manager/retro-manager/runtime/retropack-runtime-fbneo/submodules/fbneo/src/burner/conc.cpp:190)
>>>               CMakeFiles/retropack-runtime-fbneo.dir/submodules/fbneo/src/burner/conc.cpp.o:(ConfigParseFile(char*))
>>> referenced 1 more times

ld.lld: error: undefined symbol: ExtractFilename(char*)
>>> referenced by cd_img.inc:1454 (/home/runner/work/retro-manager/retro-manager/runtime/retropack-runtime-fbneo/submodules/fbneo/src/intf/cd/cd_img.inc:1454)
>>>               CMakeFiles/retropack-runtime-fbneo.dir/submodules/fbneo/src/burner/libretro/retro_cdemu.cpp.o:(cdimgInit())

ld.lld: error: undefined symbol: pSelLangStr
>>> referenced by ips_manager.cpp:326 (/home/runner/work/retro-manager/retro-manager/runtime/retropack-runtime-fbneo/submodules/fbneo/src/burner/libretro/ips_manager.cpp:326)
>>>               CMakeFiles/retropack-runtime-fbneo.dir/submodules/fbneo/src/burner/libretro/ips_manager.cpp.o:(create_variables_from_ipses())
>>> referenced by ips_manager.cpp:326 (/home/runner/work/retro-manager/retro-manager/runtime/retropack-runtime-fbneo/submodules/fbneo/src/burner/libretro/ips_manager.cpp:326)
>>>               CMakeFiles/retropack-runtime-fbneo.dir/submodules/fbneo/src/burner/libretro/ips_manager.cpp.o:(create_variables_from_ipses())

ld.lld: error: undefined symbol: ANSIToTCHAR(char const*, char*, int)
>>> referenced by cdlist.cpp:362 (/home/runner/work/retro-manager/retro-manager/runtime/retropack-runtime-fbneo/submodules/fbneo/src/burner/cdlist.cpp:362)
>>>               CMakeFiles/retropack-runtime-fbneo.dir/submodules/fbneo/src/burner/cdlist.cpp.o:(CDListIdentifyEx(char const*, CDListResult*, unsigned int, int (*)(void*), void (*)(char const*, void*), void*))

ld.lld: error: undefined symbol: bWithEEPROM
>>> referenced by statec.cpp:145 (/home/runner/work/retro-manager/retro-manager/runtime/retropack-runtime-fbneo/submodules/fbneo/src/burner/statec.cpp:145)
>>>               CMakeFiles/retropack-runtime-fbneo.dir/submodules/fbneo/src/burner/statec.cpp.o:(BurnStateCompress(unsigned char**, int*, int))
>>> referenced by statec.cpp:145 (/home/runner/work/retro-manager/retro-manager/runtime/retropack-runtime-fbneo/submodules/fbneo/src/burner/statec.cpp:145)
>>>               CMakeFiles/retropack-runtime-fbneo.dir/submodules/fbneo/src/burner/statec.cpp.o:(BurnStateCompress(unsigned char**, int*, int))
>>> referenced by statec.cpp:179 (/home/runner/work/retro-manager/retro-manager/runtime/retropack-runtime-fbneo/submodules/fbneo/src/burner/statec.cpp:179)
>>>               CMakeFiles/retropack-runtime-fbneo.dir/submodules/fbneo/src/burner/statec.cpp.o:(BurnStateDecompress(unsigned char*, int, int))
>>> referenced 1 more times

ld.lld: error: undefined symbol: szAppBurnVer
>>> referenced by dat.cpp:132 (/home/runner/work/retro-manager/retro-manager/runtime/retropack-runtime-fbneo/submodules/fbneo/src/burner/dat.cpp:132)
>>>               CMakeFiles/retropack-runtime-fbneo.dir/submodules/fbneo/src/burner/dat.cpp.o:(write_datfile(int, RFILE*))
>>> referenced by dat.cpp:132 (/home/runner/work/retro-manager/retro-manager/runtime/retropack-runtime-fbneo/submodules/fbneo/src/burner/dat.cpp:132)
>>>               CMakeFiles/retropack-runtime-fbneo.dir/submodules/fbneo/src/burner/dat.cpp.o:(write_datfile(int, RFILE*))
>>> referenced by dat.cpp:133 (/home/runner/work/retro-manager/retro-manager/runtime/retropack-runtime-fbneo/submodules/fbneo/src/burner/dat.cpp:133)
>>>               CMakeFiles/retropack-runtime-fbneo.dir/submodules/fbneo/src/burner/dat.cpp.o:(write_datfile(int, RFILE*))
>>> referenced 37 more times

ld.lld: error: undefined symbol: GameDecoration(unsigned int)
>>> referenced by dat.cpp:432 (/home/runner/work/retro-manager/retro-manager/runtime/retropack-runtime-fbneo/submodules/fbneo/src/burner/dat.cpp:432)
>>>               CMakeFiles/retropack-runtime-fbneo.dir/submodules/fbneo/src/burner/dat.cpp.o:(write_datfile(int, RFILE*))
>>> referenced by dat.cpp:804 (/home/runner/work/retro-manager/retro-manager/runtime/retropack-runtime-fbneo/submodules/fbneo/src/burner/dat.cpp:804)
>>>               CMakeFiles/retropack-runtime-fbneo.dir/submodules/fbneo/src/burner/dat.cpp.o:(write_datfile(int, RFILE*))

ld.lld: error: undefined symbol: szAppCheatsPath
>>> referenced by conc.cpp:1070 (/home/runner/work/retro-manager/retro-manager/runtime/retropack-runtime-fbneo/submodules/fbneo/src/burner/conc.cpp:1070)
>>>               CMakeFiles/retropack-runtime-fbneo.dir/submodules/fbneo/src/burner/conc.cpp.o:(ConfigCheatLoad())
>>> referenced by conc.cpp:1070 (/home/runner/work/retro-manager/retro-manager/runtime/retropack-runtime-fbneo/submodules/fbneo/src/burner/conc.cpp:1070)
>>>               CMakeFiles/retropack-runtime-fbneo.dir/submodules/fbneo/src/burner/conc.cpp.o:(ConfigCheatLoad())
>>> referenced by conc.cpp:1079 (/home/runner/work/retro-manager/retro-manager/runtime/retropack-runtime-fbneo/submodules/fbneo/src/burner/conc.cpp:1079)
>>>               CMakeFiles/retropack-runtime-fbneo.dir/submodules/fbneo/src/burner/conc.cpp.o:(ConfigCheatLoad())
>>> referenced 19 more times

ld.lld: error: undefined symbol: AdaptiveEncodingReads(char const*)
>>> referenced by conc.cpp:939 (/home/runner/work/retro-manager/retro-manager/runtime/retropack-runtime-fbneo/submodules/fbneo/src/burner/conc.cpp:939)
>>>               CMakeFiles/retropack-runtime-fbneo.dir/submodules/fbneo/src/burner/conc.cpp.o:(ConfigParseVCT(char*))
>>> referenced by conc.cpp:949 (/home/runner/work/retro-manager/retro-manager/runtime/retropack-runtime-fbneo/submodules/fbneo/src/burner/conc.cpp:949)
>>>               CMakeFiles/retropack-runtime-fbneo.dir/submodules/fbneo/src/burner/conc.cpp.o:(ConfigParseVCT(char*))
>>> referenced by conc.cpp:831 (/home/runner/work/retro-manager/retro-manager/runtime/retropack-runtime-fbneo/submodules/fbneo/src/burner/conc.cpp:831)
>>>               CMakeFiles/retropack-runtime-fbneo.dir/submodules/fbneo/src/burner/conc.cpp.o:(ConfigParseMAMEFile(int))
>>> referenced 4 more times

ld.lld: error: undefined symbol: szAppHiscorePath
>>> referenced by hiscore.cpp:407 (/home/runner/work/retro-manager/retro-manager/runtime/retropack-runtime-fbneo/submodules/fbneo/src/burn/hiscore.cpp:407)
>>>               CMakeFiles/retropack-runtime-fbneo.dir/submodules/fbneo/src/burn/hiscore.cpp.o:(HiscoreInit)
>>> referenced by hiscore.cpp:407 (/home/runner/work/retro-manager/retro-manager/runtime/retropack-runtime-fbneo/submodules/fbneo/src/burn/hiscore.cpp:407)
>>>               CMakeFiles/retropack-runtime-fbneo.dir/submodules/fbneo/src/burn/hiscore.cpp.o:(HiscoreInit)

ld.lld: error: undefined symbol: szAppEEPROMPath
>>> referenced by hiscore.cpp:429 (/home/runner/work/retro-manager/retro-manager/runtime/retropack-runtime-fbneo/submodules/fbneo/src/burn/hiscore.cpp:429)
>>>               CMakeFiles/retropack-runtime-fbneo.dir/submodules/fbneo/src/burn/hiscore.cpp.o:(HiscoreInit)
>>> referenced by hiscore.cpp:429 (/home/runner/work/retro-manager/retro-manager/runtime/retropack-runtime-fbneo/submodules/fbneo/src/burn/hiscore.cpp:429)
>>>               CMakeFiles/retropack-runtime-fbneo.dir/submodules/fbneo/src/burn/hiscore.cpp.o:(HiscoreInit)
>>> referenced by hiscore.cpp:674 (/home/runner/work/retro-manager/retro-manager/runtime/retropack-runtime-fbneo/submodules/fbneo/src/burn/hiscore.cpp:674)
>>>               CMakeFiles/retropack-runtime-fbneo.dir/submodules/fbneo/src/burn/hiscore.cpp.o:(HiscoreExit)
>>> referenced 1 more times

ld.lld: error: undefined symbol: bDrvOkay
>>> referenced by cheat.cpp:724 (/home/runner/work/retro-manager/retro-manager/runtime/retropack-runtime-fbneo/submodules/fbneo/src/burn/cheat.cpp:724)
>>>               CMakeFiles/retropack-runtime-fbneo.dir/submodules/fbneo/src/burn/cheat.cpp.o:(GetMemorySize())
>>> referenced by cheat.cpp:724 (/home/runner/work/retro-manager/retro-manager/runtime/retropack-runtime-fbneo/submodules/fbneo/src/burn/cheat.cpp:724)
>>>               CMakeFiles/retropack-runtime-fbneo.dir/submodules/fbneo/src/burn/cheat.cpp.o:(GetMemorySize())
>>> referenced by cheat.cpp:733 (/home/runner/work/retro-manager/retro-manager/runtime/retropack-runtime-fbneo/submodules/fbneo/src/burn/cheat.cpp:733)
>>>               CMakeFiles/retropack-runtime-fbneo.dir/submodules/fbneo/src/burn/cheat.cpp.o:(IsHardwareAddressValid)
>>> referenced 5 more times
clang++: error: linker command failed with exit code 1 (use -v to see invocation)
ninja: build stopped: subcommand failed.

C++ build system [build] failed while executing:
    /usr/local/lib/android/sdk/cmake/3.22.1/bin/ninja \
      -C \
      /home/runner/work/retro-manager/retro-manager/runtime/retropack-runtime-fbneo/.cxx/Debug/1b1s4j3o/arm64-v8a \
      retropack-runtime-fbneo
  from /home/runner/work/retro-manager/retro-manager/runtime/retropack-runtime-fbneo
	at com.android.build.gradle.internal.cxx.process.ExecuteProcessKt.execute(ExecuteProcess.kt:288)
	at com.android.build.gradle.internal.cxx.process.ExecuteProcessKt$executeProcess$1.invoke(ExecuteProcess.kt:108)
	at com.android.build.gradle.internal.cxx.process.ExecuteProcessKt$executeProcess$1.invoke(ExecuteProcess.kt:106)
	at com.android.build.gradle.internal.cxx.timing.TimingEnvironmentKt.time(TimingEnvironment.kt:32)
	at com.android.build.gradle.internal.cxx.process.ExecuteProcessKt.executeProcess(ExecuteProcess.kt:106)
	at com.android.build.gradle.internal.cxx.process.ExecuteProcessKt.executeProcess$default(ExecuteProcess.kt:85)
	at com.android.build.gradle.internal.cxx.build.CxxRegularBuilder.executeProcessBatch(CxxRegularBuilder.kt:332)
	at com.android.build.gradle.internal.cxx.build.CxxRegularBuilder.build(CxxRegularBuilder.kt:129)
	at com.android.build.gradle.tasks.ExternalNativeBuildTask.doTaskAction(ExternalNativeBuildTask.kt:72)
	at com.android.build.gradle.internal.tasks.UnsafeOutputsTask$taskAction$$inlined$recordTaskAction$1.invoke(BaseTask.kt:78)
	at com.android.build.gradle.internal.tasks.Blocks.recordSpan(Blocks.java:51)
	at com.android.build.gradle.internal.tasks.UnsafeOutputsTask.taskAction(UnsafeOutputsTask.kt:81)
	at org.gradle.internal.reflect.JavaMethod.invoke(JavaMethod.java:125)
	... 160 more
Caused by: com.android.ide.common.process.ProcessException: Error while executing process /usr/local/lib/android/sdk/cmake/3.22.1/bin/ninja with arguments {-C /home/runner/work/retro-manager/retro-manager/runtime/retropack-runtime-fbneo/.cxx/Debug/1b1s4j3o/arm64-v8a retropack-runtime-fbneo}
	at com.android.build.gradle.internal.process.GradleProcessResult.buildProcessException(GradleProcessResult.java:73)
	at com.android.build.gradle.internal.process.GradleProcessResult.assertNormalExitValue(GradleProcessResult.java:48)
	at com.android.build.gradle.internal.cxx.process.ExecuteProcessKt.execute(ExecuteProcess.kt:277)
	... 172 more
Caused by: org.gradle.process.ProcessExecutionException: Process 'command '/usr/local/lib/android/sdk/cmake/3.22.1/bin/ninja'' finished with non-zero exit value 1
	at org.gradle.process.internal.DefaultExecHandle$ExecResultImpl.assertNormalExitValue(DefaultExecHandle.java:459)
	at com.android.build.gradle.internal.process.GradleProcessResult.assertNormalExitValue(GradleProcessResult.java:46)
	... 173 more


Deprecated Gradle features were used in this build, making it incompatible with Gradle 10.

You can use '--warning-mode all' to show the individual deprecation warnings and determine if they come from your own scripts or plugins.

For more on this, please refer to https://docs.gradle.org/9.5.1/userguide/command_line_interface.html#sec:command_line_warnings in the Gradle documentation.

BUILD FAILED in 7s
2 actionable tasks: 2 executed
