> Task :runtime:retropack-runtime-fbneo:preBuild UP-TO-DATE
> Task :runtime:retropack-runtime-fbneo:preDebugBuild UP-TO-DATE
> Task :runtime:retropack-runtime-fbneo:configureCMakeDebug[arm64-v8a]

> Task :runtime:retropack-runtime-fbneo:buildCMakeDebug[arm64-v8a] FAILED
C/C++: ninja: Entering directory `/home/runner/work/retro-manager/retro-manager/runtime/retropack-runtime-fbneo/.cxx/Debug/1b1s4j3o/arm64-v8a'
C/C++: : && /usr/local/lib/android/sdk/ndk/27.0.12077973/toolchains/llvm/prebuilt/linux-x86_64/bin/clang++ --target=aarch64-none-linux-android26 --sysroot=/usr/local/lib/android/sdk/ndk/27.0.12077973/toolchains/llvm/prebuilt/linux-x86_64/sysroot -fPIC -g -DANDROID -fdata-sections -ffunction-sections -funwind-tables -fstack-protector-strong -no-canonical-prefixes -D_FORTIFY_SOURCE=2 -Wformat -Werror=format-security   -fno-limit-debug-info  -static-libstdc++ -Wl,--build-id=sha1 -Wl,--no-rosegment -Wl,--no-undefined-version -Wl,--fatal-warnings -Wl,--no-undefined -Qunused-arguments  -Wl,-z,max-page-size=16384 -Wl,-z,common-page-size=16384   -Wl,-z,max-page-size=16384 -Wl,-z,common-page-size=16384 -Wl,--allow-multiple-definition -Wl,-z,muldefs -shared -Wl,-soname,libretropack-runtime-fbneo.so -o ../../../../build/intermediates/cxx/Debug/1b1s4j3o/obj/arm64-v8a/libretropack-runtime-fbneo.so CMakeFiles/retropack-runtime-fbneo.dir/src/main/cpp/fbneo-jni.cpp.o CMakeFiles/retropack-runtime-fbneo.dir/src/main/cpp/ringbuffer.c.o CMakeFiles/retropack-runtime-fbneo.dir/submodules/fbneo/src/burn/burn.cpp.o CMakeFiles/retropack-runtime-fbneo.dir/submodules/fbneo/src/burn/burn_gun.cpp.o CMakeFiles/retropack-runtime-fbneo.dir/submodules/fbneo/src/burn/burn_memory.cpp.o CMakeFiles/retropack-runtime-fbneo.dir/submodules/fbneo/src/burn/burn_sound.cpp.o CMakeFiles/retropack-runtime-fbneo.dir/submodules/fbneo/src/burn/cheat.cpp.o CMakeFiles/retropack-runtime-fbneo.dir/submodules/fbneo/src/burn/debug_track.cpp.o CMakeFiles/retropack-runtime-fbneo.dir/submodules/fbneo/src/burn/hiscore.cpp.o CMakeFiles/retropack-runtime-fbneo.dir/submodules/fbneo/src/burn/load.cpp.o CMakeFiles/retropack-runtime-fbneo.dir/submodules/fbneo/src/burn/timer.cpp.o CMakeFiles/retropack-runtime-fbneo.dir/submodules/fbneo/src/burn/burn_sha1.cpp.o CMakeFiles/retropack-runtime-fbneo.dir/submodules/fbneo/src/burner/conc.cpp.o CMakeFiles/retropack-runtime-fbneo.dir/submodules/fbneo/src/burner/dat.cpp.o CMakeFiles/retropack-runtime-fbneo.dir/submodules/fbneo/src/burner/statec.cpp.o CMakeFiles/retropack-runtime-fbneo.dir/submodules/fbneo/src/burner/zipfn.cpp.o CMakeFiles/retropack-runtime-fbneo.dir/submodules/fbneo/src/burner/nvram.cpp.o CMakeFiles/retropack-runtime-fbneo.dir/submodules/fbneo/src/burner/cdlist.cpp.o CMakeFiles/retropack-runtime-fbneo.dir/submodules/fbneo/src/burner/ioapi.c.o CMakeFiles/retropack-runtime-fbneo.dir/submodules/fbneo/src/burner/unzip.c.o CMakeFiles/retropack-runtime-fbneo.dir/submodules/fbneo/src/burn/drv/neogeo/d_neogeo.cpp.o CMakeFiles/retropack-runtime-fbneo.dir/submodules/fbneo/src/burn/drv/neogeo/neo_decrypt.cpp.o CMakeFiles/retropack-runtime-fbneo.dir/submodules/fbneo/src/burn/drv/neogeo/neo_palette.cpp.o CMakeFiles/retropack-runtime-fbneo.dir/submodules/fbneo/src/burn/drv/neogeo/neo_run.cpp.o CMakeFiles/retropack-runtime-fbneo.dir/submodules/fbneo/src/burn/drv/neogeo/neo_sprite.cpp.o CMakeFiles/retropack-runtime-fbneo.dir/submodules/fbneo/src/burn/drv/neogeo/neo_text.cpp.o CMakeFiles/retropack-runtime-fbneo.dir/submodules/fbneo/src/burn/drv/neogeo/neo_upd4990a.cpp.o CMakeFiles/retropack-runtime-fbneo.dir/submodules/fbneo/src/burn/drv/neogeo/neogeo.cpp.o CMakeFiles/retropack-runtime-fbneo.dir/submodules/fbneo/src/burn/snd/fm.c.o CMakeFiles/retropack-runtime-fbneo.dir/submodules/fbneo/src/burn/snd/ay8910.c.o CMakeFiles/retropack-runtime-fbneo.dir/submodules/fbneo/src/burn/snd/ymdeltat.c.o CMakeFiles/retropack-runtime-fbneo.dir/submodules/fbneo/src/burn/snd/burn_ym2203.cpp.o CMakeFiles/retropack-runtime-fbneo.dir/submodules/fbneo/src/burn/snd/burn_ym2608.cpp.o CMakeFiles/retropack-runtime-fbneo.dir/submodules/fbneo/src/burn/snd/burn_ym2610.cpp.o CMakeFiles/retropack-runtime-fbneo.dir/submodules/fbneo/src/burn/snd/burn_ym2612.cpp.o CMakeFiles/retropack-runtime-fbneo.dir/submodules/fbneo/src/burn/devices/joyprocess.cpp.o CMakeFiles/retropack-runtime-fbneo.dir/submodules/fbneo/src/burn/devices/resnet.cpp.o CMakeFiles/retropack-runtime-fbneo.dir/submodules/fbneo/src/cpu/m68k/m68kcpu.c.o CMakeFiles/retropack-runtime-fbneo.dir/submodules/fbneo/src/cpu/m68k/m68kops.c.o CMakeFiles/retropack-runtime-fbneo.dir/submodules/fbneo/src/cpu/m68000_intf.cpp.o CMakeFiles/retropack-runtime-fbneo.dir/submodules/fbneo/src/cpu/z80_intf.cpp.o CMakeFiles/retropack-runtime-fbneo.dir/submodules/fbneo/src/cpu/z80/z80.cpp.o CMakeFiles/retropack-runtime-fbneo.dir/submodules/fbneo/src/cpu/z80/z80ctc.cpp.o CMakeFiles/retropack-runtime-fbneo.dir/submodules/fbneo/src/cpu/z80/z80daisy.cpp.o CMakeFiles/retropack-runtime-fbneo.dir/submodules/fbneo/src/cpu/z80/z80pio.cpp.o  -lGLESv2  -lEGL  -lOpenSLES  -landroid  -llog  -lm  -lz  -latomic -lm && :
C/C++: ld.lld: error: undefined symbol: BurnDrvNeoGeoMV1
C/C++: >>> referenced by burn.cpp
C/C++: >>>               CMakeFiles/retropack-runtime-fbneo.dir/submodules/fbneo/src/burn/burn.cpp.o:(pDriver)
C/C++: >>> did you mean: BurnDrvNeoGeoMVS
C/C++: >>> defined in: CMakeFiles/retropack-runtime-fbneo.dir/submodules/fbneo/src/burn/drv/neogeo/d_neogeo.cpp.o
C/C++: ld.lld: error: undefined symbol: BurnDrvNeoGeoMV1F
C/C++: >>> referenced by burn.cpp
C/C++: >>>               CMakeFiles/retropack-runtime-fbneo.dir/submodules/fbneo/src/burn/burn.cpp.o:(pDriver)
C/C++: ld.lld: error: undefined symbol: BurnDrvNeoGeoMV1FZ
C/C++: >>> referenced by burn.cpp
C/C++: >>>               CMakeFiles/retropack-runtime-fbneo.dir/submodules/fbneo/src/burn/burn.cpp.o:(pDriver)
C/C++: ld.lld: error: undefined symbol: BurnDrvNeoGeoMV2F
C/C++: >>> referenced by burn.cpp
C/C++: >>>               CMakeFiles/retropack-runtime-fbneo.dir/submodules/fbneo/src/burn/burn.cpp.o:(pDriver)
C/C++: ld.lld: error: undefined symbol: BurnDrvNeoGeoMV4F
C/C++: >>> referenced by burn.cpp
C/C++: >>>               CMakeFiles/retropack-runtime-fbneo.dir/submodules/fbneo/src/burn/burn.cpp.o:(pDriver)
C/C++: ld.lld: error: undefined symbol: m68ki_fake_push_32
C/C++: >>> referenced by m68kcpu.h:1639 (/home/runner/work/retro-manager/retro-manager/runtime/retropack-runtime-fbneo/submodules/fbneo/src/cpu/m68k/m68kcpu.h:1639)
C/C++: >>>               CMakeFiles/retropack-runtime-fbneo.dir/submodules/fbneo/src/cpu/m68k/m68kops.c.o:(.text.m68ki_stack_frame_1000+0x18)
C/C++: >>> referenced by m68kcpu.h:1640 (/home/runner/work/retro-manager/retro-manager/runtime/retropack-runtime-fbneo/submodules/fbneo/src/cpu/m68k/m68kcpu.h:1640)
C/C++: >>>               CMakeFiles/retropack-runtime-fbneo.dir/submodules/fbneo/src/cpu/m68k/m68kops.c.o:(.text.m68ki_stack_frame_1000+0x1C)
C/C++: >>> referenced by m68kcpu.h:1641 (/home/runner/work/retro-manager/retro-manager/runtime/retropack-runtime-fbneo/submodules/fbneo/src/cpu/m68k/m68kcpu.h:1641)
C/C++: >>>               CMakeFiles/retropack-runtime-fbneo.dir/submodules/fbneo/src/cpu/m68k/m68kops.c.o:(.text.m68ki_stack_frame_1000+0x20)
C/C++: >>> referenced 13 more times
C/C++: ld.lld: error: undefined symbol: m68ki_push_16
C/C++: >>> referenced by m68kcpu.h:1649 (/home/runner/work/retro-manager/retro-manager/runtime/retropack-runtime-fbneo/submodules/fbneo/src/cpu/m68k/m68kcpu.h:1649)
C/C++: >>>               CMakeFiles/retropack-runtime-fbneo.dir/submodules/fbneo/src/cpu/m68k/m68kops.c.o:(.text.m68ki_stack_frame_1000+0x40)
C/C++: >>> referenced by m68kcpu.h:1655 (/home/runner/work/retro-manager/retro-manager/runtime/retropack-runtime-fbneo/submodules/fbneo/src/cpu/m68k/m68kcpu.h:1655)
C/C++: >>>               CMakeFiles/retropack-runtime-fbneo.dir/submodules/fbneo/src/cpu/m68k/m68kops.c.o:(.text.m68ki_stack_frame_1000+0x4C)
C/C++: >>> referenced by m68kcpu.h:1661 (/home/runner/work/retro-manager/retro-manager/runtime/retropack-runtime-fbneo/submodules/fbneo/src/cpu/m68k/m68kcpu.h:1661)
C/C++: >>>               CMakeFiles/retropack-runtime-fbneo.dir/submodules/fbneo/src/cpu/m68k/m68kops.c.o:(.text.m68ki_stack_frame_1000+0x58)
C/C++: >>> referenced 49 more times
C/C++: ld.lld: error: undefined symbol: m68ki_fake_push_16
C/C++: >>> referenced by m68kcpu.h:1652 (/home/runner/work/retro-manager/retro-manager/runtime/retropack-runtime-fbneo/submodules/fbneo/src/cpu/m68k/m68kcpu.h:1652)
C/C++: >>>               CMakeFiles/retropack-runtime-fbneo.dir/submodules/fbneo/src/cpu/m68k/m68kops.c.o:(.text.m68ki_stack_frame_1000+0x44)
C/C++: >>> referenced by m68kcpu.h:1658 (/home/runner/work/retro-manager/retro-manager/runtime/retropack-runtime-fbneo/submodules/fbneo/src/cpu/m68k/m68kcpu.h:1658)
C/C++: >>>               CMakeFiles/retropack-runtime-fbneo.dir/submodules/fbneo/src/cpu/m68k/m68kops.c.o:(.text.m68ki_stack_frame_1000+0x50)
C/C++: >>> referenced by m68kcpu.h:1664 (/home/runner/work/retro-manager/retro-manager/runtime/retropack-runtime-fbneo/submodules/fbneo/src/cpu/m68k/m68kcpu.h:1664)
C/C++: >>>               CMakeFiles/retropack-runtime-fbneo.dir/submodules/fbneo/src/cpu/m68k/m68kops.c.o:(.text.m68ki_stack_frame_1000+0x5C)
C/C++: >>> referenced 3 more times
C/C++: ld.lld: error: undefined symbol: m68ki_push_32
C/C++: >>> referenced by m68kcpu.h:1667 (/home/runner/work/retro-manager/retro-manager/runtime/retropack-runtime-fbneo/submodules/fbneo/src/cpu/m68k/m68kcpu.h:1667)
C/C++: >>>               CMakeFiles/retropack-runtime-fbneo.dir/submodules/fbneo/src/cpu/m68k/m68kops.c.o:(.text.m68ki_stack_frame_1000+0x64)
C/C++: >>> referenced by m68kcpu.h:1676 (/home/runner/work/retro-manager/retro-manager/runtime/retropack-runtime-fbneo/submodules/fbneo/src/cpu/m68k/m68kcpu.h:1676)
C/C++: >>>               CMakeFiles/retropack-runtime-fbneo.dir/submodules/fbneo/src/cpu/m68k/m68kops.c.o:(.text.m68ki_stack_frame_1000+0x84)
C/C++: >>> referenced by m68kcpu.h:1696 (/home/runner/work/retro-manager/retro-manager/runtime/retropack-runtime-fbneo/submodules/fbneo/src/cpu/m68k/m68kcpu.h:1696)
C/C++: >>>               CMakeFiles/retropack-runtime-fbneo.dir/submodules/fbneo/src/cpu/m68k/m68kops.c.o:(.text.m68ki_stack_frame_1010+0x30)
C/C++: >>> referenced 63 more times
C/C++: ld.lld: error: undefined symbol: m68ki_init_exception
C/C++: >>> referenced by m68kcpu.h:2016 (/home/runner/work/retro-manager/retro-manager/runtime/retropack-runtime-fbneo/submodules/fbneo/src/cpu/m68k/m68kcpu.h:2016)
C/C++: >>>               CMakeFiles/retropack-runtime-fbneo.dir/submodules/fbneo/src/cpu/m68k/m68kops.c.o:(.text.m68ki_exception_interrupt+0x98)
C/C++: >>> referenced by m68kcpu.h:2016 (/home/runner/work/retro-manager/retro-manager/runtime/retropack-runtime-fbneo/submodules/fbneo/src/cpu/m68k/m68kcpu.h:2016)
C/C++: >>>               CMakeFiles/retropack-runtime-fbneo.dir/submodules/fbneo/src/cpu/m68k/m68kcpu.c.o:(m68ki_exception_interrupt)
C/C++: ld.lld: error: undefined symbol: m68ki_read_32_fc
C/C++: >>> referenced by m68kcpu.h:2022 (/home/runner/work/retro-manager/retro-manager/runtime/retropack-runtime-fbneo/submodules/fbneo/src/cpu/m68k/m68kcpu.h:2022)
C/C++: >>>               CMakeFiles/retropack-runtime-fbneo.dir/submodules/fbneo/src/cpu/m68k/m68kops.c.o:(.text.m68ki_exception_interrupt+0xC8)
C/C++: >>> referenced by m68kcpu.h:2026 (/home/runner/work/retro-manager/retro-manager/runtime/retropack-runtime-fbneo/submodules/fbneo/src/cpu/m68k/m68kcpu.h:2026)
C/C++: >>>               CMakeFiles/retropack-runtime-fbneo.dir/submodules/fbneo/src/cpu/m68k/m68kops.c.o:(.text.m68ki_exception_interrupt+0xF4)
C/C++: >>> referenced by m68kcpu.h:2022 (/home/runner/work/retro-manager/retro-manager/runtime/retropack-runtime-fbneo/submodules/fbneo/src/cpu/m68k/m68kcpu.h:2022)
C/C++: >>>               CMakeFiles/retropack-runtime-fbneo.dir/submodules/fbneo/src/cpu/m68k/m68kcpu.c.o:(m68ki_exception_interrupt)
C/C++: >>> referenced 210 more times
C/C++: ld.lld: error: undefined symbol: m68ki_stack_frame_0000
C/C++: >>> referenced by m68kcpu.h:2029 (/home/runner/work/retro-manager/retro-manager/runtime/retropack-runtime-fbneo/submodules/fbneo/src/cpu/m68k/m68kcpu.h:2029)
C/C++: >>>               CMakeFiles/retropack-runtime-fbneo.dir/submodules/fbneo/src/cpu/m68k/m68kops.c.o:(.text.m68ki_exception_interrupt+0x118)
C/C++: >>> referenced by m68kcpu.h:2029 (/home/runner/work/retro-manager/retro-manager/runtime/retropack-runtime-fbneo/submodules/fbneo/src/cpu/m68k/m68kcpu.h:2029)
C/C++: >>>               CMakeFiles/retropack-runtime-fbneo.dir/submodules/fbneo/src/cpu/m68k/m68kcpu.c.o:(m68ki_exception_interrupt)
C/C++: ld.lld: error: undefined symbol: m68ki_set_sm_flag
C/C++: >>> referenced by m68kcpu.h:2033 (/home/runner/work/retro-manager/retro-manager/runtime/retropack-runtime-fbneo/submodules/fbneo/src/cpu/m68k/m68kcpu.h:2033)
C/C++: >>>               CMakeFiles/retropack-runtime-fbneo.dir/submodules/fbneo/src/cpu/m68k/m68kops.c.o:(.text.m68ki_exception_interrupt+0x154)
C/C++: >>> referenced by m68kcpu.h:2033 (/home/runner/work/retro-manager/retro-manager/runtime/retropack-runtime-fbneo/submodules/fbneo/src/cpu/m68k/m68kcpu.h:2033)
C/C++: >>>               CMakeFiles/retropack-runtime-fbneo.dir/submodules/fbneo/src/cpu/m68k/m68kcpu.c.o:(m68ki_exception_interrupt)
C/C++: >>> referenced by m68kcpu.c:1076 (/home/runner/work/retro-manager/retro-manager/runtime/retropack-runtime-fbneo/submodules/fbneo/src/cpu/m68k/m68kcpu.c:1076)
C/C++: >>>               CMakeFiles/retropack-runtime-fbneo.dir/submodules/fbneo/src/cpu/m68k/m68kcpu.c.o:(m68k_pulse_reset)
C/C++: ld.lld: error: undefined symbol: m68ki_stack_frame_0001
C/C++: >>> referenced by m68kcpu.h:2035 (/home/runner/work/retro-manager/retro-manager/runtime/retropack-runtime-fbneo/submodules/fbneo/src/cpu/m68k/m68kcpu.h:2035)
C/C++: >>>               CMakeFiles/retropack-runtime-fbneo.dir/submodules/fbneo/src/cpu/m68k/m68kops.c.o:(.text.m68ki_exception_interrupt+0x174)
C/C++: >>> referenced by m68kcpu.h:2035 (/home/runner/work/retro-manager/retro-manager/runtime/retropack-runtime-fbneo/submodules/fbneo/src/cpu/m68k/m68kcpu.h:2035)
C/C++: >>>               CMakeFiles/retropack-runtime-fbneo.dir/submodules/fbneo/src/cpu/m68k/m68kcpu.c.o:(m68ki_exception_interrupt)
C/C++: ld.lld: error: undefined symbol: m68ki_jump
C/C++: >>> referenced by m68kcpu.h:2038 (/home/runner/work/retro-manager/retro-manager/runtime/retropack-runtime-fbneo/submodules/fbneo/src/cpu/m68k/m68kcpu.h:2038)
C/C++: >>>               CMakeFiles/retropack-runtime-fbneo.dir/submodules/fbneo/src/cpu/m68k/m68kops.c.o:(.text.m68ki_exception_interrupt+0x180)
C/C++: >>> referenced by m68kcpu.h:2038 (/home/runner/work/retro-manager/retro-manager/runtime/retropack-runtime-fbneo/submodules/fbneo/src/cpu/m68k/m68kcpu.h:2038)
C/C++: >>>               CMakeFiles/retropack-runtime-fbneo.dir/submodules/fbneo/src/cpu/m68k/m68kcpu.c.o:(m68ki_exception_interrupt)
C/C++: >>> referenced by m68kcpu.c:623 (/home/runner/work/retro-manager/retro-manager/runtime/retropack-runtime-fbneo/submodules/fbneo/src/cpu/m68k/m68kcpu.c:623)
C/C++: >>>               CMakeFiles/retropack-runtime-fbneo.dir/submodules/fbneo/src/cpu/m68k/m68kcpu.c.o:(m68k_set_reg)
C/C++: >>> referenced 23 more times
C/C++: ld.lld: error: undefined symbol: m68ki_exception_illegal
C/C++: >>> referenced by m68kops.c:16468 (/home/runner/work/retro-manager/retro-manager/runtime/retropack-runtime-fbneo/submodules/fbneo/src/cpu/m68k/m68kops.c:16468)
C/C++: >>>               CMakeFiles/retropack-runtime-fbneo.dir/submodules/fbneo/src/cpu/m68k/m68kops.c.o:(m68k_op_illegal)
C/C++: >>> referenced by m68kops.c:9656 (/home/runner/work/retro-manager/retro-manager/runtime/retropack-runtime-fbneo/submodules/fbneo/src/cpu/m68k/m68kops.c:9656)
C/C++: >>>               CMakeFiles/retropack-runtime-fbneo.dir/submodules/fbneo/src/cpu/m68k/m68kops.c.o:(m68k_op_chk_32_d)
C/C++: >>> referenced by m68kops.c:9679 (/home/runner/work/retro-manager/retro-manager/runtime/retropack-runtime-fbneo/submodules/fbneo/src/cpu/m68k/m68kops.c:9679)
C/C++: >>>               CMakeFiles/retropack-runtime-fbneo.dir/submodules/fbneo/src/cpu/m68k/m68kops.c.o:(m68k_op_chk_32_ai)
C/C++: >>> referenced 280 more times
C/C++: ld.lld: error: undefined symbol: m68ki_exception_1010
C/C++: >>> referenced by m68kops.c:12 (/home/runner/work/retro-manager/retro-manager/runtime/retropack-runtime-fbneo/submodules/fbneo/src/cpu/m68k/m68kops.c:12)
C/C++: >>>               CMakeFiles/retropack-runtime-fbneo.dir/submodules/fbneo/src/cpu/m68k/m68kops.c.o:(m68k_op_1010)
C/C++: ld.lld: error: undefined symbol: m68ki_exception_1111
C/C++: >>> referenced by m68kops.c:18 (/home/runner/work/retro-manager/retro-manager/runtime/retropack-runtime-fbneo/submodules/fbneo/src/cpu/m68k/m68kops.c:18)
C/C++: >>>               CMakeFiles/retropack-runtime-fbneo.dir/submodules/fbneo/src/cpu/m68k/m68kops.c.o:(m68k_op_1111)
C/C++: >>> referenced by m68kops.c:12183 (/home/runner/work/retro-manager/retro-manager/runtime/retropack-runtime-fbneo/submodules/fbneo/src/cpu/m68k/m68kops.c:12183)
C/C++: >>>               CMakeFiles/retropack-runtime-fbneo.dir/submodules/fbneo/src/cpu/m68k/m68kops.c.o:(m68k_op_cpbcc_32)
C/C++: >>> referenced by m68kops.c:12209 (/home/runner/work/retro-manager/retro-manager/runtime/retropack-runtime-fbneo/submodules/fbneo/src/cpu/m68k/m68kops.c:12209)
C/C++: >>>               CMakeFiles/retropack-runtime-fbneo.dir/submodules/fbneo/src/cpu/m68k/m68kops.c.o:(m68k_op_cpgen_32)
C/C++: >>> referenced 5 more times
C/C++: ld.lld: error: undefined symbol: m68ki_branch_8
C/C++: >>> referenced by m68kops.c:8082 (/home/runner/work/retro-manager/retro-manager/runtime/retropack-runtime-fbneo/submodules/fbneo/src/cpu/m68k/m68kops.c:8082)
C/C++: >>>               CMakeFiles/retropack-runtime-fbneo.dir/submodules/fbneo/src/cpu/m68k/m68kops.c.o:(m68k_op_bra_8)
C/C++: >>> referenced by m68kops.c:8343 (/home/runner/work/retro-manager/retro-manager/runtime/retropack-runtime-fbneo/submodules/fbneo/src/cpu/m68k/m68kops.c:8343)
C/C++: >>>               CMakeFiles/retropack-runtime-fbneo.dir/submodules/fbneo/src/cpu/m68k/m68kops.c.o:(m68k_op_bsr_8)
C/C++: >>> referenced by m68kops.c:4070 (/home/runner/work/retro-manager/retro-manager/runtime/retropack-runtime-fbneo/submodules/fbneo/src/cpu/m68k/m68kops.c:4070)
C/C++: >>>               CMakeFiles/retropack-runtime-fbneo.dir/submodules/fbneo/src/cpu/m68k/m68kops.c.o:(m68k_op_bhi_8)
C/C++: >>> referenced 29 more times
C/C++: ld.lld: error: undefined symbol: m68ki_read_imm_16
C/C++: >>> referenced by m68kops.c:23148 (/home/runner/work/retro-manager/retro-manager/runtime/retropack-runtime-fbneo/submodules/fbneo/src/cpu/m68k/m68kops.c:23148)
C/C++: >>>               CMakeFiles/retropack-runtime-fbneo.dir/submodules/fbneo/src/cpu/m68k/m68kops.c.o:(m68k_op_movep_16_er)
C/C++: >>> referenced by m68kfpu.c:753 (/home/runner/work/retro-manager/retro-manager/runtime/retropack-runtime-fbneo/submodules/fbneo/src/cpu/m68k/m68kfpu.c:753)
C/C++: >>>               CMakeFiles/retropack-runtime-fbneo.dir/submodules/fbneo/src/cpu/m68k/m68kcpu.c.o:(m68040_fpu_op0)
C/C++: >>> referenced by m68kops.c:23157 (/home/runner/work/retro-manager/retro-manager/runtime/retropack-runtime-fbneo/submodules/fbneo/src/cpu/m68k/m68kops.c:23157)
C/C++: >>>               CMakeFiles/retropack-runtime-fbneo.dir/submodules/fbneo/src/cpu/m68k/m68kops.c.o:(m68k_op_movep_32_er)
C/C++: >>> referenced 734 more times
C/C++: ld.lld: error: too many errors emitted, stopping now (use --error-limit=0 to see all errors)
C/C++: clang++: error: linker command failed with exit code 1 (use -v to see invocation)
C/C++: ninja: build stopped: subcommand failed.
gradle/actions: Writing build results to /home/runner/work/_temp/.gradle-actions/build-results/__run_4-1790586285593.json

[Incubating] Problems report is available at: file:///home/runner/work/retro-manager/retro-manager/build/reports/problems/problems-report.html

FAILURE: Build failed with an exception.

* What went wrong:
Execution failed for task ':runtime:retropack-runtime-fbneo:buildCMakeDebug[arm64-v8a]' (registered by plugin 'com.android.internal.library').
> com.android.ide.common.process.ProcessException: ninja: Entering directory `/home/runner/work/retro-manager/retro-manager/runtime/retropack-runtime-fbneo/.cxx/Debug/1b1s4j3o/arm64-v8a'
  [1/46] Building C object CMakeFiles/retropack-runtime-fbneo.dir/src/main/cpp/ringbuffer.c.o
  [2/46] Building CXX object CMakeFiles/retropack-runtime-fbneo.dir/submodules/fbneo/src/burn/burn_memory.cpp.o
  [3/46] Building CXX object CMakeFiles/retropack-runtime-fbneo.dir/submodules/fbneo/src/burn/burn_sound.cpp.o
  [4/46] Building CXX object CMakeFiles/retropack-runtime-fbneo.dir/submodules/fbneo/src/burn/burn_gun.cpp.o
  [5/46] Building CXX object CMakeFiles/retropack-runtime-fbneo.dir/submodules/fbneo/src/burn/burn.cpp.o
  [6/46] Building CXX object CMakeFiles/retropack-runtime-fbneo.dir/src/main/cpp/fbneo-jni.cpp.o
  [7/46] Building CXX object CMakeFiles/retropack-runtime-fbneo.dir/submodules/fbneo/src/burn/debug_track.cpp.o
  [8/46] Building CXX object CMakeFiles/retropack-runtime-fbneo.dir/submodules/fbneo/src/burn/burn_sha1.cpp.o
  [9/46] Building CXX object CMakeFiles/retropack-runtime-fbneo.dir/submodules/fbneo/src/burn/hiscore.cpp.o
  [10/46] Building CXX object CMakeFiles/retropack-runtime-fbneo.dir/submodules/fbneo/src/burn/timer.cpp.o
  [11/46] Building CXX object CMakeFiles/retropack-runtime-fbneo.dir/submodules/fbneo/src/burn/load.cpp.o
  [12/46] Building CXX object CMakeFiles/retropack-runtime-fbneo.dir/submodules/fbneo/src/burn/cheat.cpp.o
  [13/46] Building CXX object CMakeFiles/retropack-runtime-fbneo.dir/submodules/fbneo/src/burner/statec.cpp.o
  [14/46] Building CXX object CMakeFiles/retropack-runtime-fbneo.dir/submodules/fbneo/src/burner/zipfn.cpp.o
  [15/46] Building CXX object CMakeFiles/retropack-runtime-fbneo.dir/submodules/fbneo/src/burner/nvram.cpp.o
  [16/46] Building C object CMakeFiles/retropack-runtime-fbneo.dir/submodules/fbneo/src/burner/ioapi.c.o
  [17/46] Building CXX object CMakeFiles/retropack-runtime-fbneo.dir/submodules/fbneo/src/burner/cdlist.cpp.o
  [18/46] Building CXX object CMakeFiles/retropack-runtime-fbneo.dir/submodules/fbneo/src/burn/drv/neogeo/neo_decrypt.cpp.o
  [19/46] Building CXX object CMakeFiles/retropack-runtime-fbneo.dir/submodules/fbneo/src/burner/conc.cpp.o
  [20/46] Building C object CMakeFiles/retropack-runtime-fbneo.dir/submodules/fbneo/src/burner/unzip.c.o
  [21/46] Building CXX object CMakeFiles/retropack-runtime-fbneo.dir/submodules/fbneo/src/burn/drv/neogeo/neo_palette.cpp.o
  [22/46] Building CXX object CMakeFiles/retropack-runtime-fbneo.dir/submodules/fbneo/src/burner/dat.cpp.o
  [23/46] Building CXX object CMakeFiles/retropack-runtime-fbneo.dir/submodules/fbneo/src/burn/drv/neogeo/neo_upd4990a.cpp.o
  [24/46] Building C object CMakeFiles/retropack-runtime-fbneo.dir/submodules/fbneo/src/burn/snd/ymdeltat.c.o
  [25/46] Building CXX object CMakeFiles/retropack-runtime-fbneo.dir/submodules/fbneo/src/burn/drv/neogeo/neo_text.cpp.o
  [26/46] Building C object CMakeFiles/retropack-runtime-fbneo.dir/submodules/fbneo/src/burn/snd/ay8910.c.o
  [27/46] Building CXX object CMakeFiles/retropack-runtime-fbneo.dir/submodules/fbneo/src/burn/drv/neogeo/neo_run.cpp.o
  [28/46] Building CXX object CMakeFiles/retropack-runtime-fbneo.dir/submodules/fbneo/src/burn/drv/neogeo/neogeo.cpp.o
  [29/46] Building C object CMakeFiles/retropack-runtime-fbneo.dir/submodules/fbneo/src/burn/snd/fm.c.o
  [30/46] Building CXX object CMakeFiles/retropack-runtime-fbneo.dir/submodules/fbneo/src/burn/snd/burn_ym2610.cpp.o
  [31/46] Building CXX object CMakeFiles/retropack-runtime-fbneo.dir/submodules/fbneo/src/burn/snd/burn_ym2608.cpp.o
  [32/46] Building CXX object CMakeFiles/retropack-runtime-fbneo.dir/submodules/fbneo/src/burn/devices/joyprocess.cpp.o
  [33/46] Building CXX object CMakeFiles/retropack-runtime-fbneo.dir/submodules/fbneo/src/burn/snd/burn_ym2612.cpp.o
  [34/46] Building CXX object CMakeFiles/retropack-runtime-fbneo.dir/submodules/fbneo/src/burn/snd/burn_ym2203.cpp.o
  [35/46] Building C object CMakeFiles/retropack-runtime-fbneo.dir/submodules/fbneo/src/cpu/m68k/m68kcpu.c.o
  [36/46] Building CXX object CMakeFiles/retropack-runtime-fbneo.dir/submodules/fbneo/src/burn/devices/resnet.cpp.o
  [37/46] Building CXX object CMakeFiles/retropack-runtime-fbneo.dir/submodules/fbneo/src/cpu/z80/z80ctc.cpp.o
  [38/46] Building CXX object CMakeFiles/retropack-runtime-fbneo.dir/submodules/fbneo/src/cpu/z80_intf.cpp.o
  [39/46] Building CXX object CMakeFiles/retropack-runtime-fbneo.dir/submodules/fbneo/src/cpu/m68000_intf.cpp.o
  [40/46] Building CXX object CMakeFiles/retropack-runtime-fbneo.dir/submodules/fbneo/src/cpu/z80/z80daisy.cpp.o
  [41/46] Building CXX object CMakeFiles/retropack-runtime-fbneo.dir/submodules/fbneo/src/cpu/z80/z80pio.cpp.o
  [42/46] Building CXX object CMakeFiles/retropack-runtime-fbneo.dir/submodules/fbneo/src/burn/drv/neogeo/neo_sprite.cpp.o
  [43/46] Building CXX object CMakeFiles/retropack-runtime-fbneo.dir/submodules/fbneo/src/cpu/z80/z80.cpp.o
  [44/46] Building C object CMakeFiles/retropack-runtime-fbneo.dir/submodules/fbneo/src/cpu/m68k/m68kops.c.o
  [45/46] Building CXX object CMakeFiles/retropack-runtime-fbneo.dir/submodules/fbneo/src/burn/drv/neogeo/d_neogeo.cpp.o
  [46/46] Linking CXX shared library ../../../../build/intermediates/cxx/Debug/1b1s4j3o/obj/arm64-v8a/libretropack-runtime-fbneo.so
  FAILED: ../../../../build/intermediates/cxx/Debug/1b1s4j3o/obj/arm64-v8a/libretropack-runtime-fbneo.so 
  : && /usr/local/lib/android/sdk/ndk/27.0.12077973/toolchains/llvm/prebuilt/linux-x86_64/bin/clang++ --target=aarch64-none-linux-android26 --sysroot=/usr/local/lib/android/sdk/ndk/27.0.12077973/toolchains/llvm/prebuilt/linux-x86_64/sysroot -fPIC -g -DANDROID -fdata-sections -ffunction-sections -funwind-tables -fstack-protector-strong -no-canonical-prefixes -D_FORTIFY_SOURCE=2 -Wformat -Werror=format-security   -fno-limit-debug-info  -static-libstdc++ -Wl,--build-id=sha1 -Wl,--no-rosegment -Wl,--no-undefined-version -Wl,--fatal-warnings -Wl,--no-undefined -Qunused-arguments  -Wl,-z,max-page-size=16384 -Wl,-z,common-page-size=16384   -Wl,-z,max-page-size=16384 -Wl,-z,common-page-size=16384 -Wl,--allow-multiple-definition -Wl,-z,muldefs -shared -Wl,-soname,libretropack-runtime-fbneo.so -o ../../../../build/intermediates/cxx/Debug/1b1s4j3o/obj/arm64-v8a/libretropack-runtime-fbneo.so CMakeFiles/retropack-runtime-fbneo.dir/src/main/cpp/fbneo-jni.cpp.o CMakeFiles/retropack-runtime-fbneo.dir/src/main/cpp/ringbuffer.c.o CMakeFiles/retropack-runtime-fbneo.dir/submodules/fbneo/src/burn/burn.cpp.o CMakeFiles/retropack-runtime-fbneo.dir/submodules/fbneo/src/burn/burn_gun.cpp.o CMakeFiles/retropack-runtime-fbneo.dir/submodules/fbneo/src/burn/burn_memory.cpp.o CMakeFiles/retropack-runtime-fbneo.dir/submodules/fbneo/src/burn/burn_sound.cpp.o CMakeFiles/retropack-runtime-fbneo.dir/submodules/fbneo/src/burn/cheat.cpp.o CMakeFiles/retropack-runtime-fbneo.dir/submodules/fbneo/src/burn/debug_track.cpp.o CMakeFiles/retropack-runtime-fbneo.dir/submodules/fbneo/src/burn/hiscore.cpp.o CMakeFiles/retropack-runtime-fbneo.dir/submodules/fbneo/src/burn/load.cpp.o CMakeFiles/retropack-runtime-fbneo.dir/submodules/fbneo/src/burn/timer.cpp.o CMakeFiles/retropack-runtime-fbneo.dir/submodules/fbneo/src/burn/burn_sha1.cpp.o CMakeFiles/retropack-runtime-fbneo.dir/submodules/fbneo/src/burner/conc.cpp.o CMakeFiles/retropack-runtime-fbneo.dir/submodules/fbneo/src/burner/dat.cpp.o CMakeFiles/retropack-runtime-fbneo.dir/submodules/fbneo/src/burner/statec.cpp.o CMakeFiles/retropack-runtime-fbneo.dir/submodules/fbneo/src/burner/zipfn.cpp.o CMakeFiles/retropack-runtime-fbneo.dir/submodules/fbneo/src/burner/nvram.cpp.o CMakeFiles/retropack-runtime-fbneo.dir/submodules/fbneo/src/burner/cdlist.cpp.o CMakeFiles/retropack-runtime-fbneo.dir/submodules/fbneo/src/burner/ioapi.c.o CMakeFiles/retropack-runtime-fbneo.dir/submodules/fbneo/src/burner/unzip.c.o CMakeFiles/retropack-runtime-fbneo.dir/submodules/fbneo/src/burn/drv/neogeo/d_neogeo.cpp.o CMakeFiles/retropack-runtime-fbneo.dir/submodules/fbneo/src/burn/drv/neogeo/neo_decrypt.cpp.o CMakeFiles/retropack-runtime-fbneo.dir/submodules/fbneo/src/burn/drv/neogeo/neo_palette.cpp.o CMakeFiles/retropack-runtime-fbneo.dir/submodules/fbneo/src/burn/drv/neogeo/neo_run.cpp.o CMakeFiles/retropack-runtime-fbneo.dir/submodules/fbneo/src/burn/drv/neogeo/neo_sprite.cpp.o CMakeFiles/retropack-runtime-fbneo.dir/submodules/fbneo/src/burn/drv/neogeo/neo_text.cpp.o CMakeFiles/retropack-runtime-fbneo.dir/submodules/fbneo/src/burn/drv/neogeo/neo_upd4990a.cpp.o CMakeFiles/retropack-runtime-fbneo.dir/submodules/fbneo/src/burn/drv/neogeo/neogeo.cpp.o CMakeFiles/retropack-runtime-fbneo.dir/submodules/fbneo/src/burn/snd/fm.c.o CMakeFiles/retropack-runtime-fbneo.dir/submodules/fbneo/src/burn/snd/ay8910.c.o CMakeFiles/retropack-runtime-fbneo.dir/submodules/fbneo/src/burn/snd/ymdeltat.c.o CMakeFiles/retropack-runtime-fbneo.dir/submodules/fbneo/src/burn/snd/burn_ym2203.cpp.o CMakeFiles/retropack-runtime-fbneo.dir/submodules/fbneo/src/burn/snd/burn_ym2608.cpp.o CMakeFiles/retropack-runtime-fbneo.dir/submodules/fbneo/src/burn/snd/burn_ym2610.cpp.o CMakeFiles/retropack-runtime-fbneo.dir/submodules/fbneo/src/burn/snd/burn_ym2612.cpp.o CMakeFiles/retropack-runtime-fbneo.dir/submodules/fbneo/src/burn/devices/joyprocess.cpp.o CMakeFiles/retropack-runtime-fbneo.dir/submodules/fbneo/src/burn/devices/resnet.cpp.o CMakeFiles/retropack-runtime-fbneo.dir/submodules/fbneo/src/cpu/m68k/m68kcpu.c.o CMakeFiles/retropack-runtime-fbneo.dir/submodules/fbneo/src/cpu/m68k/m68kops.c.o CMakeFiles/retropack-runtime-fbneo.dir/submodules/fbneo/src/cpu/m68000_intf.cpp.o CMakeFiles/retropack-runtime-fbneo.dir/submodules/fbneo/src/cpu/z80_intf.cpp.o CMakeFiles/retropack-runtime-fbneo.dir/submodules/fbneo/src/cpu/z80/z80.cpp.o CMakeFiles/retropack-runtime-fbneo.dir/submodules/fbneo/src/cpu/z80/z80ctc.cpp.o CMakeFiles/retropack-runtime-fbneo.dir/submodules/fbneo/src/cpu/z80/z80daisy.cpp.o CMakeFiles/retropack-runtime-fbneo.dir/submodules/fbneo/src/cpu/z80/z80pio.cpp.o  -lGLESv2  -lEGL  -lOpenSLES  -landroid  -llog  -lm  -lz  -latomic -lm && :
  ld.lld: error: undefined symbol: BurnDrvNeoGeoMV1
  >>> referenced by burn.cpp
  >>>               CMakeFiles/retropack-runtime-fbneo.dir/submodules/fbneo/src/burn/burn.cpp.o:(pDriver)
  >>> did you mean: BurnDrvNeoGeoMVS
  >>> defined in: CMakeFiles/retropack-runtime-fbneo.dir/submodules/fbneo/src/burn/drv/neogeo/d_neogeo.cpp.o
  
  ld.lld: error: undefined symbol: BurnDrvNeoGeoMV1F
  >>> referenced by burn.cpp
  >>>               CMakeFiles/retropack-runtime-fbneo.dir/submodules/fbneo/src/burn/burn.cpp.o:(pDriver)
  
  ld.lld: error: undefined symbol: BurnDrvNeoGeoMV1FZ
  >>> referenced by burn.cpp
  >>>               CMakeFiles/retropack-runtime-fbneo.dir/submodules/fbneo/src/burn/burn.cpp.o:(pDriver)
  
  ld.lld: error: undefined symbol: BurnDrvNeoGeoMV2F
  >>> referenced by burn.cpp
  >>>               CMakeFiles/retropack-runtime-fbneo.dir/submodules/fbneo/src/burn/burn.cpp.o:(pDriver)
  
  ld.lld: error: undefined symbol: BurnDrvNeoGeoMV4F
  >>> referenced by burn.cpp
  >>>               CMakeFiles/retropack-runtime-fbneo.dir/submodules/fbneo/src/burn/burn.cpp.o:(pDriver)
  
  ld.lld: error: undefined symbol: m68ki_fake_push_32
  >>> referenced by m68kcpu.h:1639 (/home/runner/work/retro-manager/retro-manager/runtime/retropack-runtime-fbneo/submodules/fbneo/src/cpu/m68k/m68kcpu.h:1639)
  >>>               CMakeFiles/retropack-runtime-fbneo.dir/submodules/fbneo/src/cpu/m68k/m68kops.c.o:(.text.m68ki_stack_frame_1000+0x18)
  >>> referenced by m68kcpu.h:1640 (/home/runner/work/retro-manager/retro-manager/runtime/retropack-runtime-fbneo/submodules/fbneo/src/cpu/m68k/m68kcpu.h:1640)
  >>>               CMakeFiles/retropack-runtime-fbneo.dir/submodules/fbneo/src/cpu/m68k/m68kops.c.o:(.text.m68ki_stack_frame_1000+0x1C)
  >>> referenced by m68kcpu.h:1641 (/home/runner/work/retro-manager/retro-manager/runtime/retropack-runtime-fbneo/submodules/fbneo/src/cpu/m68k/m68kcpu.h:1641)
  >>>               CMakeFiles/retropack-runtime-fbneo.dir/submodules/fbneo/src/cpu/m68k/m68kops.c.o:(.text.m68ki_stack_frame_1000+0x20)
  >>> referenced 13 more times
  
  ld.lld: error: undefined symbol: m68ki_push_16
  >>> referenced by m68kcpu.h:1649 (/home/runner/work/retro-manager/retro-manager/runtime/retropack-runtime-fbneo/submodules/fbneo/src/cpu/m68k/m68kcpu.h:1649)
  >>>               CMakeFiles/retropack-runtime-fbneo.dir/submodules/fbneo/src/cpu/m68k/m68kops.c.o:(.text.m68ki_stack_frame_1000+0x40)
  >>> referenced by m68kcpu.h:1655 (/home/runner/work/retro-manager/retro-manager/runtime/retropack-runtime-fbneo/submodules/fbneo/src/cpu/m68k/m68kcpu.h:1655)
  >>>               CMakeFiles/retropack-runtime-fbneo.dir/submodules/fbneo/src/cpu/m68k/m68kops.c.o:(.text.m68ki_stack_frame_1000+0x4C)
  >>> referenced by m68kcpu.h:1661 (/home/runner/work/retro-manager/retro-manager/runtime/retropack-runtime-fbneo/submodules/fbneo/src/cpu/m68k/m68kcpu.h:1661)
  >>>               CMakeFiles/retropack-runtime-fbneo.dir/submodules/fbneo/src/cpu/m68k/m68kops.c.o:(.text.m68ki_stack_frame_1000+0x58)
  >>> referenced 49 more times
  
  ld.lld: error: undefined symbol: m68ki_fake_push_16
  >>> referenced by m68kcpu.h:1652 (/home/runner/work/retro-manager/retro-manager/runtime/retropack-runtime-fbneo/submodules/fbneo/src/cpu/m68k/m68kcpu.h:1652)
  >>>               CMakeFiles/retropack-runtime-fbneo.dir/submodules/fbneo/src/cpu/m68k/m68kops.c.o:(.text.m68ki_stack_frame_1000+0x44)
  >>> referenced by m68kcpu.h:1658 (/home/runner/work/retro-manager/retro-manager/runtime/retropack-runtime-fbneo/submodules/fbneo/src/cpu/m68k/m68kcpu.h:1658)
  >>>               CMakeFiles/retropack-runtime-fbneo.dir/submodules/fbneo/src/cpu/m68k/m68kops.c.o:(.text.m68ki_stack_frame_1000+0x50)
  >>> referenced by m68kcpu.h:1664 (/home/runner/work/retro-manager/retro-manager/runtime/retropack-runtime-fbneo/submodules/fbneo/src/cpu/m68k/m68kcpu.h:1664)
  >>>               CMakeFiles/retropack-runtime-fbneo.dir/submodules/fbneo/src/cpu/m68k/m68kops.c.o:(.text.m68ki_stack_frame_1000+0x5C)
  >>> referenced 3 more times
  
  ld.lld: error: undefined symbol: m68ki_push_32
  >>> referenced by m68kcpu.h:1667 (/home/runner/work/retro-manager/retro-manager/runtime/retropack-runtime-fbneo/submodules/fbneo/src/cpu/m68k/m68kcpu.h:1667)
  >>>               CMakeFiles/retropack-runtime-fbneo.dir/submodules/fbneo/src/cpu/m68k/m68kops.c.o:(.text.m68ki_stack_frame_1000+0x64)
  >>> referenced by m68kcpu.h:1676 (/home/runner/work/retro-manager/retro-manager/runtime/retropack-runtime-fbneo/submodules/fbneo/src/cpu/m68k/m68kcpu.h:1676)
  >>>               CMakeFiles/retropack-runtime-fbneo.dir/submodules/fbneo/src/cpu/m68k/m68kops.c.o:(.text.m68ki_stack_frame_1000+0x84)
  >>> referenced by m68kcpu.h:1696 (/home/runner/work/retro-manager/retro-manager/runtime/retropack-runtime-fbneo/submodules/fbneo/src/cpu/m68k/m68kcpu.h:1696)
  >>>               CMakeFiles/retropack-runtime-fbneo.dir/submodules/fbneo/src/cpu/m68k/m68kops.c.o:(.text.m68ki_stack_frame_1010+0x30)
  >>> referenced 63 more times
  
  ld.lld: error: undefined symbol: m68ki_init_exception
  >>> referenced by m68kcpu.h:2016 (/home/runner/work/retro-manager/retro-manager/runtime/retropack-runtime-fbneo/submodules/fbneo/src/cpu/m68k/m68kcpu.h:2016)
  >>>               CMakeFiles/retropack-runtime-fbneo.dir/submodules/fbneo/src/cpu/m68k/m68kops.c.o:(.text.m68ki_exception_interrupt+0x98)
  >>> referenced by m68kcpu.h:2016 (/home/runner/work/retro-manager/retro-manager/runtime/retropack-runtime-fbneo/submodules/fbneo/src/cpu/m68k/m68kcpu.h:2016)
  >>>               CMakeFiles/retropack-runtime-fbneo.dir/submodules/fbneo/src/cpu/m68k/m68kcpu.c.o:(m68ki_exception_interrupt)
  
  ld.lld: error: undefined symbol: m68ki_read_32_fc
  >>> referenced by m68kcpu.h:2022 (/home/runner/work/retro-manager/retro-manager/runtime/retropack-runtime-fbneo/submodules/fbneo/src/cpu/m68k/m68kcpu.h:2022)
  >>>               CMakeFiles/retropack-runtime-fbneo.dir/submodules/fbneo/src/cpu/m68k/m68kops.c.o:(.text.m68ki_exception_interrupt+0xC8)
  >>> referenced by m68kcpu.h:2026 (/home/runner/work/retro-manager/retro-manager/runtime/retropack-runtime-fbneo/submodules/fbneo/src/cpu/m68k/m68kcpu.h:2026)
  >>>               CMakeFiles/retropack-runtime-fbneo.dir/submodules/fbneo/src/cpu/m68k/m68kops.c.o:(.text.m68ki_exception_interrupt+0xF4)
  >>> referenced by m68kcpu.h:2022 (/home/runner/work/retro-manager/retro-manager/runtime/retropack-runtime-fbneo/submodules/fbneo/src/cpu/m68k/m68kcpu.h:2022)
  >>>               CMakeFiles/retropack-runtime-fbneo.dir/submodules/fbneo/src/cpu/m68k/m68kcpu.c.o:(m68ki_exception_interrupt)
  >>> referenced 210 more times
  
  ld.lld: error: undefined symbol: m68ki_stack_frame_0000
  >>> referenced by m68kcpu.h:2029 (/home/runner/work/retro-manager/retro-manager/runtime/retropack-runtime-fbneo/submodules/fbneo/src/cpu/m68k/m68kcpu.h:2029)
  >>>               CMakeFiles/retropack-runtime-fbneo.dir/submodules/fbneo/src/cpu/m68k/m68kops.c.o:(.text.m68ki_exception_interrupt+0x118)
  >>> referenced by m68kcpu.h:2029 (/home/runner/work/retro-manager/retro-manager/runtime/retropack-runtime-fbneo/submodules/fbneo/src/cpu/m68k/m68kcpu.h:2029)
  >>>               CMakeFiles/retropack-runtime-fbneo.dir/submodules/fbneo/src/cpu/m68k/m68kcpu.c.o:(m68ki_exception_interrupt)
  
  ld.lld: error: undefined symbol: m68ki_set_sm_flag
  >>> referenced by m68kcpu.h:2033 (/home/runner/work/retro-manager/retro-manager/runtime/retropack-runtime-fbneo/submodules/fbneo/src/cpu/m68k/m68kcpu.h:2033)
  >>>               CMakeFiles/retropack-runtime-fbneo.dir/submodules/fbneo/src/cpu/m68k/m68kops.c.o:(.text.m68ki_exception_interrupt+0x154)
  >>> referenced by m68kcpu.h:2033 (/home/runner/work/retro-manager/retro-manager/runtime/retropack-runtime-fbneo/submodules/fbneo/src/cpu/m68k/m68kcpu.h:2033)
  >>>               CMakeFiles/retropack-runtime-fbneo.dir/submodules/fbneo/src/cpu/m68k/m68kcpu.c.o:(m68ki_exception_interrupt)
  >>> referenced by m68kcpu.c:1076 (/home/runner/work/retro-manager/retro-manager/runtime/retropack-runtime-fbneo/submodules/fbneo/src/cpu/m68k/m68kcpu.c:1076)
  >>>               CMakeFiles/retropack-runtime-fbneo.dir/submodules/fbneo/src/cpu/m68k/m68kcpu.c.o:(m68k_pulse_reset)
  
  ld.lld: error: undefined symbol: m68ki_stack_frame_0001
  >>> referenced by m68kcpu.h:2035 (/home/runner/work/retro-manager/retro-manager/runtime/retropack-runtime-fbneo/submodules/fbneo/src/cpu/m68k/m68kcpu.h:2035)
  >>>               CMakeFiles/retropack-runtime-fbneo.dir/submodules/fbneo/src/cpu/m68k/m68kops.c.o:(.text.m68ki_exception_interrupt+0x174)
  >>> referenced by m68kcpu.h:2035 (/home/runner/work/retro-manager/retro-manager/runtime/retropack-runtime-fbneo/submodules/fbneo/src/cpu/m68k/m68kcpu.h:2035)
  >>>               CMakeFiles/retropack-runtime-fbneo.dir/submodules/fbneo/src/cpu/m68k/m68kcpu.c.o:(m68ki_exception_interrupt)
  
  ld.lld: error: undefined symbol: m68ki_jump
  >>> referenced by m68kcpu.h:2038 (/home/runner/work/retro-manager/retro-manager/runtime/retropack-runtime-fbneo/submodules/fbneo/src/cpu/m68k/m68kcpu.h:2038)
  >>>               CMakeFiles/retropack-runtime-fbneo.dir/submodules/fbneo/src/cpu/m68k/m68kops.c.o:(.text.m68ki_exception_interrupt+0x180)
  >>> referenced by m68kcpu.h:2038 (/home/runner/work/retro-manager/retro-manager/runtime/retropack-runtime-fbneo/submodules/fbneo/src/cpu/m68k/m68kcpu.h:2038)
  >>>               CMakeFiles/retropack-runtime-fbneo.dir/submodules/fbneo/src/cpu/m68k/m68kcpu.c.o:(m68ki_exception_interrupt)
  >>> referenced by m68kcpu.c:623 (/home/runner/work/retro-manager/retro-manager/runtime/retropack-runtime-fbneo/submodules/fbneo/src/cpu/m68k/m68kcpu.c:623)
  >>>               CMakeFiles/retropack-runtime-fbneo.dir/submodules/fbneo/src/cpu/m68k/m68kcpu.c.o:(m68k_set_reg)
  >>> referenced 23 more times
  
  ld.lld: error: undefined symbol: m68ki_exception_illegal
  >>> referenced by m68kops.c:16468 (/home/runner/work/retro-manager/retro-manager/runtime/retropack-runtime-fbneo/submodules/fbneo/src/cpu/m68k/m68kops.c:16468)
  >>>               CMakeFiles/retropack-runtime-fbneo.dir/submodules/fbneo/src/cpu/m68k/m68kops.c.o:(m68k_op_illegal)
  >>> referenced by m68kops.c:9656 (/home/runner/work/retro-manager/retro-manager/runtime/retropack-runtime-fbneo/submodules/fbneo/src/cpu/m68k/m68kops.c:9656)
  >>>               CMakeFiles/retropack-runtime-fbneo.dir/submodules/fbneo/src/cpu/m68k/m68kops.c.o:(m68k_op_chk_32_d)
  >>> referenced by m68kops.c:9679 (/home/runner/work/retro-manager/retro-manager/runtime/retropack-runtime-fbneo/submodules/fbneo/src/cpu/m68k/m68kops.c:9679)
  >>>               CMakeFiles/retropack-runtime-fbneo.dir/submodules/fbneo/src/cpu/m68k/m68kops.c.o:(m68k_op_chk_32_ai)
  >>> referenced 280 more times
  
  ld.lld: error: undefined symbol: m68ki_exception_1010
  >>> referenced by m68kops.c:12 (/home/runner/work/retro-manager/retro-manager/runtime/retropack-runtime-fbneo/submodules/fbneo/src/cpu/m68k/m68kops.c:12)
  >>>               CMakeFiles/retropack-runtime-fbneo.dir/submodules/fbneo/src/cpu/m68k/m68kops.c.o:(m68k_op_1010)
  
  ld.lld: error: undefined symbol: m68ki_exception_1111
  >>> referenced by m68kops.c:18 (/home/runner/work/retro-manager/retro-manager/runtime/retropack-runtime-fbneo/submodules/fbneo/src/cpu/m68k/m68kops.c:18)
  >>>               CMakeFiles/retropack-runtime-fbneo.dir/submodules/fbneo/src/cpu/m68k/m68kops.c.o:(m68k_op_1111)
  >>> referenced by m68kops.c:12183 (/home/runner/work/retro-manager/retro-manager/runtime/retropack-runtime-fbneo/submodules/fbneo/src/cpu/m68k/m68kops.c:12183)
  >>>               CMakeFiles/retropack-runtime-fbneo.dir/submodules/fbneo/src/cpu/m68k/m68kops.c.o:(m68k_op_cpbcc_32)
  >>> referenced by m68kops.c:12209 (/home/runner/work/retro-manager/retro-manager/runtime/retropack-runtime-fbneo/submodules/fbneo/src/cpu/m68k/m68kops.c:12209)
  >>>               CMakeFiles/retropack-runtime-fbneo.dir/submodules/fbneo/src/cpu/m68k/m68kops.c.o:(m68k_op_cpgen_32)
  >>> referenced 5 more times
  
  ld.lld: error: undefined symbol: m68ki_branch_8
  >>> referenced by m68kops.c:8082 (/home/runner/work/retro-manager/retro-manager/runtime/retropack-runtime-fbneo/submodules/fbneo/src/cpu/m68k/m68kops.c:8082)
  >>>               CMakeFiles/retropack-runtime-fbneo.dir/submodules/fbneo/src/cpu/m68k/m68kops.c.o:(m68k_op_bra_8)
  >>> referenced by m68kops.c:8343 (/home/runner/work/retro-manager/retro-manager/runtime/retropack-runtime-fbneo/submodules/fbneo/src/cpu/m68k/m68kops.c:8343)
  >>>               CMakeFiles/retropack-runtime-fbneo.dir/submodules/fbneo/src/cpu/m68k/m68kops.c.o:(m68k_op_bsr_8)
  >>> referenced by m68kops.c:4070 (/home/runner/work/retro-manager/retro-manager/runtime/retropack-runtime-fbneo/submodules/fbneo/src/cpu/m68k/m68kops.c:4070)
  >>>               CMakeFiles/retropack-runtime-fbneo.dir/submodules/fbneo/src/cpu/m68k/m68kops.c.o:(m68k_op_bhi_8)
  >>> referenced 29 more times
  
  ld.lld: error: undefined symbol: m68ki_read_imm_16
  >>> referenced by m68kops.c:23148 (/home/runner/work/retro-manager/retro-manager/runtime/retropack-runtime-fbneo/submodules/fbneo/src/cpu/m68k/m68kops.c:23148)
  >>>               CMakeFiles/retropack-runtime-fbneo.dir/submodules/fbneo/src/cpu/m68k/m68kops.c.o:(m68k_op_movep_16_er)
  >>> referenced by m68kfpu.c:753 (/home/runner/work/retro-manager/retro-manager/runtime/retropack-runtime-fbneo/submodules/fbneo/src/cpu/m68k/m68kfpu.c:753)
  >>>               CMakeFiles/retropack-runtime-fbneo.dir/submodules/fbneo/src/cpu/m68k/m68kcpu.c.o:(m68040_fpu_op0)
  >>> referenced by m68kops.c:23157 (/home/runner/work/retro-manager/retro-manager/runtime/retropack-runtime-fbneo/submodules/fbneo/src/cpu/m68k/m68kops.c:23157)
  >>>               CMakeFiles/retropack-runtime-fbneo.dir/submodules/fbneo/src/cpu/m68k/m68kops.c.o:(m68k_op_movep_32_er)
  >>> referenced 734 more times
  
  ld.lld: error: too many errors emitted, stopping now (use --error-limit=0 to see all errors)
  clang++: error: linker command failed with exit code 1 (use -v to see invocation)
  ninja: build stopped: subcommand failed.
  
  C++ build system [build] failed while executing:
      /usr/local/lib/android/sdk/cmake/3.22.1/bin/ninja \
        -C \
        /home/runner/work/retro-manager/retro-manager/runtime/retropack-runtime-fbneo/.cxx/Debug/1b1s4j3o/arm64-v8a \
        retropack-runtime-fbneo
    from /home/runner/work/retro-manager/retro-manager/runtime/retropack-runtime-fbneo

* Try:
> Run with --info or --debug option to get more log output.
> Run with --scan to get full insights from a Build Scan (powered by Develocity).
> Get more help at https://help.gradle.org.

* Exception is:
org.gradle.api.tasks.TaskExecutionException: Execution failed for task ':runtime:retropack-runtime-fbneo:buildCMakeDebug[arm64-v8a]' (registered by plugin 'com.android.internal.library').
	at org.gradle.api.internal.tasks.execution.ExecuteActionsTaskExecuter.lambda$executeIfValid$1(ExecuteActionsTaskExecuter.java:135)
	at org.gradle.internal.Try$Failure.ifSuccessfulOrElse(Try.java:288)
	at org.gradle.api.internal.tasks.execution.ExecuteActionsTaskExecuter.executeIfValid(ExecuteActionsTaskExecuter.java:133)
	at org.gradle.api.internal.tasks.execution.ExecuteActionsTaskExecuter.execute(ExecuteActionsTaskExecuter.java:121)
	at org.gradle.api.internal.tasks.execution.ProblemsTaskPathTrackingTaskExecuter.execute(ProblemsTaskPathTrackingTaskExecuter.java:41)
	at org.gradle.api.internal.tasks.execution.ResolveTaskExecutionModeExecuter.execute(ResolveTaskExecutionModeExecuter.java:51)
	at org.gradle.api.internal.tasks.execution.FinalizePropertiesTaskExecuter.execute(FinalizePropertiesTaskExecuter.java:46)
	at org.gradle.api.internal.tasks.execution.SkipTaskWithNoActionsExecuter.execute(SkipTaskWithNoActionsExecuter.java:57)
	at org.gradle.api.internal.tasks.execution.SkipOnlyIfTaskExecuter.execute(SkipOnlyIfTaskExecuter.java:74)
	at org.gradle.api.internal.tasks.execution.CatchExceptionTaskExecuter.execute(CatchExceptionTaskExecuter.java:36)
	at org.gradle.api.internal.tasks.execution.EventFiringTaskExecuter$1.executeTask(EventFiringTaskExecuter.java:77)
	at org.gradle.api.internal.tasks.execution.EventFiringTaskExecuter$1.call(EventFiringTaskExecuter.java:55)
	at org.gradle.api.internal.tasks.execution.EventFiringTaskExecuter$1.call(EventFiringTaskExecuter.java:52)
	at org.gradle.internal.operations.DefaultBuildOperationRunner$CallableBuildOperationWorker.execute(DefaultBuildOperationRunner.java:210)
	at org.gradle.internal.operations.DefaultBuildOperationRunner$CallableBuildOperationWorker.execute(DefaultBuildOperationRunner.java:205)
	at org.gradle.internal.operations.DefaultBuildOperationRunner$2.execute(DefaultBuildOperationRunner.java:67)
	at org.gradle.internal.operations.DefaultBuildOperationRunner$2.execute(DefaultBuildOperationRunner.java:60)
	at org.gradle.internal.operations.DefaultBuildOperationRunner.execute(DefaultBuildOperationRunner.java:167)
	at org.gradle.internal.operations.DefaultBuildOperationRunner.execute(DefaultBuildOperationRunner.java:60)
	at org.gradle.internal.operations.DefaultBuildOperationRunner.call(DefaultBuildOperationRunner.java:54)
	at org.gradle.api.internal.tasks.execution.EventFiringTaskExecuter.execute(EventFiringTaskExecuter.java:52)
	at org.gradle.execution.plan.DefaultNodeExecutor.executeLocalTaskNode(DefaultNodeExecutor.java:55)
	at org.gradle.execution.plan.DefaultNodeExecutor.execute(DefaultNodeExecutor.java:34)
	at org.gradle.execution.taskgraph.DefaultTaskExecutionGraph$InvokeNodeExecutorsAction.execute(DefaultTaskExecutionGraph.java:355)
	at org.gradle.execution.taskgraph.DefaultTaskExecutionGraph$InvokeNodeExecutorsAction.execute(DefaultTaskExecutionGraph.java:343)
	at org.gradle.execution.taskgraph.DefaultTaskExecutionGraph$BuildOperationAwareExecutionAction.lambda$execute$0(DefaultTaskExecutionGraph.java:339)
	at org.gradle.internal.operations.CurrentBuildOperationRef.with(CurrentBuildOperationRef.java:84)
	at org.gradle.execution.taskgraph.DefaultTaskExecutionGraph$BuildOperationAwareExecutionAction.execute(DefaultTaskExecutionGraph.java:339)
	at org.gradle.execution.taskgraph.DefaultTaskExecutionGraph$BuildOperationAwareExecutionAction.execute(DefaultTaskExecutionGraph.java:328)
	at org.gradle.execution.plan.DefaultPlanExecutor$ExecutorWorker.execute(DefaultPlanExecutor.java:459)
	at org.gradle.execution.plan.DefaultPlanExecutor$ExecutorWorker.run(DefaultPlanExecutor.java:376)
	at org.gradle.internal.concurrent.ExecutorPolicy$CatchAndRecordFailures.onExecute(ExecutorPolicy.java:64)
	at org.gradle.internal.concurrent.AbstractManagedExecutor$1.run(AbstractManagedExecutor.java:47)
Caused by: org.gradle.internal.UncheckedException: com.android.ide.common.process.ProcessException: ninja: Entering directory `/home/runner/work/retro-manager/retro-manager/runtime/retropack-runtime-fbneo/.cxx/Debug/1b1s4j3o/arm64-v8a'
[1/46] Building C object CMakeFiles/retropack-runtime-fbneo.dir/src/main/cpp/ringbuffer.c.o
[2/46] Building CXX object CMakeFiles/retropack-runtime-fbneo.dir/submodules/fbneo/src/burn/burn_memory.cpp.o
[3/46] Building CXX object CMakeFiles/retropack-runtime-fbneo.dir/submodules/fbneo/src/burn/burn_sound.cpp.o
[4/46] Building CXX object CMakeFiles/retropack-runtime-fbneo.dir/submodules/fbneo/src/burn/burn_gun.cpp.o
[5/46] Building CXX object CMakeFiles/retropack-runtime-fbneo.dir/submodules/fbneo/src/burn/burn.cpp.o
[6/46] Building CXX object CMakeFiles/retropack-runtime-fbneo.dir/src/main/cpp/fbneo-jni.cpp.o
[7/46] Building CXX object CMakeFiles/retropack-runtime-fbneo.dir/submodules/fbneo/src/burn/debug_track.cpp.o
[8/46] Building CXX object CMakeFiles/retropack-runtime-fbneo.dir/submodules/fbneo/src/burn/burn_sha1.cpp.o
[9/46] Building CXX object CMakeFiles/retropack-runtime-fbneo.dir/submodules/fbneo/src/burn/hiscore.cpp.o
[10/46] Building CXX object CMakeFiles/retropack-runtime-fbneo.dir/submodules/fbneo/src/burn/timer.cpp.o
[11/46] Building CXX object CMakeFiles/retropack-runtime-fbneo.dir/submodules/fbneo/src/burn/load.cpp.o
[12/46] Building CXX object CMakeFiles/retropack-runtime-fbneo.dir/submodules/fbneo/src/burn/cheat.cpp.o
[13/46] Building CXX object CMakeFiles/retropack-runtime-fbneo.dir/submodules/fbneo/src/burner/statec.cpp.o
[14/46] Building CXX object CMakeFiles/retropack-runtime-fbneo.dir/submodules/fbneo/src/burner/zipfn.cpp.o
[15/46] Building CXX object CMakeFiles/retropack-runtime-fbneo.dir/submodules/fbneo/src/burner/nvram.cpp.o
[16/46] Building C object CMakeFiles/retropack-runtime-fbneo.dir/submodules/fbneo/src/burner/ioapi.c.o
[17/46] Building CXX object CMakeFiles/retropack-runtime-fbneo.dir/submodules/fbneo/src/burner/cdlist.cpp.o
[18/46] Building CXX object CMakeFiles/retropack-runtime-fbneo.dir/submodules/fbneo/src/burn/drv/neogeo/neo_decrypt.cpp.o
[19/46] Building CXX object CMakeFiles/retropack-runtime-fbneo.dir/submodules/fbneo/src/burner/conc.cpp.o
[20/46] Building C object CMakeFiles/retropack-runtime-fbneo.dir/submodules/fbneo/src/burner/unzip.c.o
[21/46] Building CXX object CMakeFiles/retropack-runtime-fbneo.dir/submodules/fbneo/src/burn/drv/neogeo/neo_palette.cpp.o
[22/46] Building CXX object CMakeFiles/retropack-runtime-fbneo.dir/submodules/fbneo/src/burner/dat.cpp.o
[23/46] Building CXX object CMakeFiles/retropack-runtime-fbneo.dir/submodules/fbneo/src/burn/drv/neogeo/neo_upd4990a.cpp.o
[24/46] Building C object CMakeFiles/retropack-runtime-fbneo.dir/submodules/fbneo/src/burn/snd/ymdeltat.c.o
[25/46] Building CXX object CMakeFiles/retropack-runtime-fbneo.dir/submodules/fbneo/src/burn/drv/neogeo/neo_text.cpp.o
[26/46] Building C object CMakeFiles/retropack-runtime-fbneo.dir/submodules/fbneo/src/burn/snd/ay8910.c.o
[27/46] Building CXX object CMakeFiles/retropack-runtime-fbneo.dir/submodules/fbneo/src/burn/drv/neogeo/neo_run.cpp.o
[28/46] Building CXX object CMakeFiles/retropack-runtime-fbneo.dir/submodules/fbneo/src/burn/drv/neogeo/neogeo.cpp.o
[29/46] Building C object CMakeFiles/retropack-runtime-fbneo.dir/submodules/fbneo/src/burn/snd/fm.c.o
[30/46] Building CXX object CMakeFiles/retropack-runtime-fbneo.dir/submodules/fbneo/src/burn/snd/burn_ym2610.cpp.o
[31/46] Building CXX object CMakeFiles/retropack-runtime-fbneo.dir/submodules/fbneo/src/burn/snd/burn_ym2608.cpp.o
[32/46] Building CXX object CMakeFiles/retropack-runtime-fbneo.dir/submodules/fbneo/src/burn/devices/joyprocess.cpp.o
[33/46] Building CXX object CMakeFiles/retropack-runtime-fbneo.dir/submodules/fbneo/src/burn/snd/burn_ym2612.cpp.o
[34/46] Building CXX object CMakeFiles/retropack-runtime-fbneo.dir/submodules/fbneo/src/burn/snd/burn_ym2203.cpp.o
[35/46] Building C object CMakeFiles/retropack-runtime-fbneo.dir/submodules/fbneo/src/cpu/m68k/m68kcpu.c.o
[36/46] Building CXX object CMakeFiles/retropack-runtime-fbneo.dir/submodules/fbneo/src/burn/devices/resnet.cpp.o
[37/46] Building CXX object CMakeFiles/retropack-runtime-fbneo.dir/submodules/fbneo/src/cpu/z80/z80ctc.cpp.o
[38/46] Building CXX object CMakeFiles/retropack-runtime-fbneo.dir/submodules/fbneo/src/cpu/z80_intf.cpp.o
[39/46] Building CXX object CMakeFiles/retropack-runtime-fbneo.dir/submodules/fbneo/src/cpu/m68000_intf.cpp.o
[40/46] Building CXX object CMakeFiles/retropack-runtime-fbneo.dir/submodules/fbneo/src/cpu/z80/z80daisy.cpp.o
[41/46] Building CXX object CMakeFiles/retropack-runtime-fbneo.dir/submodules/fbneo/src/cpu/z80/z80pio.cpp.o
[42/46] Building CXX object CMakeFiles/retropack-runtime-fbneo.dir/submodules/fbneo/src/burn/drv/neogeo/neo_sprite.cpp.o
[43/46] Building CXX object CMakeFiles/retropack-runtime-fbneo.dir/submodules/fbneo/src/cpu/z80/z80.cpp.o
[44/46] Building C object CMakeFiles/retropack-runtime-fbneo.dir/submodules/fbneo/src/cpu/m68k/m68kops.c.o
[45/46] Building CXX object CMakeFiles/retropack-runtime-fbneo.dir/submodules/fbneo/src/burn/drv/neogeo/d_neogeo.cpp.o
[46/46] Linking CXX shared library ../../../../build/intermediates/cxx/Debug/1b1s4j3o/obj/arm64-v8a/libretropack-runtime-fbneo.so
FAILED: ../../../../build/intermediates/cxx/Debug/1b1s4j3o/obj/arm64-v8a/libretropack-runtime-fbneo.so 
: && /usr/local/lib/android/sdk/ndk/27.0.12077973/toolchains/llvm/prebuilt/linux-x86_64/bin/clang++ --target=aarch64-none-linux-android26 --sysroot=/usr/local/lib/android/sdk/ndk/27.0.12077973/toolchains/llvm/prebuilt/linux-x86_64/sysroot -fPIC -g -DANDROID -fdata-sections -ffunction-sections -funwind-tables -fstack-protector-strong -no-canonical-prefixes -D_FORTIFY_SOURCE=2 -Wformat -Werror=format-security   -fno-limit-debug-info  -static-libstdc++ -Wl,--build-id=sha1 -Wl,--no-rosegment -Wl,--no-undefined-version -Wl,--fatal-warnings -Wl,--no-undefined -Qunused-arguments  -Wl,-z,max-page-size=16384 -Wl,-z,common-page-size=16384   -Wl,-z,max-page-size=16384 -Wl,-z,common-page-size=16384 -Wl,--allow-multiple-definition -Wl,-z,muldefs -shared -Wl,-soname,libretropack-runtime-fbneo.so -o ../../../../build/intermediates/cxx/Debug/1b1s4j3o/obj/arm64-v8a/libretropack-runtime-fbneo.so CMakeFiles/retropack-runtime-fbneo.dir/src/main/cpp/fbneo-jni.cpp.o CMakeFiles/retropack-runtime-fbneo.dir/src/main/cpp/ringbuffer.c.o CMakeFiles/retropack-runtime-fbneo.dir/submodules/fbneo/src/burn/burn.cpp.o CMakeFiles/retropack-runtime-fbneo.dir/submodules/fbneo/src/burn/burn_gun.cpp.o CMakeFiles/retropack-runtime-fbneo.dir/submodules/fbneo/src/burn/burn_memory.cpp.o CMakeFiles/retropack-runtime-fbneo.dir/submodules/fbneo/src/burn/burn_sound.cpp.o CMakeFiles/retropack-runtime-fbneo.dir/submodules/fbneo/src/burn/cheat.cpp.o CMakeFiles/retropack-runtime-fbneo.dir/submodules/fbneo/src/burn/debug_track.cpp.o CMakeFiles/retropack-runtime-fbneo.dir/submodules/fbneo/src/burn/hiscore.cpp.o CMakeFiles/retropack-runtime-fbneo.dir/submodules/fbneo/src/burn/load.cpp.o CMakeFiles/retropack-runtime-fbneo.dir/submodules/fbneo/src/burn/timer.cpp.o CMakeFiles/retropack-runtime-fbneo.dir/submodules/fbneo/src/burn/burn_sha1.cpp.o CMakeFiles/retropack-runtime-fbneo.dir/submodules/fbneo/src/burner/conc.cpp.o CMakeFiles/retropack-runtime-fbneo.dir/submodules/fbneo/src/burner/dat.cpp.o CMakeFiles/retropack-runtime-fbneo.dir/submodules/fbneo/src/burner/statec.cpp.o CMakeFiles/retropack-runtime-fbneo.dir/submodules/fbneo/src/burner/zipfn.cpp.o CMakeFiles/retropack-runtime-fbneo.dir/submodules/fbneo/src/burner/nvram.cpp.o CMakeFiles/retropack-runtime-fbneo.dir/submodules/fbneo/src/burner/cdlist.cpp.o CMakeFiles/retropack-runtime-fbneo.dir/submodules/fbneo/src/burner/ioapi.c.o CMakeFiles/retropack-runtime-fbneo.dir/submodules/fbneo/src/burner/unzip.c.o CMakeFiles/retropack-runtime-fbneo.dir/submodules/fbneo/src/burn/drv/neogeo/d_neogeo.cpp.o CMakeFiles/retropack-runtime-fbneo.dir/submodules/fbneo/src/burn/drv/neogeo/neo_decrypt.cpp.o CMakeFiles/retropack-runtime-fbneo.dir/submodules/fbneo/src/burn/drv/neogeo/neo_palette.cpp.o CMakeFiles/retropack-runtime-fbneo.dir/submodules/fbneo/src/burn/drv/neogeo/neo_run.cpp.o CMakeFiles/retropack-runtime-fbneo.dir/submodules/fbneo/src/burn/drv/neogeo/neo_sprite.cpp.o CMakeFiles/retropack-runtime-fbneo.dir/submodules/fbneo/src/burn/drv/neogeo/neo_text.cpp.o CMakeFiles/retropack-runtime-fbneo.dir/submodules/fbneo/src/burn/drv/neogeo/neo_upd4990a.cpp.o CMakeFiles/retropack-runtime-fbneo.dir/submodules/fbneo/src/burn/drv/neogeo/neogeo.cpp.o CMakeFiles/retropack-runtime-fbneo.dir/submodules/fbneo/src/burn/snd/fm.c.o CMakeFiles/retropack-runtime-fbneo.dir/submodules/fbneo/src/burn/snd/ay8910.c.o CMakeFiles/retropack-runtime-fbneo.dir/submodules/fbneo/src/burn/snd/ymdeltat.c.o CMakeFiles/retropack-runtime-fbneo.dir/submodules/fbneo/src/burn/snd/burn_ym2203.cpp.o CMakeFiles/retropack-runtime-fbneo.dir/submodules/fbneo/src/burn/snd/burn_ym2608.cpp.o CMakeFiles/retropack-runtime-fbneo.dir/submodules/fbneo/src/burn/snd/burn_ym2610.cpp.o CMakeFiles/retropack-runtime-fbneo.dir/submodules/fbneo/src/burn/snd/burn_ym2612.cpp.o CMakeFiles/retropack-runtime-fbneo.dir/submodules/fbneo/src/burn/devices/joyprocess.cpp.o CMakeFiles/retropack-runtime-fbneo.dir/submodules/fbneo/src/burn/devices/resnet.cpp.o CMakeFiles/retropack-runtime-fbneo.dir/submodules/fbneo/src/cpu/m68k/m68kcpu.c.o CMakeFiles/retropack-runtime-fbneo.dir/submodules/fbneo/src/cpu/m68k/m68kops.c.o CMakeFiles/retropack-runtime-fbneo.dir/submodules/fbneo/src/cpu/m68000_intf.cpp.o CMakeFiles/retropack-runtime-fbneo.dir/submodules/fbneo/src/cpu/z80_intf.cpp.o CMakeFiles/retropack-runtime-fbneo.dir/submodules/fbneo/src/cpu/z80/z80.cpp.o CMakeFiles/retropack-runtime-fbneo.dir/submodules/fbneo/src/cpu/z80/z80ctc.cpp.o CMakeFiles/retropack-runtime-fbneo.dir/submodules/fbneo/src/cpu/z80/z80daisy.cpp.o CMakeFiles/retropack-runtime-fbneo.dir/submodules/fbneo/src/cpu/z80/z80pio.cpp.o  -lGLESv2  -lEGL  -lOpenSLES  -landroid  -llog  -lm  -lz  -latomic -lm && :
ld.lld: error: undefined symbol: BurnDrvNeoGeoMV1
>>> referenced by burn.cpp
>>>               CMakeFiles/retropack-runtime-fbneo.dir/submodules/fbneo/src/burn/burn.cpp.o:(pDriver)
>>> did you mean: BurnDrvNeoGeoMVS
>>> defined in: CMakeFiles/retropack-runtime-fbneo.dir/submodules/fbneo/src/burn/drv/neogeo/d_neogeo.cpp.o

ld.lld: error: undefined symbol: BurnDrvNeoGeoMV1F
>>> referenced by burn.cpp
>>>               CMakeFiles/retropack-runtime-fbneo.dir/submodules/fbneo/src/burn/burn.cpp.o:(pDriver)

ld.lld: error: undefined symbol: BurnDrvNeoGeoMV1FZ
>>> referenced by burn.cpp
>>>               CMakeFiles/retropack-runtime-fbneo.dir/submodules/fbneo/src/burn/burn.cpp.o:(pDriver)

ld.lld: error: undefined symbol: BurnDrvNeoGeoMV2F
>>> referenced by burn.cpp
>>>               CMakeFiles/retropack-runtime-fbneo.dir/submodules/fbneo/src/burn/burn.cpp.o:(pDriver)

ld.lld: error: undefined symbol: BurnDrvNeoGeoMV4F
>>> referenced by burn.cpp
>>>               CMakeFiles/retropack-runtime-fbneo.dir/submodules/fbneo/src/burn/burn.cpp.o:(pDriver)

ld.lld: error: undefined symbol: m68ki_fake_push_32
>>> referenced by m68kcpu.h:1639 (/home/runner/work/retro-manager/retro-manager/runtime/retropack-runtime-fbneo/submodules/fbneo/src/cpu/m68k/m68kcpu.h:1639)
>>>               CMakeFiles/retropack-runtime-fbneo.dir/submodules/fbneo/src/cpu/m68k/m68kops.c.o:(.text.m68ki_stack_frame_1000+0x18)
>>> referenced by m68kcpu.h:1640 (/home/runner/work/retro-manager/retro-manager/runtime/retropack-runtime-fbneo/submodules/fbneo/src/cpu/m68k/m68kcpu.h:1640)
>>>               CMakeFiles/retropack-runtime-fbneo.dir/submodules/fbneo/src/cpu/m68k/m68kops.c.o:(.text.m68ki_stack_frame_1000+0x1C)
>>> referenced by m68kcpu.h:1641 (/home/runner/work/retro-manager/retro-manager/runtime/retropack-runtime-fbneo/submodules/fbneo/src/cpu/m68k/m68kcpu.h:1641)
>>>               CMakeFiles/retropack-runtime-fbneo.dir/submodules/fbneo/src/cpu/m68k/m68kops.c.o:(.text.m68ki_stack_frame_1000+0x20)
>>> referenced 13 more times

ld.lld: error: undefined symbol: m68ki_push_16
>>> referenced by m68kcpu.h:1649 (/home/runner/work/retro-manager/retro-manager/runtime/retropack-runtime-fbneo/submodules/fbneo/src/cpu/m68k/m68kcpu.h:1649)
>>>               CMakeFiles/retropack-runtime-fbneo.dir/submodules/fbneo/src/cpu/m68k/m68kops.c.o:(.text.m68ki_stack_frame_1000+0x40)
>>> referenced by m68kcpu.h:1655 (/home/runner/work/retro-manager/retro-manager/runtime/retropack-runtime-fbneo/submodules/fbneo/src/cpu/m68k/m68kcpu.h:1655)
>>>               CMakeFiles/retropack-runtime-fbneo.dir/submodules/fbneo/src/cpu/m68k/m68kops.c.o:(.text.m68ki_stack_frame_1000+0x4C)
>>> referenced by m68kcpu.h:1661 (/home/runner/work/retro-manager/retro-manager/runtime/retropack-runtime-fbneo/submodules/fbneo/src/cpu/m68k/m68kcpu.h:1661)
>>>               CMakeFiles/retropack-runtime-fbneo.dir/submodules/fbneo/src/cpu/m68k/m68kops.c.o:(.text.m68ki_stack_frame_1000+0x58)
>>> referenced 49 more times

ld.lld: error: undefined symbol: m68ki_fake_push_16
>>> referenced by m68kcpu.h:1652 (/home/runner/work/retro-manager/retro-manager/runtime/retropack-runtime-fbneo/submodules/fbneo/src/cpu/m68k/m68kcpu.h:1652)
>>>               CMakeFiles/retropack-runtime-fbneo.dir/submodules/fbneo/src/cpu/m68k/m68kops.c.o:(.text.m68ki_stack_frame_1000+0x44)
>>> referenced by m68kcpu.h:1658 (/home/runner/work/retro-manager/retro-manager/runtime/retropack-runtime-fbneo/submodules/fbneo/src/cpu/m68k/m68kcpu.h:1658)
>>>               CMakeFiles/retropack-runtime-fbneo.dir/submodules/fbneo/src/cpu/m68k/m68kops.c.o:(.text.m68ki_stack_frame_1000+0x50)
>>> referenced by m68kcpu.h:1664 (/home/runner/work/retro-manager/retro-manager/runtime/retropack-runtime-fbneo/submodules/fbneo/src/cpu/m68k/m68kcpu.h:1664)
>>>               CMakeFiles/retropack-runtime-fbneo.dir/submodules/fbneo/src/cpu/m68k/m68kops.c.o:(.text.m68ki_stack_frame_1000+0x5C)
>>> referenced 3 more times

ld.lld: error: undefined symbol: m68ki_push_32
>>> referenced by m68kcpu.h:1667 (/home/runner/work/retro-manager/retro-manager/runtime/retropack-runtime-fbneo/submodules/fbneo/src/cpu/m68k/m68kcpu.h:1667)
>>>               CMakeFiles/retropack-runtime-fbneo.dir/submodules/fbneo/src/cpu/m68k/m68kops.c.o:(.text.m68ki_stack_frame_1000+0x64)
>>> referenced by m68kcpu.h:1676 (/home/runner/work/retro-manager/retro-manager/runtime/retropack-runtime-fbneo/submodules/fbneo/src/cpu/m68k/m68kcpu.h:1676)
>>>               CMakeFiles/retropack-runtime-fbneo.dir/submodules/fbneo/src/cpu/m68k/m68kops.c.o:(.text.m68ki_stack_frame_1000+0x84)
>>> referenced by m68kcpu.h:1696 (/home/runner/work/retro-manager/retro-manager/runtime/retropack-runtime-fbneo/submodules/fbneo/src/cpu/m68k/m68kcpu.h:1696)
>>>               CMakeFiles/retropack-runtime-fbneo.dir/submodules/fbneo/src/cpu/m68k/m68kops.c.o:(.text.m68ki_stack_frame_1010+0x30)
>>> referenced 63 more times

ld.lld: error: undefined symbol: m68ki_init_exception
>>> referenced by m68kcpu.h:2016 (/home/runner/work/retro-manager/retro-manager/runtime/retropack-runtime-fbneo/submodules/fbneo/src/cpu/m68k/m68kcpu.h:2016)
>>>               CMakeFiles/retropack-runtime-fbneo.dir/submodules/fbneo/src/cpu/m68k/m68kops.c.o:(.text.m68ki_exception_interrupt+0x98)
>>> referenced by m68kcpu.h:2016 (/home/runner/work/retro-manager/retro-manager/runtime/retropack-runtime-fbneo/submodules/fbneo/src/cpu/m68k/m68kcpu.h:2016)
>>>               CMakeFiles/retropack-runtime-fbneo.dir/submodules/fbneo/src/cpu/m68k/m68kcpu.c.o:(m68ki_exception_interrupt)

ld.lld: error: undefined symbol: m68ki_read_32_fc
>>> referenced by m68kcpu.h:2022 (/home/runner/work/retro-manager/retro-manager/runtime/retropack-runtime-fbneo/submodules/fbneo/src/cpu/m68k/m68kcpu.h:2022)
>>>               CMakeFiles/retropack-runtime-fbneo.dir/submodules/fbneo/src/cpu/m68k/m68kops.c.o:(.text.m68ki_exception_interrupt+0xC8)
>>> referenced by m68kcpu.h:2026 (/home/runner/work/retro-manager/retro-manager/runtime/retropack-runtime-fbneo/submodules/fbneo/src/cpu/m68k/m68kcpu.h:2026)
>>>               CMakeFiles/retropack-runtime-fbneo.dir/submodules/fbneo/src/cpu/m68k/m68kops.c.o:(.text.m68ki_exception_interrupt+0xF4)
>>> referenced by m68kcpu.h:2022 (/home/runner/work/retro-manager/retro-manager/runtime/retropack-runtime-fbneo/submodules/fbneo/src/cpu/m68k/m68kcpu.h:2022)
>>>               CMakeFiles/retropack-runtime-fbneo.dir/submodules/fbneo/src/cpu/m68k/m68kcpu.c.o:(m68ki_exception_interrupt)
>>> referenced 210 more times

ld.lld: error: undefined symbol: m68ki_stack_frame_0000
>>> referenced by m68kcpu.h:2029 (/home/runner/work/retro-manager/retro-manager/runtime/retropack-runtime-fbneo/submodules/fbneo/src/cpu/m68k/m68kcpu.h:2029)
>>>               CMakeFiles/retropack-runtime-fbneo.dir/submodules/fbneo/src/cpu/m68k/m68kops.c.o:(.text.m68ki_exception_interrupt+0x118)
>>> referenced by m68kcpu.h:2029 (/home/runner/work/retro-manager/retro-manager/runtime/retropack-runtime-fbneo/submodules/fbneo/src/cpu/m68k/m68kcpu.h:2029)
>>>               CMakeFiles/retropack-runtime-fbneo.dir/submodules/fbneo/src/cpu/m68k/m68kcpu.c.o:(m68ki_exception_interrupt)

ld.lld: error: undefined symbol: m68ki_set_sm_flag
>>> referenced by m68kcpu.h:2033 (/home/runner/work/retro-manager/retro-manager/runtime/retropack-runtime-fbneo/submodules/fbneo/src/cpu/m68k/m68kcpu.h:2033)
>>>               CMakeFiles/retropack-runtime-fbneo.dir/submodules/fbneo/src/cpu/m68k/m68kops.c.o:(.text.m68ki_exception_interrupt+0x154)
>>> referenced by m68kcpu.h:2033 (/home/runner/work/retro-manager/retro-manager/runtime/retropack-runtime-fbneo/submodules/fbneo/src/cpu/m68k/m68kcpu.h:2033)
>>>               CMakeFiles/retropack-runtime-fbneo.dir/submodules/fbneo/src/cpu/m68k/m68kcpu.c.o:(m68ki_exception_interrupt)
>>> referenced by m68kcpu.c:1076 (/home/runner/work/retro-manager/retro-manager/runtime/retropack-runtime-fbneo/submodules/fbneo/src/cpu/m68k/m68kcpu.c:1076)
>>>               CMakeFiles/retropack-runtime-fbneo.dir/submodules/fbneo/src/cpu/m68k/m68kcpu.c.o:(m68k_pulse_reset)

ld.lld: error: undefined symbol: m68ki_stack_frame_0001
>>> referenced by m68kcpu.h:2035 (/home/runner/work/retro-manager/retro-manager/runtime/retropack-runtime-fbneo/submodules/fbneo/src/cpu/m68k/m68kcpu.h:2035)
>>>               CMakeFiles/retropack-runtime-fbneo.dir/submodules/fbneo/src/cpu/m68k/m68kops.c.o:(.text.m68ki_exception_interrupt+0x174)
>>> referenced by m68kcpu.h:2035 (/home/runner/work/retro-manager/retro-manager/runtime/retropack-runtime-fbneo/submodules/fbneo/src/cpu/m68k/m68kcpu.h:2035)
>>>               CMakeFiles/retropack-runtime-fbneo.dir/submodules/fbneo/src/cpu/m68k/m68kcpu.c.o:(m68ki_exception_interrupt)

ld.lld: error: undefined symbol: m68ki_jump
>>> referenced by m68kcpu.h:2038 (/home/runner/work/retro-manager/retro-manager/runtime/retropack-runtime-fbneo/submodules/fbneo/src/cpu/m68k/m68kcpu.h:2038)
>>>               CMakeFiles/retropack-runtime-fbneo.dir/submodules/fbneo/src/cpu/m68k/m68kops.c.o:(.text.m68ki_exception_interrupt+0x180)
>>> referenced by m68kcpu.h:2038 (/home/runner/work/retro-manager/retro-manager/runtime/retropack-runtime-fbneo/submodules/fbneo/src/cpu/m68k/m68kcpu.h:2038)
>>>               CMakeFiles/retropack-runtime-fbneo.dir/submodules/fbneo/src/cpu/m68k/m68kcpu.c.o:(m68ki_exception_interrupt)
>>> referenced by m68kcpu.c:623 (/home/runner/work/retro-manager/retro-manager/runtime/retropack-runtime-fbneo/submodules/fbneo/src/cpu/m68k/m68kcpu.c:623)
>>>               CMakeFiles/retropack-runtime-fbneo.dir/submodules/fbneo/src/cpu/m68k/m68kcpu.c.o:(m68k_set_reg)
>>> referenced 23 more times

ld.lld: error: undefined symbol: m68ki_exception_illegal
>>> referenced by m68kops.c:16468 (/home/runner/work/retro-manager/retro-manager/runtime/retropack-runtime-fbneo/submodules/fbneo/src/cpu/m68k/m68kops.c:16468)
>>>               CMakeFiles/retropack-runtime-fbneo.dir/submodules/fbneo/src/cpu/m68k/m68kops.c.o:(m68k_op_illegal)
>>> referenced by m68kops.c:9656 (/home/runner/work/retro-manager/retro-manager/runtime/retropack-runtime-fbneo/submodules/fbneo/src/cpu/m68k/m68kops.c:9656)
>>>               CMakeFiles/retropack-runtime-fbneo.dir/submodules/fbneo/src/cpu/m68k/m68kops.c.o:(m68k_op_chk_32_d)
>>> referenced by m68kops.c:9679 (/home/runner/work/retro-manager/retro-manager/runtime/retropack-runtime-fbneo/submodules/fbneo/src/cpu/m68k/m68kops.c:9679)
>>>               CMakeFiles/retropack-runtime-fbneo.dir/submodules/fbneo/src/cpu/m68k/m68kops.c.o:(m68k_op_chk_32_ai)
>>> referenced 280 more times

ld.lld: error: undefined symbol: m68ki_exception_1010
>>> referenced by m68kops.c:12 (/home/runner/work/retro-manager/retro-manager/runtime/retropack-runtime-fbneo/submodules/fbneo/src/cpu/m68k/m68kops.c:12)
>>>               CMakeFiles/retropack-runtime-fbneo.dir/submodules/fbneo/src/cpu/m68k/m68kops.c.o:(m68k_op_1010)

ld.lld: error: undefined symbol: m68ki_exception_1111
>>> referenced by m68kops.c:18 (/home/runner/work/retro-manager/retro-manager/runtime/retropack-runtime-fbneo/submodules/fbneo/src/cpu/m68k/m68kops.c:18)
>>>               CMakeFiles/retropack-runtime-fbneo.dir/submodules/fbneo/src/cpu/m68k/m68kops.c.o:(m68k_op_1111)
>>> referenced by m68kops.c:12183 (/home/runner/work/retro-manager/retro-manager/runtime/retropack-runtime-fbneo/submodules/fbneo/src/cpu/m68k/m68kops.c:12183)
>>>               CMakeFiles/retropack-runtime-fbneo.dir/submodules/fbneo/src/cpu/m68k/m68kops.c.o:(m68k_op_cpbcc_32)
>>> referenced by m68kops.c:12209 (/home/runner/work/retro-manager/retro-manager/runtime/retropack-runtime-fbneo/submodules/fbneo/src/cpu/m68k/m68kops.c:12209)
>>>               CMakeFiles/retropack-runtime-fbneo.dir/submodules/fbneo/src/cpu/m68k/m68kops.c.o:(m68k_op_cpgen_32)
>>> referenced 5 more times

ld.lld: error: undefined symbol: m68ki_branch_8
>>> referenced by m68kops.c:8082 (/home/runner/work/retro-manager/retro-manager/runtime/retropack-runtime-fbneo/submodules/fbneo/src/cpu/m68k/m68kops.c:8082)
>>>               CMakeFiles/retropack-runtime-fbneo.dir/submodules/fbneo/src/cpu/m68k/m68kops.c.o:(m68k_op_bra_8)
>>> referenced by m68kops.c:8343 (/home/runner/work/retro-manager/retro-manager/runtime/retropack-runtime-fbneo/submodules/fbneo/src/cpu/m68k/m68kops.c:8343)
>>>               CMakeFiles/retropack-runtime-fbneo.dir/submodules/fbneo/src/cpu/m68k/m68kops.c.o:(m68k_op_bsr_8)
>>> referenced by m68kops.c:4070 (/home/runner/work/retro-manager/retro-manager/runtime/retropack-runtime-fbneo/submodules/fbneo/src/cpu/m68k/m68kops.c:4070)
>>>               CMakeFiles/retropack-runtime-fbneo.dir/submodules/fbneo/src/cpu/m68k/m68kops.c.o:(m68k_op_bhi_8)
>>> referenced 29 more times

ld.lld: error: undefined symbol: m68ki_read_imm_16
>>> referenced by m68kops.c:23148 (/home/runner/work/retro-manager/retro-manager/runtime/retropack-runtime-fbneo/submodules/fbneo/src/cpu/m68k/m68kops.c:23148)
>>>               CMakeFiles/retropack-runtime-fbneo.dir/submodules/fbneo/src/cpu/m68k/m68kops.c.o:(m68k_op_movep_16_er)
>>> referenced by m68kfpu.c:753 (/home/runner/work/retro-manager/retro-manager/runtime/retropack-runtime-fbneo/submodules/fbneo/src/cpu/m68k/m68kfpu.c:753)
>>>               CMakeFiles/retropack-runtime-fbneo.dir/submodules/fbneo/src/cpu/m68k/m68kcpu.c.o:(m68040_fpu_op0)
>>> referenced by m68kops.c:23157 (/home/runner/work/retro-manager/retro-manager/runtime/retropack-runtime-fbneo/submodules/fbneo/src/cpu/m68k/m68kops.c:23157)
>>>               CMakeFiles/retropack-runtime-fbneo.dir/submodules/fbneo/src/cpu/m68k/m68kops.c.o:(m68k_op_movep_32_er)
>>> referenced 734 more times

ld.lld: error: too many errors emitted, stopping now (use --error-limit=0 to see all errors)
clang++: error: linker command failed with exit code 1 (use -v to see invocation)
ninja: build stopped: subcommand failed.

C++ build system [build] failed while executing:
    /usr/local/lib/android/sdk/cmake/3.22.1/bin/ninja \
      -C \
      /home/runner/work/retro-manager/retro-manager/runtime/retropack-runtime-fbneo/.cxx/Debug/1b1s4j3o/arm64-v8a \
      retropack-runtime-fbneo
  from /home/runner/work/retro-manager/retro-manager/runtime/retropack-runtime-fbneo
	at org.gradle.internal.UncheckedException.throwAsUncheckedException(UncheckedException.java:69)
	at org.gradle.internal.UncheckedException.throwAsUncheckedException(UncheckedException.java:42)
	at org.gradle.internal.reflect.JavaMethod.invoke(JavaMethod.java:129)
	at org.gradle.api.internal.project.taskfactory.StandardTaskAction.doExecute(StandardTaskAction.java:58)
	at org.gradle.api.internal.project.taskfactory.StandardTaskAction.execute(StandardTaskAction.java:51)
	at org.gradle.api.internal.project.taskfactory.StandardTaskAction.execute(StandardTaskAction.java:29)
	at org.gradle.api.internal.tasks.execution.TaskExecution$3.run(TaskExecution.java:259)
	at org.gradle.internal.operations.DefaultBuildOperationRunner$1.execute(DefaultBuildOperationRunner.java:30)
	at org.gradle.internal.operations.DefaultBuildOperationRunner$1.execute(DefaultBuildOperationRunner.java:27)
	at org.gradle.internal.operations.DefaultBuildOperationRunner$2.execute(DefaultBuildOperationRunner.java:67)
	at org.gradle.internal.operations.DefaultBuildOperationRunner$2.execute(DefaultBuildOperationRunner.java:60)
	at org.gradle.internal.operations.DefaultBuildOperationRunner.execute(DefaultBuildOperationRunner.java:167)
	at org.gradle.internal.operations.DefaultBuildOperationRunner.execute(DefaultBuildOperationRunner.java:60)
	at org.gradle.internal.operations.DefaultBuildOperationRunner.run(DefaultBuildOperationRunner.java:48)
	at org.gradle.api.internal.tasks.execution.TaskExecution.executeAction(TaskExecution.java:244)
	at org.gradle.api.internal.tasks.execution.TaskExecution.executeActions(TaskExecution.java:227)
	at org.gradle.api.internal.tasks.execution.TaskExecution.executeWithPreviousOutputFiles(TaskExecution.java:210)
	at org.gradle.api.internal.tasks.execution.TaskExecution.execute(TaskExecution.java:176)
	at org.gradle.internal.execution.steps.ExecuteStep.executeInternal(ExecuteStep.java:167)
	at org.gradle.internal.execution.steps.ExecuteStep.access$000(ExecuteStep.java:47)
	at org.gradle.internal.execution.steps.ExecuteStep$1.call(ExecuteStep.java:137)
	at org.gradle.internal.execution.steps.ExecuteStep$1.call(ExecuteStep.java:134)
	at org.gradle.internal.operations.DefaultBuildOperationRunner$CallableBuildOperationWorker.execute(DefaultBuildOperationRunner.java:210)
	at org.gradle.internal.operations.DefaultBuildOperationRunner$CallableBuildOperationWorker.execute(DefaultBuildOperationRunner.java:205)
	at org.gradle.internal.operations.DefaultBuildOperationRunner$2.execute(DefaultBuildOperationRunner.java:67)
	at org.gradle.internal.operations.DefaultBuildOperationRunner$2.execute(DefaultBuildOperationRunner.java:60)
	at org.gradle.internal.operations.DefaultBuildOperationRunner.execute(DefaultBuildOperationRunner.java:167)
	at org.gradle.internal.operations.DefaultBuildOperationRunner.execute(DefaultBuildOperationRunner.java:60)
	at org.gradle.internal.operations.DefaultBuildOperationRunner.call(DefaultBuildOperationRunner.java:54)
	at org.gradle.internal.execution.steps.ExecuteStep.execute(ExecuteStep.java:134)
	at org.gradle.internal.execution.steps.ExecuteStep$Mutable.execute(ExecuteStep.java:80)
	at org.gradle.internal.execution.steps.CancelExecutionStep.execute(CancelExecutionStep.java:42)
	at org.gradle.internal.execution.steps.TimeoutStep.executeWithoutTimeout(TimeoutStep.java:75)
	at org.gradle.internal.execution.steps.TimeoutStep.execute(TimeoutStep.java:55)
	at org.gradle.internal.execution.steps.PreCreateOutputParentsStep.execute(PreCreateOutputParentsStep.java:51)
	at org.gradle.internal.execution.steps.PreCreateOutputParentsStep.execute(PreCreateOutputParentsStep.java:29)
	at org.gradle.internal.execution.steps.RemovePreviousOutputsStep.executeMutable(RemovePreviousOutputsStep.java:67)
	at org.gradle.internal.execution.steps.RemovePreviousOutputsStep.executeMutable(RemovePreviousOutputsStep.java:39)
	at org.gradle.internal.execution.steps.MutableStep.execute(MutableStep.java:26)
	at org.gradle.internal.execution.steps.BroadcastChangingOutputsStep.execute(BroadcastChangingOutputsStep.java:42)
	at org.gradle.internal.execution.steps.BroadcastChangingOutputsStep.execute(BroadcastChangingOutputsStep.java:24)
	at org.gradle.internal.execution.steps.CaptureOutputsAfterExecutionStep.execute(CaptureOutputsAfterExecutionStep.java:69)
	at org.gradle.internal.execution.steps.CaptureOutputsAfterExecutionStep.execute(CaptureOutputsAfterExecutionStep.java:46)
	at org.gradle.internal.execution.steps.ResolveInputChangesStep.executeMutable(ResolveInputChangesStep.java:39)
	at org.gradle.internal.execution.steps.ResolveInputChangesStep.executeMutable(ResolveInputChangesStep.java:28)
	at org.gradle.internal.execution.steps.MutableStep.execute(MutableStep.java:26)
	at org.gradle.internal.execution.steps.BuildCacheStep.executeWithoutCache(BuildCacheStep.java:189)
	at org.gradle.internal.execution.steps.BuildCacheStep.lambda$execute$1(BuildCacheStep.java:76)
	at org.gradle.internal.Either$Right.fold(Either.java:176)
	at org.gradle.internal.execution.caching.CachingState.fold(CachingState.java:62)
	at org.gradle.internal.execution.steps.BuildCacheStep.execute(BuildCacheStep.java:74)
	at org.gradle.internal.execution.steps.BuildCacheStep.execute(BuildCacheStep.java:49)
	at org.gradle.internal.execution.steps.StoreExecutionStateStep.executeMutable(StoreExecutionStateStep.java:46)
	at org.gradle.internal.execution.steps.StoreExecutionStateStep.executeMutable(StoreExecutionStateStep.java:35)
	at org.gradle.internal.execution.steps.MutableStep.execute(MutableStep.java:26)
	at org.gradle.internal.execution.steps.SkipUpToDateStep.executeBecause(SkipUpToDateStep.java:75)
	at org.gradle.internal.execution.steps.SkipUpToDateStep.lambda$execute$2(SkipUpToDateStep.java:53)
	at org.gradle.internal.execution.steps.SkipUpToDateStep.execute(SkipUpToDateStep.java:53)
	at org.gradle.internal.execution.steps.SkipUpToDateStep.execute(SkipUpToDateStep.java:35)
	at org.gradle.internal.execution.steps.legacy.MarkSnapshottingInputsFinishedStep.execute(MarkSnapshottingInputsFinishedStep.java:37)
	at org.gradle.internal.execution.steps.legacy.MarkSnapshottingInputsFinishedStep.execute(MarkSnapshottingInputsFinishedStep.java:27)
	at org.gradle.internal.execution.steps.ResolveMutableCachingStateStep.executeDelegate(ResolveMutableCachingStateStep.java:70)
	at org.gradle.internal.execution.steps.ResolveMutableCachingStateStep.executeDelegate(ResolveMutableCachingStateStep.java:32)
	at org.gradle.internal.execution.steps.AbstractResolveCachingStateStep.execute(AbstractResolveCachingStateStep.java:69)
	at org.gradle.internal.execution.steps.AbstractResolveCachingStateStep.execute(AbstractResolveCachingStateStep.java:37)
	at org.gradle.internal.execution.steps.ResolveChangesStep.executeMutable(ResolveChangesStep.java:63)
	at org.gradle.internal.execution.steps.ResolveChangesStep.executeMutable(ResolveChangesStep.java:34)
	at org.gradle.internal.execution.steps.MutableStep.execute(MutableStep.java:26)
	at org.gradle.internal.execution.steps.ValidateStep$Mutable.executeDelegate(ValidateStep.java:79)
	at org.gradle.internal.execution.steps.ValidateStep$Mutable.executeDelegate(ValidateStep.java:65)
	at org.gradle.internal.execution.steps.ValidateStep.execute(ValidateStep.java:99)
	at org.gradle.internal.execution.steps.ValidateStep$Mutable.execute(ValidateStep.java:65)
	at org.gradle.internal.execution.steps.CaptureMutableStateBeforeExecutionStep.executeMutable(CaptureMutableStateBeforeExecutionStep.java:86)
	at org.gradle.internal.execution.steps.CaptureMutableStateBeforeExecutionStep.execute(CaptureMutableStateBeforeExecutionStep.java:65)
	at org.gradle.internal.execution.steps.CaptureMutableStateBeforeExecutionStep.execute(CaptureMutableStateBeforeExecutionStep.java:45)
	at org.gradle.internal.execution.steps.SkipEmptyMutableWorkStep.executeWithNonEmptySources(SkipEmptyMutableWorkStep.java:210)
	at org.gradle.internal.execution.steps.SkipEmptyMutableWorkStep.executeMutable(SkipEmptyMutableWorkStep.java:85)
	at org.gradle.internal.execution.steps.SkipEmptyMutableWorkStep.executeMutable(SkipEmptyMutableWorkStep.java:53)
	at org.gradle.internal.execution.steps.MutableStep.execute(MutableStep.java:26)
	at org.gradle.internal.execution.steps.legacy.MarkSnapshottingInputsStartedStep.execute(MarkSnapshottingInputsStartedStep.java:38)
	at org.gradle.internal.execution.steps.LoadPreviousExecutionStateStep.executeMutable(LoadPreviousExecutionStateStep.java:36)
	at org.gradle.internal.execution.steps.LoadPreviousExecutionStateStep.executeMutable(LoadPreviousExecutionStateStep.java:23)
	at org.gradle.internal.execution.steps.MutableStep.execute(MutableStep.java:26)
	at org.gradle.internal.execution.steps.HandleStaleOutputsStep.executeMutable(HandleStaleOutputsStep.java:77)
	at org.gradle.internal.execution.steps.HandleStaleOutputsStep.executeMutable(HandleStaleOutputsStep.java:43)
	at org.gradle.internal.execution.steps.MutableStep.execute(MutableStep.java:26)
	at org.gradle.internal.execution.steps.AssignMutableWorkspaceStep.lambda$executeMutable$0(AssignMutableWorkspaceStep.java:34)
	at org.gradle.api.internal.tasks.execution.TaskExecution$4.withWorkspace(TaskExecution.java:305)
	at org.gradle.internal.execution.steps.AssignMutableWorkspaceStep.executeMutable(AssignMutableWorkspaceStep.java:30)
	at org.gradle.internal.execution.steps.AssignMutableWorkspaceStep.executeMutable(AssignMutableWorkspaceStep.java:21)
	at org.gradle.internal.execution.steps.MutableStep.execute(MutableStep.java:26)
	at org.gradle.internal.execution.steps.ChoosePipelineStep.execute(ChoosePipelineStep.java:40)
	at org.gradle.internal.execution.steps.ChoosePipelineStep.execute(ChoosePipelineStep.java:23)
	at org.gradle.internal.execution.steps.ExecuteWorkBuildOperationFiringStep.lambda$execute$2(ExecuteWorkBuildOperationFiringStep.java:67)
	at org.gradle.internal.execution.steps.ExecuteWorkBuildOperationFiringStep.execute(ExecuteWorkBuildOperationFiringStep.java:67)
	at org.gradle.internal.execution.steps.ExecuteWorkBuildOperationFiringStep.execute(ExecuteWorkBuildOperationFiringStep.java:39)
	at org.gradle.internal.execution.steps.IdentityCacheStep.execute(IdentityCacheStep.java:46)
	at org.gradle.internal.execution.steps.IdentityCacheStep.execute(IdentityCacheStep.java:34)
	at org.gradle.internal.execution.steps.IdentifyStep.execute(IdentifyStep.java:56)
	at org.gradle.internal.execution.steps.IdentifyStep.execute(IdentifyStep.java:38)
	at org.gradle.internal.execution.impl.DefaultExecutionEngine$1.execute(DefaultExecutionEngine.java:68)
	at org.gradle.api.internal.tasks.execution.ExecuteActionsTaskExecuter.executeIfValid(ExecuteActionsTaskExecuter.java:132)
	... 30 more
Caused by: com.android.ide.common.process.ProcessException: ninja: Entering directory `/home/runner/work/retro-manager/retro-manager/runtime/retropack-runtime-fbneo/.cxx/Debug/1b1s4j3o/arm64-v8a'
[1/46] Building C object CMakeFiles/retropack-runtime-fbneo.dir/src/main/cpp/ringbuffer.c.o
[2/46] Building CXX object CMakeFiles/retropack-runtime-fbneo.dir/submodules/fbneo/src/burn/burn_memory.cpp.o
[3/46] Building CXX object CMakeFiles/retropack-runtime-fbneo.dir/submodules/fbneo/src/burn/burn_sound.cpp.o
[4/46] Building CXX object CMakeFiles/retropack-runtime-fbneo.dir/submodules/fbneo/src/burn/burn_gun.cpp.o
[5/46] Building CXX object CMakeFiles/retropack-runtime-fbneo.dir/submodules/fbneo/src/burn/burn.cpp.o
[6/46] Building CXX object CMakeFiles/retropack-runtime-fbneo.dir/src/main/cpp/fbneo-jni.cpp.o
[7/46] Building CXX object CMakeFiles/retropack-runtime-fbneo.dir/submodules/fbneo/src/burn/debug_track.cpp.o
[8/46] Building CXX object CMakeFiles/retropack-runtime-fbneo.dir/submodules/fbneo/src/burn/burn_sha1.cpp.o
[9/46] Building CXX object CMakeFiles/retropack-runtime-fbneo.dir/submodules/fbneo/src/burn/hiscore.cpp.o
[10/46] Building CXX object CMakeFiles/retropack-runtime-fbneo.dir/submodules/fbneo/src/burn/timer.cpp.o
[11/46] Building CXX object CMakeFiles/retropack-runtime-fbneo.dir/submodules/fbneo/src/burn/load.cpp.o
[12/46] Building CXX object CMakeFiles/retropack-runtime-fbneo.dir/submodules/fbneo/src/burn/cheat.cpp.o
[13/46] Building CXX object CMakeFiles/retropack-runtime-fbneo.dir/submodules/fbneo/src/burner/statec.cpp.o
[14/46] Building CXX object CMakeFiles/retropack-runtime-fbneo.dir/submodules/fbneo/src/burner/zipfn.cpp.o
[15/46] Building CXX object CMakeFiles/retropack-runtime-fbneo.dir/submodules/fbneo/src/burner/nvram.cpp.o
[16/46] Building C object CMakeFiles/retropack-runtime-fbneo.dir/submodules/fbneo/src/burner/ioapi.c.o
[17/46] Building CXX object CMakeFiles/retropack-runtime-fbneo.dir/submodules/fbneo/src/burner/cdlist.cpp.o
[18/46] Building CXX object CMakeFiles/retropack-runtime-fbneo.dir/submodules/fbneo/src/burn/drv/neogeo/neo_decrypt.cpp.o
[19/46] Building CXX object CMakeFiles/retropack-runtime-fbneo.dir/submodules/fbneo/src/burner/conc.cpp.o
[20/46] Building C object CMakeFiles/retropack-runtime-fbneo.dir/submodules/fbneo/src/burner/unzip.c.o
[21/46] Building CXX object CMakeFiles/retropack-runtime-fbneo.dir/submodules/fbneo/src/burn/drv/neogeo/neo_palette.cpp.o
[22/46] Building CXX object CMakeFiles/retropack-runtime-fbneo.dir/submodules/fbneo/src/burner/dat.cpp.o
[23/46] Building CXX object CMakeFiles/retropack-runtime-fbneo.dir/submodules/fbneo/src/burn/drv/neogeo/neo_upd4990a.cpp.o
[24/46] Building C object CMakeFiles/retropack-runtime-fbneo.dir/submodules/fbneo/src/burn/snd/ymdeltat.c.o
[25/46] Building CXX object CMakeFiles/retropack-runtime-fbneo.dir/submodules/fbneo/src/burn/drv/neogeo/neo_text.cpp.o
[26/46] Building C object CMakeFiles/retropack-runtime-fbneo.dir/submodules/fbneo/src/burn/snd/ay8910.c.o
[27/46] Building CXX object CMakeFiles/retropack-runtime-fbneo.dir/submodules/fbneo/src/burn/drv/neogeo/neo_run.cpp.o
[28/46] Building CXX object CMakeFiles/retropack-runtime-fbneo.dir/submodules/fbneo/src/burn/drv/neogeo/neogeo.cpp.o
[29/46] Building C object CMakeFiles/retropack-runtime-fbneo.dir/submodules/fbneo/src/burn/snd/fm.c.o
[30/46] Building CXX object CMakeFiles/retropack-runtime-fbneo.dir/submodules/fbneo/src/burn/snd/burn_ym2610.cpp.o
[31/46] Building CXX object CMakeFiles/retropack-runtime-fbneo.dir/submodules/fbneo/src/burn/snd/burn_ym2608.cpp.o
[32/46] Building CXX object CMakeFiles/retropack-runtime-fbneo.dir/submodules/fbneo/src/burn/devices/joyprocess.cpp.o
[33/46] Building CXX object CMakeFiles/retropack-runtime-fbneo.dir/submodules/fbneo/src/burn/snd/burn_ym2612.cpp.o
[34/46] Building CXX object CMakeFiles/retropack-runtime-fbneo.dir/submodules/fbneo/src/burn/snd/burn_ym2203.cpp.o
[35/46] Building C object CMakeFiles/retropack-runtime-fbneo.dir/submodules/fbneo/src/cpu/m68k/m68kcpu.c.o
[36/46] Building CXX object CMakeFiles/retropack-runtime-fbneo.dir/submodules/fbneo/src/burn/devices/resnet.cpp.o
[37/46] Building CXX object CMakeFiles/retropack-runtime-fbneo.dir/submodules/fbneo/src/cpu/z80/z80ctc.cpp.o
[38/46] Building CXX object CMakeFiles/retropack-runtime-fbneo.dir/submodules/fbneo/src/cpu/z80_intf.cpp.o
[39/46] Building CXX object CMakeFiles/retropack-runtime-fbneo.dir/submodules/fbneo/src/cpu/m68000_intf.cpp.o
[40/46] Building CXX object CMakeFiles/retropack-runtime-fbneo.dir/submodules/fbneo/src/cpu/z80/z80daisy.cpp.o
[41/46] Building CXX object CMakeFiles/retropack-runtime-fbneo.dir/submodules/fbneo/src/cpu/z80/z80pio.cpp.o
[42/46] Building CXX object CMakeFiles/retropack-runtime-fbneo.dir/submodules/fbneo/src/burn/drv/neogeo/neo_sprite.cpp.o
[43/46] Building CXX object CMakeFiles/retropack-runtime-fbneo.dir/submodules/fbneo/src/cpu/z80/z80.cpp.o
[44/46] Building C object CMakeFiles/retropack-runtime-fbneo.dir/submodules/fbneo/src/cpu/m68k/m68kops.c.o
[45/46] Building CXX object CMakeFiles/retropack-runtime-fbneo.dir/submodules/fbneo/src/burn/drv/neogeo/d_neogeo.cpp.o
[46/46] Linking CXX shared library ../../../../build/intermediates/cxx/Debug/1b1s4j3o/obj/arm64-v8a/libretropack-runtime-fbneo.so
FAILED: ../../../../build/intermediates/cxx/Debug/1b1s4j3o/obj/arm64-v8a/libretropack-runtime-fbneo.so 
: && /usr/local/lib/android/sdk/ndk/27.0.12077973/toolchains/llvm/prebuilt/linux-x86_64/bin/clang++ --target=aarch64-none-linux-android26 --sysroot=/usr/local/lib/android/sdk/ndk/27.0.12077973/toolchains/llvm/prebuilt/linux-x86_64/sysroot -fPIC -g -DANDROID -fdata-sections -ffunction-sections -funwind-tables -fstack-protector-strong -no-canonical-prefixes -D_FORTIFY_SOURCE=2 -Wformat -Werror=format-security   -fno-limit-debug-info  -static-libstdc++ -Wl,--build-id=sha1 -Wl,--no-rosegment -Wl,--no-undefined-version -Wl,--fatal-warnings -Wl,--no-undefined -Qunused-arguments  -Wl,-z,max-page-size=16384 -Wl,-z,common-page-size=16384   -Wl,-z,max-page-size=16384 -Wl,-z,common-page-size=16384 -Wl,--allow-multiple-definition -Wl,-z,muldefs -shared -Wl,-soname,libretropack-runtime-fbneo.so -o ../../../../build/intermediates/cxx/Debug/1b1s4j3o/obj/arm64-v8a/libretropack-runtime-fbneo.so CMakeFiles/retropack-runtime-fbneo.dir/src/main/cpp/fbneo-jni.cpp.o CMakeFiles/retropack-runtime-fbneo.dir/src/main/cpp/ringbuffer.c.o CMakeFiles/retropack-runtime-fbneo.dir/submodules/fbneo/src/burn/burn.cpp.o CMakeFiles/retropack-runtime-fbneo.dir/submodules/fbneo/src/burn/burn_gun.cpp.o CMakeFiles/retropack-runtime-fbneo.dir/submodules/fbneo/src/burn/burn_memory.cpp.o CMakeFiles/retropack-runtime-fbneo.dir/submodules/fbneo/src/burn/burn_sound.cpp.o CMakeFiles/retropack-runtime-fbneo.dir/submodules/fbneo/src/burn/cheat.cpp.o CMakeFiles/retropack-runtime-fbneo.dir/submodules/fbneo/src/burn/debug_track.cpp.o CMakeFiles/retropack-runtime-fbneo.dir/submodules/fbneo/src/burn/hiscore.cpp.o CMakeFiles/retropack-runtime-fbneo.dir/submodules/fbneo/src/burn/load.cpp.o CMakeFiles/retropack-runtime-fbneo.dir/submodules/fbneo/src/burn/timer.cpp.o CMakeFiles/retropack-runtime-fbneo.dir/submodules/fbneo/src/burn/burn_sha1.cpp.o CMakeFiles/retropack-runtime-fbneo.dir/submodules/fbneo/src/burner/conc.cpp.o CMakeFiles/retropack-runtime-fbneo.dir/submodules/fbneo/src/burner/dat.cpp.o CMakeFiles/retropack-runtime-fbneo.dir/submodules/fbneo/src/burner/statec.cpp.o CMakeFiles/retropack-runtime-fbneo.dir/submodules/fbneo/src/burner/zipfn.cpp.o CMakeFiles/retropack-runtime-fbneo.dir/submodules/fbneo/src/burner/nvram.cpp.o CMakeFiles/retropack-runtime-fbneo.dir/submodules/fbneo/src/burner/cdlist.cpp.o CMakeFiles/retropack-runtime-fbneo.dir/submodules/fbneo/src/burner/ioapi.c.o CMakeFiles/retropack-runtime-fbneo.dir/submodules/fbneo/src/burner/unzip.c.o CMakeFiles/retropack-runtime-fbneo.dir/submodules/fbneo/src/burn/drv/neogeo/d_neogeo.cpp.o CMakeFiles/retropack-runtime-fbneo.dir/submodules/fbneo/src/burn/drv/neogeo/neo_decrypt.cpp.o CMakeFiles/retropack-runtime-fbneo.dir/submodules/fbneo/src/burn/drv/neogeo/neo_palette.cpp.o CMakeFiles/retropack-runtime-fbneo.dir/submodules/fbneo/src/burn/drv/neogeo/neo_run.cpp.o CMakeFiles/retropack-runtime-fbneo.dir/submodules/fbneo/src/burn/drv/neogeo/neo_sprite.cpp.o CMakeFiles/retropack-runtime-fbneo.dir/submodules/fbneo/src/burn/drv/neogeo/neo_text.cpp.o CMakeFiles/retropack-runtime-fbneo.dir/submodules/fbneo/src/burn/drv/neogeo/neo_upd4990a.cpp.o CMakeFiles/retropack-runtime-fbneo.dir/submodules/fbneo/src/burn/drv/neogeo/neogeo.cpp.o CMakeFiles/retropack-runtime-fbneo.dir/submodules/fbneo/src/burn/snd/fm.c.o CMakeFiles/retropack-runtime-fbneo.dir/submodules/fbneo/src/burn/snd/ay8910.c.o CMakeFiles/retropack-runtime-fbneo.dir/submodules/fbneo/src/burn/snd/ymdeltat.c.o CMakeFiles/retropack-runtime-fbneo.dir/submodules/fbneo/src/burn/snd/burn_ym2203.cpp.o CMakeFiles/retropack-runtime-fbneo.dir/submodules/fbneo/src/burn/snd/burn_ym2608.cpp.o CMakeFiles/retropack-runtime-fbneo.dir/submodules/fbneo/src/burn/snd/burn_ym2610.cpp.o CMakeFiles/retropack-runtime-fbneo.dir/submodules/fbneo/src/burn/snd/burn_ym2612.cpp.o CMakeFiles/retropack-runtime-fbneo.dir/submodules/fbneo/src/burn/devices/joyprocess.cpp.o CMakeFiles/retropack-runtime-fbneo.dir/submodules/fbneo/src/burn/devices/resnet.cpp.o CMakeFiles/retropack-runtime-fbneo.dir/submodules/fbneo/src/cpu/m68k/m68kcpu.c.o CMakeFiles/retropack-runtime-fbneo.dir/submodules/fbneo/src/cpu/m68k/m68kops.c.o CMakeFiles/retropack-runtime-fbneo.dir/submodules/fbneo/src/cpu/m68000_intf.cpp.o CMakeFiles/retropack-runtime-fbneo.dir/submodules/fbneo/src/cpu/z80_intf.cpp.o CMakeFiles/retropack-runtime-fbneo.dir/submodules/fbneo/src/cpu/z80/z80.cpp.o CMakeFiles/retropack-runtime-fbneo.dir/submodules/fbneo/src/cpu/z80/z80ctc.cpp.o CMakeFiles/retropack-runtime-fbneo.dir/submodules/fbneo/src/cpu/z80/z80daisy.cpp.o CMakeFiles/retropack-runtime-fbneo.dir/submodules/fbneo/src/cpu/z80/z80pio.cpp.o  -lGLESv2  -lEGL  -lOpenSLES  -landroid  -llog  -lm  -lz  -latomic -lm && :
ld.lld: error: undefined symbol: BurnDrvNeoGeoMV1
>>> referenced by burn.cpp
>>>               CMakeFiles/retropack-runtime-fbneo.dir/submodules/fbneo/src/burn/burn.cpp.o:(pDriver)
>>> did you mean: BurnDrvNeoGeoMVS
>>> defined in: CMakeFiles/retropack-runtime-fbneo.dir/submodules/fbneo/src/burn/drv/neogeo/d_neogeo.cpp.o

ld.lld: error: undefined symbol: BurnDrvNeoGeoMV1F
>>> referenced by burn.cpp
>>>               CMakeFiles/retropack-runtime-fbneo.dir/submodules/fbneo/src/burn/burn.cpp.o:(pDriver)

ld.lld: error: undefined symbol: BurnDrvNeoGeoMV1FZ
>>> referenced by burn.cpp
>>>               CMakeFiles/retropack-runtime-fbneo.dir/submodules/fbneo/src/burn/burn.cpp.o:(pDriver)

ld.lld: error: undefined symbol: BurnDrvNeoGeoMV2F
>>> referenced by burn.cpp
>>>               CMakeFiles/retropack-runtime-fbneo.dir/submodules/fbneo/src/burn/burn.cpp.o:(pDriver)

ld.lld: error: undefined symbol: BurnDrvNeoGeoMV4F
>>> referenced by burn.cpp
>>>               CMakeFiles/retropack-runtime-fbneo.dir/submodules/fbneo/src/burn/burn.cpp.o:(pDriver)

ld.lld: error: undefined symbol: m68ki_fake_push_32
>>> referenced by m68kcpu.h:1639 (/home/runner/work/retro-manager/retro-manager/runtime/retropack-runtime-fbneo/submodules/fbneo/src/cpu/m68k/m68kcpu.h:1639)
>>>               CMakeFiles/retropack-runtime-fbneo.dir/submodules/fbneo/src/cpu/m68k/m68kops.c.o:(.text.m68ki_stack_frame_1000+0x18)
>>> referenced by m68kcpu.h:1640 (/home/runner/work/retro-manager/retro-manager/runtime/retropack-runtime-fbneo/submodules/fbneo/src/cpu/m68k/m68kcpu.h:1640)
>>>               CMakeFiles/retropack-runtime-fbneo.dir/submodules/fbneo/src/cpu/m68k/m68kops.c.o:(.text.m68ki_stack_frame_1000+0x1C)
>>> referenced by m68kcpu.h:1641 (/home/runner/work/retro-manager/retro-manager/runtime/retropack-runtime-fbneo/submodules/fbneo/src/cpu/m68k/m68kcpu.h:1641)
>>>               CMakeFiles/retropack-runtime-fbneo.dir/submodules/fbneo/src/cpu/m68k/m68kops.c.o:(.text.m68ki_stack_frame_1000+0x20)
>>> referenced 13 more times

ld.lld: error: undefined symbol: m68ki_push_16
>>> referenced by m68kcpu.h:1649 (/home/runner/work/retro-manager/retro-manager/runtime/retropack-runtime-fbneo/submodules/fbneo/src/cpu/m68k/m68kcpu.h:1649)
>>>               CMakeFiles/retropack-runtime-fbneo.dir/submodules/fbneo/src/cpu/m68k/m68kops.c.o:(.text.m68ki_stack_frame_1000+0x40)
>>> referenced by m68kcpu.h:1655 (/home/runner/work/retro-manager/retro-manager/runtime/retropack-runtime-fbneo/submodules/fbneo/src/cpu/m68k/m68kcpu.h:1655)
>>>               CMakeFiles/retropack-runtime-fbneo.dir/submodules/fbneo/src/cpu/m68k/m68kops.c.o:(.text.m68ki_stack_frame_1000+0x4C)
>>> referenced by m68kcpu.h:1661 (/home/runner/work/retro-manager/retro-manager/runtime/retropack-runtime-fbneo/submodules/fbneo/src/cpu/m68k/m68kcpu.h:1661)
>>>               CMakeFiles/retropack-runtime-fbneo.dir/submodules/fbneo/src/cpu/m68k/m68kops.c.o:(.text.m68ki_stack_frame_1000+0x58)
>>> referenced 49 more times

ld.lld: error: undefined symbol: m68ki_fake_push_16
>>> referenced by m68kcpu.h:1652 (/home/runner/work/retro-manager/retro-manager/runtime/retropack-runtime-fbneo/submodules/fbneo/src/cpu/m68k/m68kcpu.h:1652)
>>>               CMakeFiles/retropack-runtime-fbneo.dir/submodules/fbneo/src/cpu/m68k/m68kops.c.o:(.text.m68ki_stack_frame_1000+0x44)
>>> referenced by m68kcpu.h:1658 (/home/runner/work/retro-manager/retro-manager/runtime/retropack-runtime-fbneo/submodules/fbneo/src/cpu/m68k/m68kcpu.h:1658)
>>>               CMakeFiles/retropack-runtime-fbneo.dir/submodules/fbneo/src/cpu/m68k/m68kops.c.o:(.text.m68ki_stack_frame_1000+0x50)
>>> referenced by m68kcpu.h:1664 (/home/runner/work/retro-manager/retro-manager/runtime/retropack-runtime-fbneo/submodules/fbneo/src/cpu/m68k/m68kcpu.h:1664)
>>>               CMakeFiles/retropack-runtime-fbneo.dir/submodules/fbneo/src/cpu/m68k/m68kops.c.o:(.text.m68ki_stack_frame_1000+0x5C)
>>> referenced 3 more times

ld.lld: error: undefined symbol: m68ki_push_32
>>> referenced by m68kcpu.h:1667 (/home/runner/work/retro-manager/retro-manager/runtime/retropack-runtime-fbneo/submodules/fbneo/src/cpu/m68k/m68kcpu.h:1667)
>>>               CMakeFiles/retropack-runtime-fbneo.dir/submodules/fbneo/src/cpu/m68k/m68kops.c.o:(.text.m68ki_stack_frame_1000+0x64)
>>> referenced by m68kcpu.h:1676 (/home/runner/work/retro-manager/retro-manager/runtime/retropack-runtime-fbneo/submodules/fbneo/src/cpu/m68k/m68kcpu.h:1676)
>>>               CMakeFiles/retropack-runtime-fbneo.dir/submodules/fbneo/src/cpu/m68k/m68kops.c.o:(.text.m68ki_stack_frame_1000+0x84)
>>> referenced by m68kcpu.h:1696 (/home/runner/work/retro-manager/retro-manager/runtime/retropack-runtime-fbneo/submodules/fbneo/src/cpu/m68k/m68kcpu.h:1696)
>>>               CMakeFiles/retropack-runtime-fbneo.dir/submodules/fbneo/src/cpu/m68k/m68kops.c.o:(.text.m68ki_stack_frame_1010+0x30)
>>> referenced 63 more times

ld.lld: error: undefined symbol: m68ki_init_exception
>>> referenced by m68kcpu.h:2016 (/home/runner/work/retro-manager/retro-manager/runtime/retropack-runtime-fbneo/submodules/fbneo/src/cpu/m68k/m68kcpu.h:2016)
>>>               CMakeFiles/retropack-runtime-fbneo.dir/submodules/fbneo/src/cpu/m68k/m68kops.c.o:(.text.m68ki_exception_interrupt+0x98)
>>> referenced by m68kcpu.h:2016 (/home/runner/work/retro-manager/retro-manager/runtime/retropack-runtime-fbneo/submodules/fbneo/src/cpu/m68k/m68kcpu.h:2016)
>>>               CMakeFiles/retropack-runtime-fbneo.dir/submodules/fbneo/src/cpu/m68k/m68kcpu.c.o:(m68ki_exception_interrupt)

ld.lld: error: undefined symbol: m68ki_read_32_fc
>>> referenced by m68kcpu.h:2022 (/home/runner/work/retro-manager/retro-manager/runtime/retropack-runtime-fbneo/submodules/fbneo/src/cpu/m68k/m68kcpu.h:2022)
>>>               CMakeFiles/retropack-runtime-fbneo.dir/submodules/fbneo/src/cpu/m68k/m68kops.c.o:(.text.m68ki_exception_interrupt+0xC8)
>>> referenced by m68kcpu.h:2026 (/home/runner/work/retro-manager/retro-manager/runtime/retropack-runtime-fbneo/submodules/fbneo/src/cpu/m68k/m68kcpu.h:2026)
>>>               CMakeFiles/retropack-runtime-fbneo.dir/submodules/fbneo/src/cpu/m68k/m68kops.c.o:(.text.m68ki_exception_interrupt+0xF4)
>>> referenced by m68kcpu.h:2022 (/home/runner/work/retro-manager/retro-manager/runtime/retropack-runtime-fbneo/submodules/fbneo/src/cpu/m68k/m68kcpu.h:2022)
>>>               CMakeFiles/retropack-runtime-fbneo.dir/submodules/fbneo/src/cpu/m68k/m68kcpu.c.o:(m68ki_exception_interrupt)
>>> referenced 210 more times

ld.lld: error: undefined symbol: m68ki_stack_frame_0000
>>> referenced by m68kcpu.h:2029 (/home/runner/work/retro-manager/retro-manager/runtime/retropack-runtime-fbneo/submodules/fbneo/src/cpu/m68k/m68kcpu.h:2029)
>>>               CMakeFiles/retropack-runtime-fbneo.dir/submodules/fbneo/src/cpu/m68k/m68kops.c.o:(.text.m68ki_exception_interrupt+0x118)
>>> referenced by m68kcpu.h:2029 (/home/runner/work/retro-manager/retro-manager/runtime/retropack-runtime-fbneo/submodules/fbneo/src/cpu/m68k/m68kcpu.h:2029)
>>>               CMakeFiles/retropack-runtime-fbneo.dir/submodules/fbneo/src/cpu/m68k/m68kcpu.c.o:(m68ki_exception_interrupt)

ld.lld: error: undefined symbol: m68ki_set_sm_flag
>>> referenced by m68kcpu.h:2033 (/home/runner/work/retro-manager/retro-manager/runtime/retropack-runtime-fbneo/submodules/fbneo/src/cpu/m68k/m68kcpu.h:2033)
>>>               CMakeFiles/retropack-runtime-fbneo.dir/submodules/fbneo/src/cpu/m68k/m68kops.c.o:(.text.m68ki_exception_interrupt+0x154)
>>> referenced by m68kcpu.h:2033 (/home/runner/work/retro-manager/retro-manager/runtime/retropack-runtime-fbneo/submodules/fbneo/src/cpu/m68k/m68kcpu.h:2033)
>>>               CMakeFiles/retropack-runtime-fbneo.dir/submodules/fbneo/src/cpu/m68k/m68kcpu.c.o:(m68ki_exception_interrupt)
>>> referenced by m68kcpu.c:1076 (/home/runner/work/retro-manager/retro-manager/runtime/retropack-runtime-fbneo/submodules/fbneo/src/cpu/m68k/m68kcpu.c:1076)
>>>               CMakeFiles/retropack-runtime-fbneo.dir/submodules/fbneo/src/cpu/m68k/m68kcpu.c.o:(m68k_pulse_reset)

ld.lld: error: undefined symbol: m68ki_stack_frame_0001
>>> referenced by m68kcpu.h:2035 (/home/runner/work/retro-manager/retro-manager/runtime/retropack-runtime-fbneo/submodules/fbneo/src/cpu/m68k/m68kcpu.h:2035)
>>>               CMakeFiles/retropack-runtime-fbneo.dir/submodules/fbneo/src/cpu/m68k/m68kops.c.o:(.text.m68ki_exception_interrupt+0x174)
>>> referenced by m68kcpu.h:2035 (/home/runner/work/retro-manager/retro-manager/runtime/retropack-runtime-fbneo/submodules/fbneo/src/cpu/m68k/m68kcpu.h:2035)
>>>               CMakeFiles/retropack-runtime-fbneo.dir/submodules/fbneo/src/cpu/m68k/m68kcpu.c.o:(m68ki_exception_interrupt)

ld.lld: error: undefined symbol: m68ki_jump
>>> referenced by m68kcpu.h:2038 (/home/runner/work/retro-manager/retro-manager/runtime/retropack-runtime-fbneo/submodules/fbneo/src/cpu/m68k/m68kcpu.h:2038)
>>>               CMakeFiles/retropack-runtime-fbneo.dir/submodules/fbneo/src/cpu/m68k/m68kops.c.o:(.text.m68ki_exception_interrupt+0x180)
>>> referenced by m68kcpu.h:2038 (/home/runner/work/retro-manager/retro-manager/runtime/retropack-runtime-fbneo/submodules/fbneo/src/cpu/m68k/m68kcpu.h:2038)
>>>               CMakeFiles/retropack-runtime-fbneo.dir/submodules/fbneo/src/cpu/m68k/m68kcpu.c.o:(m68ki_exception_interrupt)
>>> referenced by m68kcpu.c:623 (/home/runner/work/retro-manager/retro-manager/runtime/retropack-runtime-fbneo/submodules/fbneo/src/cpu/m68k/m68kcpu.c:623)
>>>               CMakeFiles/retropack-runtime-fbneo.dir/submodules/fbneo/src/cpu/m68k/m68kcpu.c.o:(m68k_set_reg)
>>> referenced 23 more times

ld.lld: error: undefined symbol: m68ki_exception_illegal
>>> referenced by m68kops.c:16468 (/home/runner/work/retro-manager/retro-manager/runtime/retropack-runtime-fbneo/submodules/fbneo/src/cpu/m68k/m68kops.c:16468)
>>>               CMakeFiles/retropack-runtime-fbneo.dir/submodules/fbneo/src/cpu/m68k/m68kops.c.o:(m68k_op_illegal)
>>> referenced by m68kops.c:9656 (/home/runner/work/retro-manager/retro-manager/runtime/retropack-runtime-fbneo/submodules/fbneo/src/cpu/m68k/m68kops.c:9656)
>>>               CMakeFiles/retropack-runtime-fbneo.dir/submodules/fbneo/src/cpu/m68k/m68kops.c.o:(m68k_op_chk_32_d)
>>> referenced by m68kops.c:9679 (/home/runner/work/retro-manager/retro-manager/runtime/retropack-runtime-fbneo/submodules/fbneo/src/cpu/m68k/m68kops.c:9679)
>>>               CMakeFiles/retropack-runtime-fbneo.dir/submodules/fbneo/src/cpu/m68k/m68kops.c.o:(m68k_op_chk_32_ai)
>>> referenced 280 more times

ld.lld: error: undefined symbol: m68ki_exception_1010
>>> referenced by m68kops.c:12 (/home/runner/work/retro-manager/retro-manager/runtime/retropack-runtime-fbneo/submodules/fbneo/src/cpu/m68k/m68kops.c:12)
>>>               CMakeFiles/retropack-runtime-fbneo.dir/submodules/fbneo/src/cpu/m68k/m68kops.c.o:(m68k_op_1010)

ld.lld: error: undefined symbol: m68ki_exception_1111
>>> referenced by m68kops.c:18 (/home/runner/work/retro-manager/retro-manager/runtime/retropack-runtime-fbneo/submodules/fbneo/src/cpu/m68k/m68kops.c:18)
>>>               CMakeFiles/retropack-runtime-fbneo.dir/submodules/fbneo/src/cpu/m68k/m68kops.c.o:(m68k_op_1111)
>>> referenced by m68kops.c:12183 (/home/runner/work/retro-manager/retro-manager/runtime/retropack-runtime-fbneo/submodules/fbneo/src/cpu/m68k/m68kops.c:12183)
>>>               CMakeFiles/retropack-runtime-fbneo.dir/submodules/fbneo/src/cpu/m68k/m68kops.c.o:(m68k_op_cpbcc_32)
>>> referenced by m68kops.c:12209 (/home/runner/work/retro-manager/retro-manager/runtime/retropack-runtime-fbneo/submodules/fbneo/src/cpu/m68k/m68kops.c:12209)
>>>               CMakeFiles/retropack-runtime-fbneo.dir/submodules/fbneo/src/cpu/m68k/m68kops.c.o:(m68k_op_cpgen_32)
>>> referenced 5 more times

ld.lld: error: undefined symbol: m68ki_branch_8
>>> referenced by m68kops.c:8082 (/home/runner/work/retro-manager/retro-manager/runtime/retropack-runtime-fbneo/submodules/fbneo/src/cpu/m68k/m68kops.c:8082)
>>>               CMakeFiles/retropack-runtime-fbneo.dir/submodules/fbneo/src/cpu/m68k/m68kops.c.o:(m68k_op_bra_8)
>>> referenced by m68kops.c:8343 (/home/runner/work/retro-manager/retro-manager/runtime/retropack-runtime-fbneo/submodules/fbneo/src/cpu/m68k/m68kops.c:8343)
>>>               CMakeFiles/retropack-runtime-fbneo.dir/submodules/fbneo/src/cpu/m68k/m68kops.c.o:(m68k_op_bsr_8)
>>> referenced by m68kops.c:4070 (/home/runner/work/retro-manager/retro-manager/runtime/retropack-runtime-fbneo/submodules/fbneo/src/cpu/m68k/m68kops.c:4070)
>>>               CMakeFiles/retropack-runtime-fbneo.dir/submodules/fbneo/src/cpu/m68k/m68kops.c.o:(m68k_op_bhi_8)
>>> referenced 29 more times

ld.lld: error: undefined symbol: m68ki_read_imm_16
>>> referenced by m68kops.c:23148 (/home/runner/work/retro-manager/retro-manager/runtime/retropack-runtime-fbneo/submodules/fbneo/src/cpu/m68k/m68kops.c:23148)
>>>               CMakeFiles/retropack-runtime-fbneo.dir/submodules/fbneo/src/cpu/m68k/m68kops.c.o:(m68k_op_movep_16_er)
>>> referenced by m68kfpu.c:753 (/home/runner/work/retro-manager/retro-manager/runtime/retropack-runtime-fbneo/submodules/fbneo/src/cpu/m68k/m68kfpu.c:753)
>>>               CMakeFiles/retropack-runtime-fbneo.dir/submodules/fbneo/src/cpu/m68k/m68kcpu.c.o:(m68040_fpu_op0)
>>> referenced by m68kops.c:23157 (/home/runner/work/retro-manager/retro-manager/runtime/retropack-runtime-fbneo/submodules/fbneo/src/cpu/m68k/m68kops.c:23157)
>>>               CMakeFiles/retropack-runtime-fbneo.dir/submodules/fbneo/src/cpu/m68k/m68kops.c.o:(m68k_op_movep_32_er)
>>> referenced 734 more times

ld.lld: error: too many errors emitted, stopping now (use --error-limit=0 to see all errors)
clang++: error: linker command failed with exit code 1 (use -v to see invocation)
ninja: build stopped: subcommand failed.

C++ build system [build] failed while executing:
    /usr/local/lib/android/sdk/cmake/3.22.1/bin/ninja \
      -C \
      /home/runner/work/retro-manager/retro-manager/runtime/retropack-runtime-fbneo/.cxx/Debug/1b1s4j3o/arm64-v8a \
      retropack-runtime-fbneo
  from /home/runner/work/retro-manager/retro-manager/runtime/retropack-runtime-fbneo
	at com.android.build.gradle.internal.cxx.process.ExecuteProcessKt.execute(ExecuteProcess.kt:288)
	at com.android.build.gradle.internal.cxx.process.ExecuteProcessKt$executeProcess$1.invoke(ExecuteProcess.kt:108)
	at com.android.build.gradle.internal.cxx.process.ExecuteProcessKt$executeProcess$1.invoke(ExecuteProcess.kt:106)
	at com.android.build.gradle.internal.cxx.timing.TimingEnvironmentKt.time(TimingEnvironment.kt:32)
	at com.android.build.gradle.internal.cxx.process.ExecuteProcessKt.executeProcess(ExecuteProcess.kt:106)
	at com.android.build.gradle.internal.cxx.process.ExecuteProcessKt.executeProcess$default(ExecuteProcess.kt:85)
	at com.android.build.gradle.internal.cxx.build.CxxRegularBuilder.executeProcessBatch(CxxRegularBuilder.kt:332)
	at com.android.build.gradle.internal.cxx.build.CxxRegularBuilder.build(CxxRegularBuilder.kt:129)
	at com.android.build.gradle.tasks.ExternalNativeBuildTask.doTaskAction(ExternalNativeBuildTask.kt:72)
	at com.android.build.gradle.internal.tasks.UnsafeOutputsTask$taskAction$$inlined$recordTaskAction$1.invoke(BaseTask.kt:78)
	at com.android.build.gradle.internal.tasks.Blocks.recordSpan(Blocks.java:51)
	at com.android.build.gradle.internal.tasks.UnsafeOutputsTask.taskAction(UnsafeOutputsTask.kt:81)
	at org.gradle.internal.reflect.JavaMethod.invoke(JavaMethod.java:125)
	... 129 more
Caused by: com.android.ide.common.process.ProcessException: Error while executing process /usr/local/lib/android/sdk/cmake/3.22.1/bin/ninja with arguments {-C /home/runner/work/retro-manager/retro-manager/runtime/retropack-runtime-fbneo/.cxx/Debug/1b1s4j3o/arm64-v8a retropack-runtime-fbneo}
	at com.android.build.gradle.internal.process.GradleProcessResult.buildProcessException(GradleProcessResult.java:73)
	at com.android.build.gradle.internal.process.GradleProcessResult.assertNormalExitValue(GradleProcessResult.java:48)
	at com.android.build.gradle.internal.cxx.process.ExecuteProcessKt.execute(ExecuteProcess.kt:277)
	... 141 more
Caused by: org.gradle.process.ProcessExecutionException: Process 'command '/usr/local/lib/android/sdk/cmake/3.22.1/bin/ninja'' finished with non-zero exit value 1
	at org.gradle.process.internal.DefaultExecHandle$ExecResultImpl.assertNormalExitValue(DefaultExecHandle.java:459)
	at com.android.build.gradle.internal.process.GradleProcessResult.assertNormalExitValue(GradleProcessResult.java:46)
	... 142 more


Deprecated Gradle features were used in this build, making it incompatible with Gradle 10.

You can use '--warning-mode all' to show the individual deprecation warnings and determine if they come from your own scripts or plugins.

For more on this, please refer to https://docs.gradle.org/9.5.1/userguide/command_line_interface.html#sec:command_line_warnings in the Gradle documentation.

BUILD FAILED in 3s
2 actionable tasks: 2 executed
