> Task :template-apk:preBuild UP-TO-DATE
> Task :template-apk:preDebugBuild UP-TO-DATE
> Task :template-apk:mergeDebugNativeDebugMetadata NO-SOURCE
> Task :template-apk:checkKotlinGradlePluginConfigurationErrors SKIPPED
> Task :runtime:retropack-runtime-common:preBuild UP-TO-DATE
> Task :runtime:retropack-runtime-common:preDebugBuild UP-TO-DATE
> Task :runtime:retropack-runtime-common:writeDebugAarMetadata UP-TO-DATE
> Task :runtime:retropack-runtime-fbneo:preBuild UP-TO-DATE
> Task :runtime:retropack-runtime-fbneo:preDebugBuild UP-TO-DATE
> Task :runtime:retropack-runtime-fceumm:preBuild UP-TO-DATE
> Task :runtime:retropack-runtime-fceumm:preDebugBuild UP-TO-DATE
> Task :runtime:retropack-runtime-fbneo:writeDebugAarMetadata
> Task :runtime:retropack-runtime-fceumm:writeDebugAarMetadata UP-TO-DATE
> Task :runtime:retropack-runtime-genesis:preBuild UP-TO-DATE
> Task :runtime:retropack-runtime-genesis:preDebugBuild UP-TO-DATE
> Task :runtime:retropack-runtime-genesis:writeDebugAarMetadata UP-TO-DATE
> Task :runtime:retropack-runtime-melonds:preBuild UP-TO-DATE
> Task :runtime:retropack-runtime-melonds:preDebugBuild UP-TO-DATE
> Task :runtime:retropack-runtime-melonds:writeDebugAarMetadata UP-TO-DATE
> Task :runtime:retropack-runtime-mgba:preBuild UP-TO-DATE
> Task :runtime:retropack-runtime-mgba:preDebugBuild UP-TO-DATE
> Task :runtime:retropack-runtime-mgba:writeDebugAarMetadata UP-TO-DATE
> Task :runtime:retropack-runtime-mupen64:preBuild UP-TO-DATE
> Task :runtime:retropack-runtime-mupen64:preDebugBuild UP-TO-DATE
> Task :runtime:retropack-runtime-pce:preBuild UP-TO-DATE
> Task :runtime:retropack-runtime-pce:preDebugBuild UP-TO-DATE
> Task :runtime:retropack-runtime-pce:writeDebugAarMetadata UP-TO-DATE
> Task :runtime:retropack-runtime-pcsx:preBuild UP-TO-DATE
> Task :runtime:retropack-runtime-pcsx:preDebugBuild UP-TO-DATE
> Task :runtime:retropack-runtime-pcsx:writeDebugAarMetadata UP-TO-DATE
> Task :runtime:retropack-runtime-mupen64:writeDebugAarMetadata
> Task :runtime:retropack-runtime-ppsspp:preBuild UP-TO-DATE
> Task :runtime:retropack-runtime-ppsspp:preDebugBuild UP-TO-DATE
> Task :runtime:retropack-runtime-snes9x:preBuild UP-TO-DATE
> Task :runtime:retropack-runtime-snes9x:preDebugBuild UP-TO-DATE
> Task :runtime:retropack-runtime-snes9x:writeDebugAarMetadata UP-TO-DATE
> Task :runtime:retropack-runtime-ppsspp:writeDebugAarMetadata
> Task :template-apk:generateDebugResValues
> Task :runtime:retropack-runtime-common:generateDebugResValues UP-TO-DATE
> Task :runtime:retropack-runtime-common:generateDebugResources UP-TO-DATE
> Task :runtime:retropack-runtime-common:packageDebugResources UP-TO-DATE
> Task :template-apk:checkDebugAarMetadata
> Task :runtime:retropack-runtime-fbneo:generateDebugResValues
> Task :runtime:retropack-runtime-fbneo:generateDebugResources
> Task :runtime:retropack-runtime-fbneo:packageDebugResources
> Task :runtime:retropack-runtime-fceumm:generateDebugResValues UP-TO-DATE
> Task :runtime:retropack-runtime-fceumm:generateDebugResources UP-TO-DATE
> Task :runtime:retropack-runtime-fceumm:packageDebugResources UP-TO-DATE
> Task :runtime:retropack-runtime-genesis:generateDebugResValues UP-TO-DATE
> Task :runtime:retropack-runtime-genesis:generateDebugResources UP-TO-DATE
> Task :runtime:retropack-runtime-genesis:packageDebugResources UP-TO-DATE
> Task :runtime:retropack-runtime-melonds:generateDebugResValues UP-TO-DATE
> Task :runtime:retropack-runtime-melonds:generateDebugResources UP-TO-DATE
> Task :runtime:retropack-runtime-melonds:packageDebugResources UP-TO-DATE
> Task :runtime:retropack-runtime-mgba:generateDebugResValues UP-TO-DATE
> Task :runtime:retropack-runtime-mgba:generateDebugResources UP-TO-DATE
> Task :runtime:retropack-runtime-mgba:packageDebugResources UP-TO-DATE
> Task :runtime:retropack-runtime-mupen64:generateDebugResValues
> Task :runtime:retropack-runtime-mupen64:generateDebugResources
> Task :runtime:retropack-runtime-mupen64:packageDebugResources
> Task :runtime:retropack-runtime-pce:generateDebugResValues UP-TO-DATE
> Task :runtime:retropack-runtime-pce:generateDebugResources UP-TO-DATE
> Task :runtime:retropack-runtime-pce:packageDebugResources UP-TO-DATE
> Task :runtime:retropack-runtime-pcsx:generateDebugResValues UP-TO-DATE
> Task :runtime:retropack-runtime-pcsx:generateDebugResources UP-TO-DATE
> Task :runtime:retropack-runtime-pcsx:packageDebugResources UP-TO-DATE
> Task :runtime:retropack-runtime-ppsspp:generateDebugResValues
> Task :runtime:retropack-runtime-ppsspp:generateDebugResources
> Task :runtime:retropack-runtime-ppsspp:packageDebugResources
> Task :runtime:retropack-runtime-snes9x:generateDebugResValues UP-TO-DATE
> Task :runtime:retropack-runtime-snes9x:generateDebugResources UP-TO-DATE
> Task :runtime:retropack-runtime-snes9x:packageDebugResources UP-TO-DATE
> Task :template-apk:mapDebugSourceSetPaths
> Task :template-apk:generateDebugResources
> Task :template-apk:packageDebugResources
> Task :template-apk:createDebugCompatibleScreenManifests
> Task :template-apk:extractDeepLinksDebug
> Task :runtime:retropack-runtime-common:extractDeepLinksDebug
> Task :runtime:retropack-runtime-common:processDebugManifest UP-TO-DATE
> Task :runtime:retropack-runtime-fbneo:extractDeepLinksDebug
> Task :runtime:retropack-runtime-fceumm:extractDeepLinksDebug
> Task :runtime:retropack-runtime-fceumm:processDebugManifest UP-TO-DATE
> Task :template-apk:parseDebugLocalResources
> Task :runtime:retropack-runtime-genesis:extractDeepLinksDebug
> Task :runtime:retropack-runtime-genesis:processDebugManifest UP-TO-DATE
> Task :runtime:retropack-runtime-fbneo:processDebugManifest
> Task :runtime:retropack-runtime-melonds:extractDeepLinksDebug
> Task :runtime:retropack-runtime-melonds:processDebugManifest UP-TO-DATE
> Task :runtime:retropack-runtime-mgba:extractDeepLinksDebug
> Task :runtime:retropack-runtime-mgba:processDebugManifest UP-TO-DATE
> Task :runtime:retropack-runtime-mupen64:extractDeepLinksDebug
> Task :template-apk:mergeDebugResources
> Task :runtime:retropack-runtime-mupen64:processDebugManifest
> Task :runtime:retropack-runtime-pce:extractDeepLinksDebug
> Task :runtime:retropack-runtime-pce:processDebugManifest UP-TO-DATE
> Task :runtime:retropack-runtime-pcsx:extractDeepLinksDebug
> Task :runtime:retropack-runtime-pcsx:processDebugManifest UP-TO-DATE
> Task :runtime:retropack-runtime-ppsspp:extractDeepLinksDebug
> Task :runtime:retropack-runtime-snes9x:extractDeepLinksDebug
> Task :runtime:retropack-runtime-snes9x:processDebugManifest UP-TO-DATE
> Task :runtime:retropack-runtime-ppsspp:processDebugManifest
> Task :runtime:retropack-runtime-common:compileDebugLibraryResources

> Task :template-apk:processDebugMainManifest
package="com.retropack.runtime" found in source AndroidManifest.xml: /home/runner/work/retro-manager/retro-manager/template-apk/src/main/AndroidManifest.xml.
Setting the namespace via the package attribute in the source AndroidManifest.xml is no longer supported, and the value is ignored.
Recommendation: remove package="com.retropack.runtime" from the source AndroidManifest.xml: /home/runner/work/retro-manager/retro-manager/template-apk/src/main/AndroidManifest.xml.
/home/runner/work/retro-manager/retro-manager/template-apk/src/main/AndroidManifest.xml:11:9-42 Warning:
	android:extractNativeLibs should not be specified in this source AndroidManifest.xml file. See https://d.android.com/guide/topics/manifest/application-element#extractNativeLibs for more information.
The AGP Upgrade Assistant can remove the attribute from the AndroidManifest.xml file and update the build file accordingly. See https://d.android.com/studio/build/agp-upgrade-assistant for more information.

> Task :template-apk:processDebugManifest
> Task :runtime:retropack-runtime-common:parseDebugLocalResources UP-TO-DATE
> Task :runtime:retropack-runtime-common:generateDebugRFile UP-TO-DATE
> Task :template-apk:processDebugManifestForPackage
> Task :runtime:retropack-runtime-fbneo:compileDebugLibraryResources
> Task :runtime:retropack-runtime-fbneo:parseDebugLocalResources
> Task :runtime:retropack-runtime-fceumm:compileDebugLibraryResources
> Task :runtime:retropack-runtime-fceumm:parseDebugLocalResources UP-TO-DATE
> Task :runtime:retropack-runtime-fceumm:generateDebugRFile UP-TO-DATE
> Task :runtime:retropack-runtime-genesis:parseDebugLocalResources UP-TO-DATE
> Task :runtime:retropack-runtime-genesis:generateDebugRFile UP-TO-DATE
> Task :runtime:retropack-runtime-fbneo:generateDebugRFile
> Task :runtime:retropack-runtime-genesis:compileDebugLibraryResources
> Task :runtime:retropack-runtime-melonds:compileDebugLibraryResources
> Task :runtime:retropack-runtime-melonds:parseDebugLocalResources UP-TO-DATE
> Task :runtime:retropack-runtime-melonds:generateDebugRFile UP-TO-DATE
> Task :runtime:retropack-runtime-mgba:parseDebugLocalResources UP-TO-DATE
> Task :runtime:retropack-runtime-mgba:compileDebugLibraryResources
> Task :runtime:retropack-runtime-mgba:generateDebugRFile UP-TO-DATE
> Task :runtime:retropack-runtime-mupen64:compileDebugLibraryResources
> Task :runtime:retropack-runtime-mupen64:parseDebugLocalResources
> Task :runtime:retropack-runtime-pce:compileDebugLibraryResources
> Task :runtime:retropack-runtime-pce:parseDebugLocalResources UP-TO-DATE
> Task :runtime:retropack-runtime-pce:generateDebugRFile UP-TO-DATE
> Task :runtime:retropack-runtime-pcsx:parseDebugLocalResources UP-TO-DATE
> Task :runtime:retropack-runtime-mupen64:generateDebugRFile
> Task :runtime:retropack-runtime-pcsx:generateDebugRFile UP-TO-DATE
> Task :runtime:retropack-runtime-pcsx:compileDebugLibraryResources
> Task :runtime:retropack-runtime-ppsspp:compileDebugLibraryResources
> Task :runtime:retropack-runtime-snes9x:parseDebugLocalResources UP-TO-DATE
> Task :runtime:retropack-runtime-ppsspp:parseDebugLocalResources
> Task :runtime:retropack-runtime-snes9x:compileDebugLibraryResources
> Task :runtime:retropack-runtime-snes9x:generateDebugRFile UP-TO-DATE
> Task :runtime:retropack-runtime-common:checkKotlinGradlePluginConfigurationErrors SKIPPED
> Task :runtime:retropack-runtime-ppsspp:generateDebugRFile
> Task :runtime:retropack-runtime-common:compileDebugKotlin UP-TO-DATE
> Task :runtime:retropack-runtime-common:javaPreCompileDebug UP-TO-DATE
> Task :runtime:retropack-runtime-common:compileDebugJavaWithJavac NO-SOURCE
> Task :runtime:retropack-runtime-common:bundleLibCompileToJarDebug UP-TO-DATE
> Task :runtime:retropack-runtime-fbneo:checkKotlinGradlePluginConfigurationErrors SKIPPED
> Task :runtime:retropack-runtime-fceumm:checkKotlinGradlePluginConfigurationErrors SKIPPED
> Task :runtime:retropack-runtime-fbneo:javaPreCompileDebug
> Task :runtime:retropack-runtime-fceumm:compileDebugKotlin UP-TO-DATE
> Task :runtime:retropack-runtime-fceumm:javaPreCompileDebug UP-TO-DATE
> Task :runtime:retropack-runtime-fceumm:compileDebugJavaWithJavac NO-SOURCE
> Task :runtime:retropack-runtime-genesis:checkKotlinGradlePluginConfigurationErrors SKIPPED
> Task :runtime:retropack-runtime-fceumm:bundleLibCompileToJarDebug
> Task :runtime:retropack-runtime-genesis:compileDebugKotlin UP-TO-DATE
> Task :runtime:retropack-runtime-genesis:javaPreCompileDebug UP-TO-DATE
> Task :runtime:retropack-runtime-genesis:compileDebugJavaWithJavac NO-SOURCE
> Task :runtime:retropack-runtime-melonds:checkKotlinGradlePluginConfigurationErrors SKIPPED
> Task :runtime:retropack-runtime-genesis:bundleLibCompileToJarDebug
> Task :runtime:retropack-runtime-melonds:compileDebugKotlin UP-TO-DATE
> Task :runtime:retropack-runtime-melonds:javaPreCompileDebug UP-TO-DATE
> Task :runtime:retropack-runtime-melonds:compileDebugJavaWithJavac NO-SOURCE
> Task :runtime:retropack-runtime-mgba:checkKotlinGradlePluginConfigurationErrors SKIPPED
> Task :runtime:retropack-runtime-melonds:bundleLibCompileToJarDebug
> Task :runtime:retropack-runtime-mgba:compileDebugKotlin UP-TO-DATE
> Task :runtime:retropack-runtime-mgba:javaPreCompileDebug UP-TO-DATE
> Task :runtime:retropack-runtime-mgba:compileDebugJavaWithJavac NO-SOURCE
> Task :runtime:retropack-runtime-mupen64:checkKotlinGradlePluginConfigurationErrors SKIPPED
> Task :runtime:retropack-runtime-mgba:bundleLibCompileToJarDebug
> Task :runtime:retropack-runtime-mupen64:javaPreCompileDebug
> Task :runtime:retropack-runtime-pce:checkKotlinGradlePluginConfigurationErrors SKIPPED
> Task :runtime:retropack-runtime-pce:compileDebugKotlin UP-TO-DATE
> Task :runtime:retropack-runtime-pce:javaPreCompileDebug UP-TO-DATE
> Task :runtime:retropack-runtime-pce:compileDebugJavaWithJavac NO-SOURCE
> Task :runtime:retropack-runtime-pce:bundleLibCompileToJarDebug
> Task :runtime:retropack-runtime-pcsx:checkKotlinGradlePluginConfigurationErrors SKIPPED
> Task :runtime:retropack-runtime-pcsx:compileDebugKotlin UP-TO-DATE
> Task :runtime:retropack-runtime-pcsx:javaPreCompileDebug UP-TO-DATE
> Task :runtime:retropack-runtime-pcsx:compileDebugJavaWithJavac NO-SOURCE
> Task :runtime:retropack-runtime-pcsx:bundleLibCompileToJarDebug
> Task :runtime:retropack-runtime-ppsspp:checkKotlinGradlePluginConfigurationErrors SKIPPED
> Task :template-apk:processDebugResources
> Task :runtime:retropack-runtime-ppsspp:javaPreCompileDebug
> Task :runtime:retropack-runtime-snes9x:checkKotlinGradlePluginConfigurationErrors SKIPPED
> Task :runtime:retropack-runtime-snes9x:compileDebugKotlin UP-TO-DATE
> Task :runtime:retropack-runtime-snes9x:javaPreCompileDebug UP-TO-DATE
> Task :runtime:retropack-runtime-snes9x:compileDebugJavaWithJavac NO-SOURCE
> Task :runtime:retropack-runtime-snes9x:bundleLibCompileToJarDebug
> Task :template-apk:javaPreCompileDebug
> Task :template-apk:mergeDebugShaders
> Task :template-apk:compileDebugShaders NO-SOURCE
> Task :template-apk:generateDebugAssets UP-TO-DATE
> Task :runtime:retropack-runtime-common:mergeDebugShaders UP-TO-DATE
> Task :runtime:retropack-runtime-common:compileDebugShaders NO-SOURCE
> Task :runtime:retropack-runtime-common:generateDebugAssets UP-TO-DATE
> Task :runtime:retropack-runtime-common:packageDebugAssets UP-TO-DATE
> Task :runtime:retropack-runtime-fbneo:mergeDebugShaders
> Task :runtime:retropack-runtime-fbneo:compileDebugShaders NO-SOURCE
> Task :runtime:retropack-runtime-fbneo:generateDebugAssets UP-TO-DATE
> Task :runtime:retropack-runtime-fbneo:packageDebugAssets
> Task :runtime:retropack-runtime-fceumm:mergeDebugShaders UP-TO-DATE
> Task :runtime:retropack-runtime-fceumm:compileDebugShaders NO-SOURCE
> Task :runtime:retropack-runtime-fceumm:generateDebugAssets UP-TO-DATE
> Task :runtime:retropack-runtime-fceumm:packageDebugAssets UP-TO-DATE
> Task :runtime:retropack-runtime-genesis:mergeDebugShaders UP-TO-DATE
> Task :runtime:retropack-runtime-genesis:compileDebugShaders NO-SOURCE
> Task :runtime:retropack-runtime-genesis:generateDebugAssets UP-TO-DATE
> Task :runtime:retropack-runtime-genesis:packageDebugAssets UP-TO-DATE
> Task :runtime:retropack-runtime-melonds:mergeDebugShaders UP-TO-DATE
> Task :runtime:retropack-runtime-melonds:compileDebugShaders NO-SOURCE
> Task :runtime:retropack-runtime-melonds:generateDebugAssets UP-TO-DATE
> Task :runtime:retropack-runtime-melonds:packageDebugAssets UP-TO-DATE
> Task :runtime:retropack-runtime-mgba:mergeDebugShaders UP-TO-DATE
> Task :runtime:retropack-runtime-mgba:compileDebugShaders NO-SOURCE
> Task :runtime:retropack-runtime-mgba:generateDebugAssets UP-TO-DATE
> Task :runtime:retropack-runtime-mgba:packageDebugAssets UP-TO-DATE
> Task :runtime:retropack-runtime-mupen64:mergeDebugShaders
> Task :runtime:retropack-runtime-mupen64:compileDebugShaders NO-SOURCE
> Task :runtime:retropack-runtime-mupen64:generateDebugAssets UP-TO-DATE
> Task :runtime:retropack-runtime-mupen64:packageDebugAssets
> Task :runtime:retropack-runtime-pce:mergeDebugShaders UP-TO-DATE
> Task :runtime:retropack-runtime-pce:compileDebugShaders NO-SOURCE
> Task :runtime:retropack-runtime-pce:generateDebugAssets UP-TO-DATE
> Task :runtime:retropack-runtime-pce:packageDebugAssets UP-TO-DATE
> Task :runtime:retropack-runtime-pcsx:mergeDebugShaders UP-TO-DATE
> Task :runtime:retropack-runtime-pcsx:compileDebugShaders NO-SOURCE
> Task :runtime:retropack-runtime-pcsx:generateDebugAssets UP-TO-DATE
> Task :runtime:retropack-runtime-pcsx:packageDebugAssets UP-TO-DATE
> Task :runtime:retropack-runtime-ppsspp:mergeDebugShaders
> Task :runtime:retropack-runtime-ppsspp:compileDebugShaders NO-SOURCE
> Task :runtime:retropack-runtime-ppsspp:generateDebugAssets UP-TO-DATE
> Task :runtime:retropack-runtime-ppsspp:packageDebugAssets
> Task :runtime:retropack-runtime-snes9x:mergeDebugShaders UP-TO-DATE
> Task :runtime:retropack-runtime-snes9x:compileDebugShaders NO-SOURCE
> Task :runtime:retropack-runtime-snes9x:generateDebugAssets UP-TO-DATE
> Task :runtime:retropack-runtime-snes9x:packageDebugAssets UP-TO-DATE
> Task :runtime:retropack-runtime-fbneo:compileDebugKotlin
> Task :template-apk:mergeDebugAssets
> Task :runtime:retropack-runtime-fbneo:compileDebugJavaWithJavac NO-SOURCE
> Task :runtime:retropack-runtime-fbneo:bundleLibCompileToJarDebug
> Task :template-apk:compressDebugAssets
> Task :runtime:retropack-runtime-mgba:bundleLibRuntimeToJarDebug
> Task :runtime:retropack-runtime-snes9x:bundleLibRuntimeToJarDebug
> Task :runtime:retropack-runtime-ppsspp:compileDebugKotlin
> Task :runtime:retropack-runtime-ppsspp:compileDebugJavaWithJavac NO-SOURCE
> Task :runtime:retropack-runtime-ppsspp:bundleLibCompileToJarDebug
> Task :runtime:retropack-runtime-genesis:bundleLibRuntimeToJarDebug
> Task :runtime:retropack-runtime-mupen64:compileDebugKotlin
> Task :runtime:retropack-runtime-mupen64:compileDebugJavaWithJavac NO-SOURCE
> Task :runtime:retropack-runtime-mupen64:bundleLibCompileToJarDebug
> Task :runtime:retropack-runtime-fceumm:bundleLibRuntimeToJarDebug
> Task :runtime:retropack-runtime-pce:bundleLibRuntimeToJarDebug
> Task :runtime:retropack-runtime-fbneo:bundleLibRuntimeToJarDebug
> Task :runtime:retropack-runtime-pcsx:bundleLibRuntimeToJarDebug
> Task :runtime:retropack-runtime-mupen64:bundleLibRuntimeToJarDebug
> Task :runtime:retropack-runtime-ppsspp:bundleLibRuntimeToJarDebug
> Task :runtime:retropack-runtime-melonds:bundleLibRuntimeToJarDebug
> Task :template-apk:desugarDebugFileDependencies
> Task :runtime:retropack-runtime-common:bundleLibRuntimeToJarDebug
> Task :runtime:retropack-runtime-common:processDebugJavaRes UP-TO-DATE
> Task :runtime:retropack-runtime-fbneo:processDebugJavaRes
> Task :runtime:retropack-runtime-fceumm:processDebugJavaRes UP-TO-DATE
> Task :runtime:retropack-runtime-genesis:processDebugJavaRes UP-TO-DATE
> Task :runtime:retropack-runtime-melonds:processDebugJavaRes UP-TO-DATE
> Task :runtime:retropack-runtime-mgba:processDebugJavaRes UP-TO-DATE
> Task :runtime:retropack-runtime-mupen64:processDebugJavaRes
> Task :runtime:retropack-runtime-pce:processDebugJavaRes UP-TO-DATE
> Task :runtime:retropack-runtime-pcsx:processDebugJavaRes UP-TO-DATE
> Task :runtime:retropack-runtime-ppsspp:processDebugJavaRes
> Task :runtime:retropack-runtime-snes9x:processDebugJavaRes UP-TO-DATE
> Task :template-apk:checkDebugDuplicateClasses
> Task :runtime:retropack-runtime-mgba:bundleLibRuntimeToDirDebug
> Task :runtime:retropack-runtime-snes9x:bundleLibRuntimeToDirDebug
> Task :runtime:retropack-runtime-genesis:bundleLibRuntimeToDirDebug
> Task :runtime:retropack-runtime-fceumm:bundleLibRuntimeToDirDebug
> Task :runtime:retropack-runtime-pce:bundleLibRuntimeToDirDebug
> Task :runtime:retropack-runtime-fbneo:bundleLibRuntimeToDirDebug
> Task :runtime:retropack-runtime-pcsx:bundleLibRuntimeToDirDebug
> Task :runtime:retropack-runtime-mupen64:bundleLibRuntimeToDirDebug

> Task :template-apk:compileDebugKotlin
w: file:///home/runner/work/retro-manager/retro-manager/template-apk/src/main/kotlin/com/retropack/runtime/GameActivity.kt:159:57 Condition is always 'true'.
w: file:///home/runner/work/retro-manager/retro-manager/template-apk/src/main/kotlin/com/retropack/runtime/GameActivity.kt:953:41 'val defaultDisplay: Display!' is deprecated. Deprecated in Java.
w: file:///home/runner/work/retro-manager/retro-manager/template-apk/src/main/kotlin/com/retropack/runtime/GameActivity.kt:972:26 'var systemUiVisibility: Int' is deprecated. Deprecated in Java.
w: file:///home/runner/work/retro-manager/retro-manager/template-apk/src/main/kotlin/com/retropack/runtime/GameActivity.kt:973:18 'static field SYSTEM_UI_FLAG_FULLSCREEN: Int' is deprecated. Deprecated in Java.
w: file:///home/runner/work/retro-manager/retro-manager/template-apk/src/main/kotlin/com/retropack/runtime/GameActivity.kt:974:25 'static field SYSTEM_UI_FLAG_HIDE_NAVIGATION: Int' is deprecated. Deprecated in Java.
w: file:///home/runner/work/retro-manager/retro-manager/template-apk/src/main/kotlin/com/retropack/runtime/GameActivity.kt:975:25 'static field SYSTEM_UI_FLAG_IMMERSIVE_STICKY: Int' is deprecated. Deprecated in Java.
w: file:///home/runner/work/retro-manager/retro-manager/template-apk/src/main/kotlin/com/retropack/runtime/GameActivity.kt:976:25 'static field SYSTEM_UI_FLAG_LAYOUT_FULLSCREEN: Int' is deprecated. Deprecated in Java.
w: file:///home/runner/work/retro-manager/retro-manager/template-apk/src/main/kotlin/com/retropack/runtime/GameActivity.kt:977:25 'static field SYSTEM_UI_FLAG_LAYOUT_HIDE_NAVIGATION: Int' is deprecated. Deprecated in Java.
w: file:///home/runner/work/retro-manager/retro-manager/template-apk/src/main/kotlin/com/retropack/runtime/GameActivity.kt:978:25 'static field SYSTEM_UI_FLAG_LAYOUT_STABLE: Int' is deprecated. Deprecated in Java.

> Task :template-apk:compileDebugJavaWithJavac NO-SOURCE
> Task :template-apk:dexBuilderDebug
> Task :template-apk:processDebugJavaRes
> Task :runtime:retropack-runtime-ppsspp:bundleLibRuntimeToDirDebug
> Task :runtime:retropack-runtime-melonds:bundleLibRuntimeToDirDebug
> Task :template-apk:mergeDebugJavaResource
> Task :runtime:retropack-runtime-common:bundleLibRuntimeToDirDebug
> Task :template-apk:mergeProjectDexDebug
> Task :template-apk:mergeDebugJniLibFolders
> Task :runtime:retropack-runtime-common:mergeDebugJniLibFolders UP-TO-DATE
> Task :runtime:retropack-runtime-common:mergeDebugNativeLibs NO-SOURCE
> Task :runtime:retropack-runtime-common:copyDebugJniLibsProjectOnly
> Task :runtime:retropack-runtime-fbneo:configureCMakeDebug[arm64-v8a]

> Task :runtime:retropack-runtime-fbneo:buildCMakeDebug[arm64-v8a] FAILED
C/C++: ninja: Entering directory `/home/runner/work/retro-manager/retro-manager/runtime/retropack-runtime-fbneo/.cxx/Debug/1b1s4j3o/arm64-v8a'
C/C++: : && /usr/local/lib/android/sdk/ndk/27.0.12077973/toolchains/llvm/prebuilt/linux-x86_64/bin/clang++ --target=aarch64-none-linux-android26 --sysroot=/usr/local/lib/android/sdk/ndk/27.0.12077973/toolchains/llvm/prebuilt/linux-x86_64/sysroot -fPIC -g -DANDROID -fdata-sections -ffunction-sections -funwind-tables -fstack-protector-strong -no-canonical-prefixes -D_FORTIFY_SOURCE=2 -Wformat -Werror=format-security   -fno-limit-debug-info  -static-libstdc++ -Wl,--build-id=sha1 -Wl,--no-rosegment -Wl,--no-undefined-version -Wl,--fatal-warnings -Wl,--no-undefined -Qunused-arguments  -Wl,-z,max-page-size=16384 -Wl,-z,common-page-size=16384   -Wl,-z,max-page-size=16384 -Wl,-z,common-page-size=16384 -Wl,--allow-multiple-definition -Wl,-z,muldefs -shared -Wl,-soname,libretropack-runtime-fbneo.so -o ../../../../build/intermediates/cxx/Debug/1b1s4j3o/obj/arm64-v8a/libretropack-runtime-fbneo.so CMakeFiles/retropack-runtime-fbneo.dir/src/main/cpp/fbneo-jni.cpp.o CMakeFiles/retropack-runtime-fbneo.dir/src/main/cpp/ringbuffer.c.o CMakeFiles/retropack-runtime-fbneo.dir/submodules/fbneo/src/burn/burn.cpp.o CMakeFiles/retropack-runtime-fbneo.dir/submodules/fbneo/src/burn/burn_gun.cpp.o CMakeFiles/retropack-runtime-fbneo.dir/submodules/fbneo/src/burn/burn_memory.cpp.o CMakeFiles/retropack-runtime-fbneo.dir/submodules/fbneo/src/burn/burn_sound.cpp.o CMakeFiles/retropack-runtime-fbneo.dir/submodules/fbneo/src/burn/cheat.cpp.o CMakeFiles/retropack-runtime-fbneo.dir/submodules/fbneo/src/burn/debug_track.cpp.o CMakeFiles/retropack-runtime-fbneo.dir/submodules/fbneo/src/burn/hiscore.cpp.o CMakeFiles/retropack-runtime-fbneo.dir/submodules/fbneo/src/burn/load.cpp.o CMakeFiles/retropack-runtime-fbneo.dir/submodules/fbneo/src/burn/timer.cpp.o CMakeFiles/retropack-runtime-fbneo.dir/submodules/fbneo/src/burn/burn_sha1.cpp.o CMakeFiles/retropack-runtime-fbneo.dir/submodules/fbneo/src/burner/conc.cpp.o CMakeFiles/retropack-runtime-fbneo.dir/submodules/fbneo/src/burner/dat.cpp.o CMakeFiles/retropack-runtime-fbneo.dir/submodules/fbneo/src/burner/statec.cpp.o CMakeFiles/retropack-runtime-fbneo.dir/submodules/fbneo/src/burner/zipfn.cpp.o CMakeFiles/retropack-runtime-fbneo.dir/submodules/fbneo/src/burner/nvram.cpp.o CMakeFiles/retropack-runtime-fbneo.dir/submodules/fbneo/src/burner/cdlist.cpp.o CMakeFiles/retropack-runtime-fbneo.dir/submodules/fbneo/src/burner/ioapi.c.o CMakeFiles/retropack-runtime-fbneo.dir/submodules/fbneo/src/burner/unzip.c.o CMakeFiles/retropack-runtime-fbneo.dir/submodules/fbneo/src/burn/drv/neogeo/d_neogeo.cpp.o CMakeFiles/retropack-runtime-fbneo.dir/submodules/fbneo/src/burn/drv/neogeo/neo_decrypt.cpp.o CMakeFiles/retropack-runtime-fbneo.dir/submodules/fbneo/src/burn/drv/neogeo/neo_palette.cpp.o CMakeFiles/retropack-runtime-fbneo.dir/submodules/fbneo/src/burn/drv/neogeo/neo_run.cpp.o CMakeFiles/retropack-runtime-fbneo.dir/submodules/fbneo/src/burn/drv/neogeo/neo_sprite.cpp.o CMakeFiles/retropack-runtime-fbneo.dir/submodules/fbneo/src/burn/drv/neogeo/neo_text.cpp.o CMakeFiles/retropack-runtime-fbneo.dir/submodules/fbneo/src/burn/drv/neogeo/neo_upd4990a.cpp.o CMakeFiles/retropack-runtime-fbneo.dir/submodules/fbneo/src/burn/drv/neogeo/neogeo.cpp.o CMakeFiles/retropack-runtime-fbneo.dir/submodules/fbneo/src/burn/snd/fm.c.o CMakeFiles/retropack-runtime-fbneo.dir/submodules/fbneo/src/burn/snd/ay8910.c.o CMakeFiles/retropack-runtime-fbneo.dir/submodules/fbneo/src/burn/snd/ymdeltat.c.o CMakeFiles/retropack-runtime-fbneo.dir/submodules/fbneo/src/burn/snd/burn_ym2203.cpp.o CMakeFiles/retropack-runtime-fbneo.dir/submodules/fbneo/src/burn/snd/burn_ym2608.cpp.o CMakeFiles/retropack-runtime-fbneo.dir/submodules/fbneo/src/burn/snd/burn_ym2610.cpp.o CMakeFiles/retropack-runtime-fbneo.dir/submodules/fbneo/src/burn/snd/burn_ym2612.cpp.o CMakeFiles/retropack-runtime-fbneo.dir/submodules/fbneo/src/burn/devices/joyprocess.cpp.o CMakeFiles/retropack-runtime-fbneo.dir/submodules/fbneo/src/burn/devices/resnet.cpp.o CMakeFiles/retropack-runtime-fbneo.dir/submodules/fbneo/src/cpu/m68k/m68kcpu.c.o CMakeFiles/retropack-runtime-fbneo.dir/submodules/fbneo/src/cpu/m68k/m68kops.c.o CMakeFiles/retropack-runtime-fbneo.dir/submodules/fbneo/src/cpu/m68000_intf.cpp.o CMakeFiles/retropack-runtime-fbneo.dir/submodules/fbneo/src/cpu/z80_intf.cpp.o CMakeFiles/retropack-runtime-fbneo.dir/submodules/fbneo/src/cpu/z80/z80.cpp.o CMakeFiles/retropack-runtime-fbneo.dir/submodules/fbneo/src/cpu/z80/z80ctc.cpp.o CMakeFiles/retropack-runtime-fbneo.dir/submodules/fbneo/src/cpu/z80/z80daisy.cpp.o CMakeFiles/retropack-runtime-fbneo.dir/submodules/fbneo/src/cpu/z80/z80pio.cpp.o  -lGLESv2  -lEGL  -lOpenSLES  -landroid  -llog  -lm  -lz  -latomic -lm && :
C/C++: ld.lld: error: undefined symbol: BurnDrvNeoGeoMV1
C/C++: >>> referenced by burn.cpp
C/C++: >>>               CMakeFiles/retropack-runtime-fbneo.dir/submodules/fbneo/src/burn/burn.cpp.o:(pDriver)
C/C++: >>> did you mean: BurnDrvNeoGeoMVS
C/C++: >>> defined in: CMakeFiles/retropack-runtime-fbneo.dir/submodules/fbneo/src/burn/drv/neogeo/d_neogeo.cpp.o
C/C++: ld.lld: error: undefined symbol: BurnDrvNeoGeoMV1F
C/C++: >>> referenced by burn.cpp
C/C++: >>>               CMakeFiles/retropack-runtime-fbneo.dir/submodules/fbneo/src/burn/burn.cpp.o:(pDriver)
C/C++: ld.lld: error: undefined symbol: BurnDrvNeoGeoMV1FZ
C/C++: >>> referenced by burn.cpp
C/C++: >>>               CMakeFiles/retropack-runtime-fbneo.dir/submodules/fbneo/src/burn/burn.cpp.o:(pDriver)
C/C++: ld.lld: error: undefined symbol: BurnDrvNeoGeoMV2F
C/C++: >>> referenced by burn.cpp
C/C++: >>>               CMakeFiles/retropack-runtime-fbneo.dir/submodules/fbneo/src/burn/burn.cpp.o:(pDriver)
C/C++: ld.lld: error: undefined symbol: BurnDrvNeoGeoMV4F
C/C++: >>> referenced by burn.cpp
C/C++: >>>               CMakeFiles/retropack-runtime-fbneo.dir/submodules/fbneo/src/burn/burn.cpp.o:(pDriver)
C/C++: ld.lld: error: undefined symbol: rfopen
C/C++: >>> referenced by fbneo-jni.cpp:76 (/home/runner/work/retro-manager/retro-manager/runtime/retropack-runtime-fbneo/src/main/cpp/fbneo-jni.cpp:76)
C/C++: >>>               CMakeFiles/retropack-runtime-fbneo.dir/src/main/cpp/fbneo-jni.cpp.o:(BurnStateSave(char*, int))
C/C++: >>> referenced by fbneo-jni.cpp:87 (/home/runner/work/retro-manager/retro-manager/runtime/retropack-runtime-fbneo/src/main/cpp/fbneo-jni.cpp:87)
C/C++: >>>               CMakeFiles/retropack-runtime-fbneo.dir/src/main/cpp/fbneo-jni.cpp.o:(BurnStateLoad(char*, int, int (*)()))
C/C++: >>> referenced by neo_text.cpp:290 (/home/runner/work/retro-manager/retro-manager/runtime/retropack-runtime-fbneo/submodules/fbneo/src/burn/drv/neogeo/neo_text.cpp:290)
C/C++: >>>               CMakeFiles/retropack-runtime-fbneo.dir/submodules/fbneo/src/burn/drv/neogeo/neo_text.cpp.o:(NeoTextBlendInit(int))
C/C++: >>> referenced 20 more times
C/C++: ld.lld: error: undefined symbol: rfclose
C/C++: >>> referenced by fbneo-jni.cpp:80 (/home/runner/work/retro-manager/retro-manager/runtime/retropack-runtime-fbneo/src/main/cpp/fbneo-jni.cpp:80)
C/C++: >>>               CMakeFiles/retropack-runtime-fbneo.dir/src/main/cpp/fbneo-jni.cpp.o:(BurnStateSave(char*, int))
C/C++: >>> referenced by fbneo-jni.cpp:91 (/home/runner/work/retro-manager/retro-manager/runtime/retropack-runtime-fbneo/src/main/cpp/fbneo-jni.cpp:91)
C/C++: >>>               CMakeFiles/retropack-runtime-fbneo.dir/src/main/cpp/fbneo-jni.cpp.o:(BurnStateLoad(char*, int, int (*)()))
C/C++: >>> referenced by neo_text.cpp:337 (/home/runner/work/retro-manager/retro-manager/runtime/retropack-runtime-fbneo/submodules/fbneo/src/burn/drv/neogeo/neo_text.cpp:337)
C/C++: >>>               CMakeFiles/retropack-runtime-fbneo.dir/submodules/fbneo/src/burn/drv/neogeo/neo_text.cpp.o:(NeoTextBlendInit(int))
C/C++: >>> referenced 16 more times
C/C++: ld.lld: error: undefined symbol: rfwrite
C/C++: >>> referenced by fbneo-jni.cpp:62 (/home/runner/work/retro-manager/retro-manager/runtime/retropack-runtime-fbneo/src/main/cpp/fbneo-jni.cpp:62)
C/C++: >>>               CMakeFiles/retropack-runtime-fbneo.dir/src/main/cpp/fbneo-jni.cpp.o:(FbneoFileWriteAcb(BurnArea*))
C/C++: >>> referenced by ioapi.c:131 (/home/runner/work/retro-manager/retro-manager/runtime/retropack-runtime-fbneo/submodules/fbneo/src/burner/ioapi.c:131)
C/C++: >>>               CMakeFiles/retropack-runtime-fbneo.dir/submodules/fbneo/src/burner/ioapi.c.o:(fwrite_file_func)
C/C++: >>> referenced by nvram.cpp:109 (/home/runner/work/retro-manager/retro-manager/runtime/retropack-runtime-fbneo/submodules/fbneo/src/burner/nvram.cpp:109)
C/C++: >>>               CMakeFiles/retropack-runtime-fbneo.dir/submodules/fbneo/src/burner/nvram.cpp.o:(BurnNvramSave(char*))
C/C++: >>> referenced 2 more times
C/C++: ld.lld: error: undefined symbol: rfread
C/C++: >>> referenced by fbneo-jni.cpp:69 (/home/runner/work/retro-manager/retro-manager/runtime/retropack-runtime-fbneo/src/main/cpp/fbneo-jni.cpp:69)
C/C++: >>>               CMakeFiles/retropack-runtime-fbneo.dir/src/main/cpp/fbneo-jni.cpp.o:(FbneoFileReadAcb(BurnArea*))
C/C++: >>> referenced by ioapi.c:124 (/home/runner/work/retro-manager/retro-manager/runtime/retropack-runtime-fbneo/submodules/fbneo/src/burner/ioapi.c:124)
C/C++: >>>               CMakeFiles/retropack-runtime-fbneo.dir/submodules/fbneo/src/burner/ioapi.c.o:(fread_file_func)
C/C++: >>> referenced by nvram.cpp:52 (/home/runner/work/retro-manager/retro-manager/runtime/retropack-runtime-fbneo/submodules/fbneo/src/burner/nvram.cpp:52)
C/C++: >>>               CMakeFiles/retropack-runtime-fbneo.dir/submodules/fbneo/src/burner/nvram.cpp.o:(BurnNvramLoad(char*))
C/C++: >>> referenced 3 more times
C/C++: ld.lld: error: undefined symbol: m68ki_fake_push_32
C/C++: >>> referenced by m68kcpu.h:1639 (/home/runner/work/retro-manager/retro-manager/runtime/retropack-runtime-fbneo/submodules/fbneo/src/cpu/m68k/m68kcpu.h:1639)
C/C++: >>>               CMakeFiles/retropack-runtime-fbneo.dir/submodules/fbneo/src/cpu/m68k/m68kops.c.o:(.text.m68ki_stack_frame_1000+0x18)
C/C++: >>> referenced by m68kcpu.h:1640 (/home/runner/work/retro-manager/retro-manager/runtime/retropack-runtime-fbneo/submodules/fbneo/src/cpu/m68k/m68kcpu.h:1640)
C/C++: >>>               CMakeFiles/retropack-runtime-fbneo.dir/submodules/fbneo/src/cpu/m68k/m68kops.c.o:(.text.m68ki_stack_frame_1000+0x1C)
C/C++: >>> referenced by m68kcpu.h:1641 (/home/runner/work/retro-manager/retro-manager/runtime/retropack-runtime-fbneo/submodules/fbneo/src/cpu/m68k/m68kcpu.h:1641)
C/C++: >>>               CMakeFiles/retropack-runtime-fbneo.dir/submodules/fbneo/src/cpu/m68k/m68kops.c.o:(.text.m68ki_stack_frame_1000+0x20)
C/C++: >>> referenced 13 more times
C/C++: ld.lld: error: undefined symbol: m68ki_push_16
C/C++: >>> referenced by m68kcpu.h:1649 (/home/runner/work/retro-manager/retro-manager/runtime/retropack-runtime-fbneo/submodules/fbneo/src/cpu/m68k/m68kcpu.h:1649)
C/C++: >>>               CMakeFiles/retropack-runtime-fbneo.dir/submodules/fbneo/src/cpu/m68k/m68kops.c.o:(.text.m68ki_stack_frame_1000+0x40)
C/C++: >>> referenced by m68kcpu.h:1655 (/home/runner/work/retro-manager/retro-manager/runtime/retropack-runtime-fbneo/submodules/fbneo/src/cpu/m68k/m68kcpu.h:1655)
C/C++: >>>               CMakeFiles/retropack-runtime-fbneo.dir/submodules/fbneo/src/cpu/m68k/m68kops.c.o:(.text.m68ki_stack_frame_1000+0x4C)
C/C++: >>> referenced by m68kcpu.h:1661 (/home/runner/work/retro-manager/retro-manager/runtime/retropack-runtime-fbneo/submodules/fbneo/src/cpu/m68k/m68kcpu.h:1661)
C/C++: >>>               CMakeFiles/retropack-runtime-fbneo.dir/submodules/fbneo/src/cpu/m68k/m68kops.c.o:(.text.m68ki_stack_frame_1000+0x58)
C/C++: >>> referenced 49 more times
C/C++: ld.lld: error: undefined symbol: m68ki_fake_push_16
C/C++: >>> referenced by m68kcpu.h:1652 (/home/runner/work/retro-manager/retro-manager/runtime/retropack-runtime-fbneo/submodules/fbneo/src/cpu/m68k/m68kcpu.h:1652)
C/C++: >>>               CMakeFiles/retropack-runtime-fbneo.dir/submodules/fbneo/src/cpu/m68k/m68kops.c.o:(.text.m68ki_stack_frame_1000+0x44)
C/C++: >>> referenced by m68kcpu.h:1658 (/home/runner/work/retro-manager/retro-manager/runtime/retropack-runtime-fbneo/submodules/fbneo/src/cpu/m68k/m68kcpu.h:1658)
C/C++: >>>               CMakeFiles/retropack-runtime-fbneo.dir/submodules/fbneo/src/cpu/m68k/m68kops.c.o:(.text.m68ki_stack_frame_1000+0x50)
C/C++: >>> referenced by m68kcpu.h:1664 (/home/runner/work/retro-manager/retro-manager/runtime/retropack-runtime-fbneo/submodules/fbneo/src/cpu/m68k/m68kcpu.h:1664)
C/C++: >>>               CMakeFiles/retropack-runtime-fbneo.dir/submodules/fbneo/src/cpu/m68k/m68kops.c.o:(.text.m68ki_stack_frame_1000+0x5C)
C/C++: >>> referenced 3 more times
C/C++: ld.lld: error: undefined symbol: m68ki_push_32
C/C++: >>> referenced by m68kcpu.h:1667 (/home/runner/work/retro-manager/retro-manager/runtime/retropack-runtime-fbneo/submodules/fbneo/src/cpu/m68k/m68kcpu.h:1667)
C/C++: >>>               CMakeFiles/retropack-runtime-fbneo.dir/submodules/fbneo/src/cpu/m68k/m68kops.c.o:(.text.m68ki_stack_frame_1000+0x64)
C/C++: >>> referenced by m68kcpu.h:1676 (/home/runner/work/retro-manager/retro-manager/runtime/retropack-runtime-fbneo/submodules/fbneo/src/cpu/m68k/m68kcpu.h:1676)
C/C++: >>>               CMakeFiles/retropack-runtime-fbneo.dir/submodules/fbneo/src/cpu/m68k/m68kops.c.o:(.text.m68ki_stack_frame_1000+0x84)
C/C++: >>> referenced by m68kcpu.h:1696 (/home/runner/work/retro-manager/retro-manager/runtime/retropack-runtime-fbneo/submodules/fbneo/src/cpu/m68k/m68kcpu.h:1696)
C/C++: >>>               CMakeFiles/retropack-runtime-fbneo.dir/submodules/fbneo/src/cpu/m68k/m68kops.c.o:(.text.m68ki_stack_frame_1010+0x30)
C/C++: >>> referenced 63 more times
C/C++: ld.lld: error: undefined symbol: m68ki_init_exception
C/C++: >>> referenced by m68kcpu.h:2016 (/home/runner/work/retro-manager/retro-manager/runtime/retropack-runtime-fbneo/submodules/fbneo/src/cpu/m68k/m68kcpu.h:2016)
C/C++: >>>               CMakeFiles/retropack-runtime-fbneo.dir/submodules/fbneo/src/cpu/m68k/m68kops.c.o:(.text.m68ki_exception_interrupt+0x98)
C/C++: >>> referenced by m68kcpu.h:2016 (/home/runner/work/retro-manager/retro-manager/runtime/retropack-runtime-fbneo/submodules/fbneo/src/cpu/m68k/m68kcpu.h:2016)
C/C++: >>>               CMakeFiles/retropack-runtime-fbneo.dir/submodules/fbneo/src/cpu/m68k/m68kcpu.c.o:(m68ki_exception_interrupt)
C/C++: ld.lld: error: undefined symbol: m68ki_read_32_fc
C/C++: >>> referenced by m68kcpu.h:2022 (/home/runner/work/retro-manager/retro-manager/runtime/retropack-runtime-fbneo/submodules/fbneo/src/cpu/m68k/m68kcpu.h:2022)
C/C++: >>>               CMakeFiles/retropack-runtime-fbneo.dir/submodules/fbneo/src/cpu/m68k/m68kops.c.o:(.text.m68ki_exception_interrupt+0xC8)
C/C++: >>> referenced by m68kcpu.h:2026 (/home/runner/work/retro-manager/retro-manager/runtime/retropack-runtime-fbneo/submodules/fbneo/src/cpu/m68k/m68kcpu.h:2026)
C/C++: >>>               CMakeFiles/retropack-runtime-fbneo.dir/submodules/fbneo/src/cpu/m68k/m68kops.c.o:(.text.m68ki_exception_interrupt+0xF4)
C/C++: >>> referenced by m68kops.c:2091 (/home/runner/work/retro-manager/retro-manager/runtime/retropack-runtime-fbneo/submodules/fbneo/src/cpu/m68k/m68kops.c:2091)
C/C++: >>>               CMakeFiles/retropack-runtime-fbneo.dir/submodules/fbneo/src/cpu/m68k/m68kops.c.o:(m68k_op_addq_32_ai)
C/C++: >>> referenced 210 more times
C/C++: ld.lld: error: undefined symbol: m68ki_stack_frame_0000
C/C++: >>> referenced by m68kcpu.h:2029 (/home/runner/work/retro-manager/retro-manager/runtime/retropack-runtime-fbneo/submodules/fbneo/src/cpu/m68k/m68kcpu.h:2029)
C/C++: >>>               CMakeFiles/retropack-runtime-fbneo.dir/submodules/fbneo/src/cpu/m68k/m68kops.c.o:(.text.m68ki_exception_interrupt+0x118)
C/C++: >>> referenced by m68kcpu.h:2029 (/home/runner/work/retro-manager/retro-manager/runtime/retropack-runtime-fbneo/submodules/fbneo/src/cpu/m68k/m68kcpu.h:2029)
C/C++: >>>               CMakeFiles/retropack-runtime-fbneo.dir/submodules/fbneo/src/cpu/m68k/m68kcpu.c.o:(m68ki_exception_interrupt)
C/C++: ld.lld: error: undefined symbol: m68ki_set_sm_flag
C/C++: >>> referenced by m68kcpu.h:2033 (/home/runner/work/retro-manager/retro-manager/runtime/retropack-runtime-fbneo/submodules/fbneo/src/cpu/m68k/m68kcpu.h:2033)
C/C++: >>>               CMakeFiles/retropack-runtime-fbneo.dir/submodules/fbneo/src/cpu/m68k/m68kops.c.o:(.text.m68ki_exception_interrupt+0x154)
C/C++: >>> referenced by m68kcpu.h:2033 (/home/runner/work/retro-manager/retro-manager/runtime/retropack-runtime-fbneo/submodules/fbneo/src/cpu/m68k/m68kcpu.h:2033)
C/C++: >>>               CMakeFiles/retropack-runtime-fbneo.dir/submodules/fbneo/src/cpu/m68k/m68kcpu.c.o:(m68ki_exception_interrupt)
C/C++: >>> referenced by m68kcpu.c:1076 (/home/runner/work/retro-manager/retro-manager/runtime/retropack-runtime-fbneo/submodules/fbneo/src/cpu/m68k/m68kcpu.c:1076)
C/C++: >>>               CMakeFiles/retropack-runtime-fbneo.dir/submodules/fbneo/src/cpu/m68k/m68kcpu.c.o:(m68k_pulse_reset)
C/C++: ld.lld: error: undefined symbol: m68ki_stack_frame_0001
C/C++: >>> referenced by m68kcpu.h:2035 (/home/runner/work/retro-manager/retro-manager/runtime/retropack-runtime-fbneo/submodules/fbneo/src/cpu/m68k/m68kcpu.h:2035)
C/C++: >>>               CMakeFiles/retropack-runtime-fbneo.dir/submodules/fbneo/src/cpu/m68k/m68kops.c.o:(.text.m68ki_exception_interrupt+0x174)
C/C++: >>> referenced by m68kcpu.h:2035 (/home/runner/work/retro-manager/retro-manager/runtime/retropack-runtime-fbneo/submodules/fbneo/src/cpu/m68k/m68kcpu.h:2035)
C/C++: >>>               CMakeFiles/retropack-runtime-fbneo.dir/submodules/fbneo/src/cpu/m68k/m68kcpu.c.o:(m68ki_exception_interrupt)
C/C++: ld.lld: error: undefined symbol: m68ki_jump
C/C++: >>> referenced by m68kcpu.h:2038 (/home/runner/work/retro-manager/retro-manager/runtime/retropack-runtime-fbneo/submodules/fbneo/src/cpu/m68k/m68kcpu.h:2038)
C/C++: >>>               CMakeFiles/retropack-runtime-fbneo.dir/submodules/fbneo/src/cpu/m68k/m68kops.c.o:(.text.m68ki_exception_interrupt+0x180)
C/C++: >>> referenced by m68kcpu.h:2038 (/home/runner/work/retro-manager/retro-manager/runtime/retropack-runtime-fbneo/submodules/fbneo/src/cpu/m68k/m68kcpu.h:2038)
C/C++: >>>               CMakeFiles/retropack-runtime-fbneo.dir/submodules/fbneo/src/cpu/m68k/m68kcpu.c.o:(m68ki_exception_interrupt)
C/C++: >>> referenced by m68kcpu.c:623 (/home/runner/work/retro-manager/retro-manager/runtime/retropack-runtime-fbneo/submodules/fbneo/src/cpu/m68k/m68kcpu.c:623)
C/C++: >>>               CMakeFiles/retropack-runtime-fbneo.dir/submodules/fbneo/src/cpu/m68k/m68kcpu.c.o:(m68k_set_reg)
C/C++: >>> referenced 23 more times
C/C++: ld.lld: error: undefined symbol: m68ki_exception_illegal
C/C++: >>> referenced by m68kops.c:16468 (/home/runner/work/retro-manager/retro-manager/runtime/retropack-runtime-fbneo/submodules/fbneo/src/cpu/m68k/m68kops.c:16468)
C/C++: >>>               CMakeFiles/retropack-runtime-fbneo.dir/submodules/fbneo/src/cpu/m68k/m68kops.c.o:(m68k_op_illegal)
C/C++: >>> referenced by m68kops.c:9656 (/home/runner/work/retro-manager/retro-manager/runtime/retropack-runtime-fbneo/submodules/fbneo/src/cpu/m68k/m68kops.c:9656)
C/C++: >>>               CMakeFiles/retropack-runtime-fbneo.dir/submodules/fbneo/src/cpu/m68k/m68kops.c.o:(m68k_op_chk_32_d)
C/C++: >>> referenced by m68kops.c:9679 (/home/runner/work/retro-manager/retro-manager/runtime/retropack-runtime-fbneo/submodules/fbneo/src/cpu/m68k/m68kops.c:9679)
C/C++: >>>               CMakeFiles/retropack-runtime-fbneo.dir/submodules/fbneo/src/cpu/m68k/m68kops.c.o:(m68k_op_chk_32_ai)
C/C++: >>> referenced 280 more times
C/C++: ld.lld: error: too many errors emitted, stopping now (use --error-limit=0 to see all errors)
C/C++: clang++: error: linker command failed with exit code 1 (use -v to see invocation)
C/C++: ninja: build stopped: subcommand failed.

> Task :template-apk:mergeExtDexDebug
gradle/actions: Writing build results to /home/runner/work/_temp/.gradle-actions/build-results/__run_4-1790586347863.json

[Incubating] Problems report is available at: file:///home/runner/work/retro-manager/retro-manager/build/reports/problems/problems-report.html

FAILURE: Build failed with an exception.

* What went wrong:
Execution failed for task ':runtime:retropack-runtime-fbneo:buildCMakeDebug[arm64-v8a]' (registered by plugin 'com.android.internal.library').
> com.android.ide.common.process.ProcessException: ninja: Entering directory `/home/runner/work/retro-manager/retro-manager/runtime/retropack-runtime-fbneo/.cxx/Debug/1b1s4j3o/arm64-v8a'
  [1/1] Linking CXX shared library ../../../../build/intermediates/cxx/Debug/1b1s4j3o/obj/arm64-v8a/libretropack-runtime-fbneo.so
  FAILED: ../../../../build/intermediates/cxx/Debug/1b1s4j3o/obj/arm64-v8a/libretropack-runtime-fbneo.so 
  : && /usr/local/lib/android/sdk/ndk/27.0.12077973/toolchains/llvm/prebuilt/linux-x86_64/bin/clang++ --target=aarch64-none-linux-android26 --sysroot=/usr/local/lib/android/sdk/ndk/27.0.12077973/toolchains/llvm/prebuilt/linux-x86_64/sysroot -fPIC -g -DANDROID -fdata-sections -ffunction-sections -funwind-tables -fstack-protector-strong -no-canonical-prefixes -D_FORTIFY_SOURCE=2 -Wformat -Werror=format-security   -fno-limit-debug-info  -static-libstdc++ -Wl,--build-id=sha1 -Wl,--no-rosegment -Wl,--no-undefined-version -Wl,--fatal-warnings -Wl,--no-undefined -Qunused-arguments  -Wl,-z,max-page-size=16384 -Wl,-z,common-page-size=16384   -Wl,-z,max-page-size=16384 -Wl,-z,common-page-size=16384 -Wl,--allow-multiple-definition -Wl,-z,muldefs -shared -Wl,-soname,libretropack-runtime-fbneo.so -o ../../../../build/intermediates/cxx/Debug/1b1s4j3o/obj/arm64-v8a/libretropack-runtime-fbneo.so CMakeFiles/retropack-runtime-fbneo.dir/src/main/cpp/fbneo-jni.cpp.o CMakeFiles/retropack-runtime-fbneo.dir/src/main/cpp/ringbuffer.c.o CMakeFiles/retropack-runtime-fbneo.dir/submodules/fbneo/src/burn/burn.cpp.o CMakeFiles/retropack-runtime-fbneo.dir/submodules/fbneo/src/burn/burn_gun.cpp.o CMakeFiles/retropack-runtime-fbneo.dir/submodules/fbneo/src/burn/burn_memory.cpp.o CMakeFiles/retropack-runtime-fbneo.dir/submodules/fbneo/src/burn/burn_sound.cpp.o CMakeFiles/retropack-runtime-fbneo.dir/submodules/fbneo/src/burn/cheat.cpp.o CMakeFiles/retropack-runtime-fbneo.dir/submodules/fbneo/src/burn/debug_track.cpp.o CMakeFiles/retropack-runtime-fbneo.dir/submodules/fbneo/src/burn/hiscore.cpp.o CMakeFiles/retropack-runtime-fbneo.dir/submodules/fbneo/src/burn/load.cpp.o CMakeFiles/retropack-runtime-fbneo.dir/submodules/fbneo/src/burn/timer.cpp.o CMakeFiles/retropack-runtime-fbneo.dir/submodules/fbneo/src/burn/burn_sha1.cpp.o CMakeFiles/retropack-runtime-fbneo.dir/submodules/fbneo/src/burner/conc.cpp.o CMakeFiles/retropack-runtime-fbneo.dir/submodules/fbneo/src/burner/dat.cpp.o CMakeFiles/retropack-runtime-fbneo.dir/submodules/fbneo/src/burner/statec.cpp.o CMakeFiles/retropack-runtime-fbneo.dir/submodules/fbneo/src/burner/zipfn.cpp.o CMakeFiles/retropack-runtime-fbneo.dir/submodules/fbneo/src/burner/nvram.cpp.o CMakeFiles/retropack-runtime-fbneo.dir/submodules/fbneo/src/burner/cdlist.cpp.o CMakeFiles/retropack-runtime-fbneo.dir/submodules/fbneo/src/burner/ioapi.c.o CMakeFiles/retropack-runtime-fbneo.dir/submodules/fbneo/src/burner/unzip.c.o CMakeFiles/retropack-runtime-fbneo.dir/submodules/fbneo/src/burn/drv/neogeo/d_neogeo.cpp.o CMakeFiles/retropack-runtime-fbneo.dir/submodules/fbneo/src/burn/drv/neogeo/neo_decrypt.cpp.o CMakeFiles/retropack-runtime-fbneo.dir/submodules/fbneo/src/burn/drv/neogeo/neo_palette.cpp.o CMakeFiles/retropack-runtime-fbneo.dir/submodules/fbneo/src/burn/drv/neogeo/neo_run.cpp.o CMakeFiles/retropack-runtime-fbneo.dir/submodules/fbneo/src/burn/drv/neogeo/neo_sprite.cpp.o CMakeFiles/retropack-runtime-fbneo.dir/submodules/fbneo/src/burn/drv/neogeo/neo_text.cpp.o CMakeFiles/retropack-runtime-fbneo.dir/submodules/fbneo/src/burn/drv/neogeo/neo_upd4990a.cpp.o CMakeFiles/retropack-runtime-fbneo.dir/submodules/fbneo/src/burn/drv/neogeo/neogeo.cpp.o CMakeFiles/retropack-runtime-fbneo.dir/submodules/fbneo/src/burn/snd/fm.c.o CMakeFiles/retropack-runtime-fbneo.dir/submodules/fbneo/src/burn/snd/ay8910.c.o CMakeFiles/retropack-runtime-fbneo.dir/submodules/fbneo/src/burn/snd/ymdeltat.c.o CMakeFiles/retropack-runtime-fbneo.dir/submodules/fbneo/src/burn/snd/burn_ym2203.cpp.o CMakeFiles/retropack-runtime-fbneo.dir/submodules/fbneo/src/burn/snd/burn_ym2608.cpp.o CMakeFiles/retropack-runtime-fbneo.dir/submodules/fbneo/src/burn/snd/burn_ym2610.cpp.o CMakeFiles/retropack-runtime-fbneo.dir/submodules/fbneo/src/burn/snd/burn_ym2612.cpp.o CMakeFiles/retropack-runtime-fbneo.dir/submodules/fbneo/src/burn/devices/joyprocess.cpp.o CMakeFiles/retropack-runtime-fbneo.dir/submodules/fbneo/src/burn/devices/resnet.cpp.o CMakeFiles/retropack-runtime-fbneo.dir/submodules/fbneo/src/cpu/m68k/m68kcpu.c.o CMakeFiles/retropack-runtime-fbneo.dir/submodules/fbneo/src/cpu/m68k/m68kops.c.o CMakeFiles/retropack-runtime-fbneo.dir/submodules/fbneo/src/cpu/m68000_intf.cpp.o CMakeFiles/retropack-runtime-fbneo.dir/submodules/fbneo/src/cpu/z80_intf.cpp.o CMakeFiles/retropack-runtime-fbneo.dir/submodules/fbneo/src/cpu/z80/z80.cpp.o CMakeFiles/retropack-runtime-fbneo.dir/submodules/fbneo/src/cpu/z80/z80ctc.cpp.o CMakeFiles/retropack-runtime-fbneo.dir/submodules/fbneo/src/cpu/z80/z80daisy.cpp.o CMakeFiles/retropack-runtime-fbneo.dir/submodules/fbneo/src/cpu/z80/z80pio.cpp.o  -lGLESv2  -lEGL  -lOpenSLES  -landroid  -llog  -lm  -lz  -latomic -lm && :
  ld.lld: error: undefined symbol: BurnDrvNeoGeoMV1
  >>> referenced by burn.cpp
  >>>               CMakeFiles/retropack-runtime-fbneo.dir/submodules/fbneo/src/burn/burn.cpp.o:(pDriver)
  >>> did you mean: BurnDrvNeoGeoMVS
  >>> defined in: CMakeFiles/retropack-runtime-fbneo.dir/submodules/fbneo/src/burn/drv/neogeo/d_neogeo.cpp.o
  
  ld.lld: error: undefined symbol: BurnDrvNeoGeoMV1F
  >>> referenced by burn.cpp
  >>>               CMakeFiles/retropack-runtime-fbneo.dir/submodules/fbneo/src/burn/burn.cpp.o:(pDriver)
  
  ld.lld: error: undefined symbol: BurnDrvNeoGeoMV1FZ
  >>> referenced by burn.cpp
  >>>               CMakeFiles/retropack-runtime-fbneo.dir/submodules/fbneo/src/burn/burn.cpp.o:(pDriver)
  
  ld.lld: error: undefined symbol: BurnDrvNeoGeoMV2F
  >>> referenced by burn.cpp
  >>>               CMakeFiles/retropack-runtime-fbneo.dir/submodules/fbneo/src/burn/burn.cpp.o:(pDriver)
  
  ld.lld: error: undefined symbol: BurnDrvNeoGeoMV4F
  >>> referenced by burn.cpp
  >>>               CMakeFiles/retropack-runtime-fbneo.dir/submodules/fbneo/src/burn/burn.cpp.o:(pDriver)
  
  ld.lld: error: undefined symbol: rfopen
  >>> referenced by fbneo-jni.cpp:76 (/home/runner/work/retro-manager/retro-manager/runtime/retropack-runtime-fbneo/src/main/cpp/fbneo-jni.cpp:76)
  >>>               CMakeFiles/retropack-runtime-fbneo.dir/src/main/cpp/fbneo-jni.cpp.o:(BurnStateSave(char*, int))
  >>> referenced by fbneo-jni.cpp:87 (/home/runner/work/retro-manager/retro-manager/runtime/retropack-runtime-fbneo/src/main/cpp/fbneo-jni.cpp:87)
  >>>               CMakeFiles/retropack-runtime-fbneo.dir/src/main/cpp/fbneo-jni.cpp.o:(BurnStateLoad(char*, int, int (*)()))
  >>> referenced by neo_text.cpp:290 (/home/runner/work/retro-manager/retro-manager/runtime/retropack-runtime-fbneo/submodules/fbneo/src/burn/drv/neogeo/neo_text.cpp:290)
  >>>               CMakeFiles/retropack-runtime-fbneo.dir/submodules/fbneo/src/burn/drv/neogeo/neo_text.cpp.o:(NeoTextBlendInit(int))
  >>> referenced 20 more times
  
  ld.lld: error: undefined symbol: rfclose
  >>> referenced by fbneo-jni.cpp:80 (/home/runner/work/retro-manager/retro-manager/runtime/retropack-runtime-fbneo/src/main/cpp/fbneo-jni.cpp:80)
  >>>               CMakeFiles/retropack-runtime-fbneo.dir/src/main/cpp/fbneo-jni.cpp.o:(BurnStateSave(char*, int))
  >>> referenced by fbneo-jni.cpp:91 (/home/runner/work/retro-manager/retro-manager/runtime/retropack-runtime-fbneo/src/main/cpp/fbneo-jni.cpp:91)
  >>>               CMakeFiles/retropack-runtime-fbneo.dir/src/main/cpp/fbneo-jni.cpp.o:(BurnStateLoad(char*, int, int (*)()))
  >>> referenced by neo_text.cpp:337 (/home/runner/work/retro-manager/retro-manager/runtime/retropack-runtime-fbneo/submodules/fbneo/src/burn/drv/neogeo/neo_text.cpp:337)
  >>>               CMakeFiles/retropack-runtime-fbneo.dir/submodules/fbneo/src/burn/drv/neogeo/neo_text.cpp.o:(NeoTextBlendInit(int))
  >>> referenced 16 more times
  
  ld.lld: error: undefined symbol: rfwrite
  >>> referenced by fbneo-jni.cpp:62 (/home/runner/work/retro-manager/retro-manager/runtime/retropack-runtime-fbneo/src/main/cpp/fbneo-jni.cpp:62)
  >>>               CMakeFiles/retropack-runtime-fbneo.dir/src/main/cpp/fbneo-jni.cpp.o:(FbneoFileWriteAcb(BurnArea*))
  >>> referenced by ioapi.c:131 (/home/runner/work/retro-manager/retro-manager/runtime/retropack-runtime-fbneo/submodules/fbneo/src/burner/ioapi.c:131)
  >>>               CMakeFiles/retropack-runtime-fbneo.dir/submodules/fbneo/src/burner/ioapi.c.o:(fwrite_file_func)
  >>> referenced by nvram.cpp:109 (/home/runner/work/retro-manager/retro-manager/runtime/retropack-runtime-fbneo/submodules/fbneo/src/burner/nvram.cpp:109)
  >>>               CMakeFiles/retropack-runtime-fbneo.dir/submodules/fbneo/src/burner/nvram.cpp.o:(BurnNvramSave(char*))
  >>> referenced 2 more times
  
  ld.lld: error: undefined symbol: rfread
  >>> referenced by fbneo-jni.cpp:69 (/home/runner/work/retro-manager/retro-manager/runtime/retropack-runtime-fbneo/src/main/cpp/fbneo-jni.cpp:69)
  >>>               CMakeFiles/retropack-runtime-fbneo.dir/src/main/cpp/fbneo-jni.cpp.o:(FbneoFileReadAcb(BurnArea*))
  >>> referenced by ioapi.c:124 (/home/runner/work/retro-manager/retro-manager/runtime/retropack-runtime-fbneo/submodules/fbneo/src/burner/ioapi.c:124)
  >>>               CMakeFiles/retropack-runtime-fbneo.dir/submodules/fbneo/src/burner/ioapi.c.o:(fread_file_func)
  >>> referenced by nvram.cpp:52 (/home/runner/work/retro-manager/retro-manager/runtime/retropack-runtime-fbneo/submodules/fbneo/src/burner/nvram.cpp:52)
  >>>               CMakeFiles/retropack-runtime-fbneo.dir/submodules/fbneo/src/burner/nvram.cpp.o:(BurnNvramLoad(char*))
  >>> referenced 3 more times
  
  ld.lld: error: undefined symbol: m68ki_fake_push_32
  >>> referenced by m68kcpu.h:1639 (/home/runner/work/retro-manager/retro-manager/runtime/retropack-runtime-fbneo/submodules/fbneo/src/cpu/m68k/m68kcpu.h:1639)
  >>>               CMakeFiles/retropack-runtime-fbneo.dir/submodules/fbneo/src/cpu/m68k/m68kops.c.o:(.text.m68ki_stack_frame_1000+0x18)
  >>> referenced by m68kcpu.h:1640 (/home/runner/work/retro-manager/retro-manager/runtime/retropack-runtime-fbneo/submodules/fbneo/src/cpu/m68k/m68kcpu.h:1640)
  >>>               CMakeFiles/retropack-runtime-fbneo.dir/submodules/fbneo/src/cpu/m68k/m68kops.c.o:(.text.m68ki_stack_frame_1000+0x1C)
  >>> referenced by m68kcpu.h:1641 (/home/runner/work/retro-manager/retro-manager/runtime/retropack-runtime-fbneo/submodules/fbneo/src/cpu/m68k/m68kcpu.h:1641)
  >>>               CMakeFiles/retropack-runtime-fbneo.dir/submodules/fbneo/src/cpu/m68k/m68kops.c.o:(.text.m68ki_stack_frame_1000+0x20)
  >>> referenced 13 more times
  
  ld.lld: error: undefined symbol: m68ki_push_16
  >>> referenced by m68kcpu.h:1649 (/home/runner/work/retro-manager/retro-manager/runtime/retropack-runtime-fbneo/submodules/fbneo/src/cpu/m68k/m68kcpu.h:1649)
  >>>               CMakeFiles/retropack-runtime-fbneo.dir/submodules/fbneo/src/cpu/m68k/m68kops.c.o:(.text.m68ki_stack_frame_1000+0x40)
  >>> referenced by m68kcpu.h:1655 (/home/runner/work/retro-manager/retro-manager/runtime/retropack-runtime-fbneo/submodules/fbneo/src/cpu/m68k/m68kcpu.h:1655)
  >>>               CMakeFiles/retropack-runtime-fbneo.dir/submodules/fbneo/src/cpu/m68k/m68kops.c.o:(.text.m68ki_stack_frame_1000+0x4C)
  >>> referenced by m68kcpu.h:1661 (/home/runner/work/retro-manager/retro-manager/runtime/retropack-runtime-fbneo/submodules/fbneo/src/cpu/m68k/m68kcpu.h:1661)
  >>>               CMakeFiles/retropack-runtime-fbneo.dir/submodules/fbneo/src/cpu/m68k/m68kops.c.o:(.text.m68ki_stack_frame_1000+0x58)
  >>> referenced 49 more times
  
  ld.lld: error: undefined symbol: m68ki_fake_push_16
  >>> referenced by m68kcpu.h:1652 (/home/runner/work/retro-manager/retro-manager/runtime/retropack-runtime-fbneo/submodules/fbneo/src/cpu/m68k/m68kcpu.h:1652)
  >>>               CMakeFiles/retropack-runtime-fbneo.dir/submodules/fbneo/src/cpu/m68k/m68kops.c.o:(.text.m68ki_stack_frame_1000+0x44)
  >>> referenced by m68kcpu.h:1658 (/home/runner/work/retro-manager/retro-manager/runtime/retropack-runtime-fbneo/submodules/fbneo/src/cpu/m68k/m68kcpu.h:1658)
  >>>               CMakeFiles/retropack-runtime-fbneo.dir/submodules/fbneo/src/cpu/m68k/m68kops.c.o:(.text.m68ki_stack_frame_1000+0x50)
  >>> referenced by m68kcpu.h:1664 (/home/runner/work/retro-manager/retro-manager/runtime/retropack-runtime-fbneo/submodules/fbneo/src/cpu/m68k/m68kcpu.h:1664)
  >>>               CMakeFiles/retropack-runtime-fbneo.dir/submodules/fbneo/src/cpu/m68k/m68kops.c.o:(.text.m68ki_stack_frame_1000+0x5C)
  >>> referenced 3 more times
  
  ld.lld: error: undefined symbol: m68ki_push_32
  >>> referenced by m68kcpu.h:1667 (/home/runner/work/retro-manager/retro-manager/runtime/retropack-runtime-fbneo/submodules/fbneo/src/cpu/m68k/m68kcpu.h:1667)
  >>>               CMakeFiles/retropack-runtime-fbneo.dir/submodules/fbneo/src/cpu/m68k/m68kops.c.o:(.text.m68ki_stack_frame_1000+0x64)
  >>> referenced by m68kcpu.h:1676 (/home/runner/work/retro-manager/retro-manager/runtime/retropack-runtime-fbneo/submodules/fbneo/src/cpu/m68k/m68kcpu.h:1676)
  >>>               CMakeFiles/retropack-runtime-fbneo.dir/submodules/fbneo/src/cpu/m68k/m68kops.c.o:(.text.m68ki_stack_frame_1000+0x84)
  >>> referenced by m68kcpu.h:1696 (/home/runner/work/retro-manager/retro-manager/runtime/retropack-runtime-fbneo/submodules/fbneo/src/cpu/m68k/m68kcpu.h:1696)
  >>>               CMakeFiles/retropack-runtime-fbneo.dir/submodules/fbneo/src/cpu/m68k/m68kops.c.o:(.text.m68ki_stack_frame_1010+0x30)
  >>> referenced 63 more times
  
  ld.lld: error: undefined symbol: m68ki_init_exception
  >>> referenced by m68kcpu.h:2016 (/home/runner/work/retro-manager/retro-manager/runtime/retropack-runtime-fbneo/submodules/fbneo/src/cpu/m68k/m68kcpu.h:2016)
  >>>               CMakeFiles/retropack-runtime-fbneo.dir/submodules/fbneo/src/cpu/m68k/m68kops.c.o:(.text.m68ki_exception_interrupt+0x98)
  >>> referenced by m68kcpu.h:2016 (/home/runner/work/retro-manager/retro-manager/runtime/retropack-runtime-fbneo/submodules/fbneo/src/cpu/m68k/m68kcpu.h:2016)
  >>>               CMakeFiles/retropack-runtime-fbneo.dir/submodules/fbneo/src/cpu/m68k/m68kcpu.c.o:(m68ki_exception_interrupt)
  
  ld.lld: error: undefined symbol: m68ki_read_32_fc
  >>> referenced by m68kcpu.h:2022 (/home/runner/work/retro-manager/retro-manager/runtime/retropack-runtime-fbneo/submodules/fbneo/src/cpu/m68k/m68kcpu.h:2022)
  >>>               CMakeFiles/retropack-runtime-fbneo.dir/submodules/fbneo/src/cpu/m68k/m68kops.c.o:(.text.m68ki_exception_interrupt+0xC8)
  >>> referenced by m68kcpu.h:2026 (/home/runner/work/retro-manager/retro-manager/runtime/retropack-runtime-fbneo/submodules/fbneo/src/cpu/m68k/m68kcpu.h:2026)
  >>>               CMakeFiles/retropack-runtime-fbneo.dir/submodules/fbneo/src/cpu/m68k/m68kops.c.o:(.text.m68ki_exception_interrupt+0xF4)
  >>> referenced by m68kops.c:2091 (/home/runner/work/retro-manager/retro-manager/runtime/retropack-runtime-fbneo/submodules/fbneo/src/cpu/m68k/m68kops.c:2091)
  >>>               CMakeFiles/retropack-runtime-fbneo.dir/submodules/fbneo/src/cpu/m68k/m68kops.c.o:(m68k_op_addq_32_ai)
  >>> referenced 210 more times
  
  ld.lld: error: undefined symbol: m68ki_stack_frame_0000
  >>> referenced by m68kcpu.h:2029 (/home/runner/work/retro-manager/retro-manager/runtime/retropack-runtime-fbneo/submodules/fbneo/src/cpu/m68k/m68kcpu.h:2029)
  >>>               CMakeFiles/retropack-runtime-fbneo.dir/submodules/fbneo/src/cpu/m68k/m68kops.c.o:(.text.m68ki_exception_interrupt+0x118)
  >>> referenced by m68kcpu.h:2029 (/home/runner/work/retro-manager/retro-manager/runtime/retropack-runtime-fbneo/submodules/fbneo/src/cpu/m68k/m68kcpu.h:2029)
  >>>               CMakeFiles/retropack-runtime-fbneo.dir/submodules/fbneo/src/cpu/m68k/m68kcpu.c.o:(m68ki_exception_interrupt)
  
  ld.lld: error: undefined symbol: m68ki_set_sm_flag
  >>> referenced by m68kcpu.h:2033 (/home/runner/work/retro-manager/retro-manager/runtime/retropack-runtime-fbneo/submodules/fbneo/src/cpu/m68k/m68kcpu.h:2033)
  >>>               CMakeFiles/retropack-runtime-fbneo.dir/submodules/fbneo/src/cpu/m68k/m68kops.c.o:(.text.m68ki_exception_interrupt+0x154)
  >>> referenced by m68kcpu.h:2033 (/home/runner/work/retro-manager/retro-manager/runtime/retropack-runtime-fbneo/submodules/fbneo/src/cpu/m68k/m68kcpu.h:2033)
  >>>               CMakeFiles/retropack-runtime-fbneo.dir/submodules/fbneo/src/cpu/m68k/m68kcpu.c.o:(m68ki_exception_interrupt)
  >>> referenced by m68kcpu.c:1076 (/home/runner/work/retro-manager/retro-manager/runtime/retropack-runtime-fbneo/submodules/fbneo/src/cpu/m68k/m68kcpu.c:1076)
  >>>               CMakeFiles/retropack-runtime-fbneo.dir/submodules/fbneo/src/cpu/m68k/m68kcpu.c.o:(m68k_pulse_reset)
  
  ld.lld: error: undefined symbol: m68ki_stack_frame_0001
  >>> referenced by m68kcpu.h:2035 (/home/runner/work/retro-manager/retro-manager/runtime/retropack-runtime-fbneo/submodules/fbneo/src/cpu/m68k/m68kcpu.h:2035)
  >>>               CMakeFiles/retropack-runtime-fbneo.dir/submodules/fbneo/src/cpu/m68k/m68kops.c.o:(.text.m68ki_exception_interrupt+0x174)
  >>> referenced by m68kcpu.h:2035 (/home/runner/work/retro-manager/retro-manager/runtime/retropack-runtime-fbneo/submodules/fbneo/src/cpu/m68k/m68kcpu.h:2035)
  >>>               CMakeFiles/retropack-runtime-fbneo.dir/submodules/fbneo/src/cpu/m68k/m68kcpu.c.o:(m68ki_exception_interrupt)
  
  ld.lld: error: undefined symbol: m68ki_jump
  >>> referenced by m68kcpu.h:2038 (/home/runner/work/retro-manager/retro-manager/runtime/retropack-runtime-fbneo/submodules/fbneo/src/cpu/m68k/m68kcpu.h:2038)
  >>>               CMakeFiles/retropack-runtime-fbneo.dir/submodules/fbneo/src/cpu/m68k/m68kops.c.o:(.text.m68ki_exception_interrupt+0x180)
  >>> referenced by m68kcpu.h:2038 (/home/runner/work/retro-manager/retro-manager/runtime/retropack-runtime-fbneo/submodules/fbneo/src/cpu/m68k/m68kcpu.h:2038)
  >>>               CMakeFiles/retropack-runtime-fbneo.dir/submodules/fbneo/src/cpu/m68k/m68kcpu.c.o:(m68ki_exception_interrupt)
  >>> referenced by m68kcpu.c:623 (/home/runner/work/retro-manager/retro-manager/runtime/retropack-runtime-fbneo/submodules/fbneo/src/cpu/m68k/m68kcpu.c:623)
  >>>               CMakeFiles/retropack-runtime-fbneo.dir/submodules/fbneo/src/cpu/m68k/m68kcpu.c.o:(m68k_set_reg)
  >>> referenced 23 more times
  
  ld.lld: error: undefined symbol: m68ki_exception_illegal
  >>> referenced by m68kops.c:16468 (/home/runner/work/retro-manager/retro-manager/runtime/retropack-runtime-fbneo/submodules/fbneo/src/cpu/m68k/m68kops.c:16468)
  >>>               CMakeFiles/retropack-runtime-fbneo.dir/submodules/fbneo/src/cpu/m68k/m68kops.c.o:(m68k_op_illegal)
  >>> referenced by m68kops.c:9656 (/home/runner/work/retro-manager/retro-manager/runtime/retropack-runtime-fbneo/submodules/fbneo/src/cpu/m68k/m68kops.c:9656)
  >>>               CMakeFiles/retropack-runtime-fbneo.dir/submodules/fbneo/src/cpu/m68k/m68kops.c.o:(m68k_op_chk_32_d)
  >>> referenced by m68kops.c:9679 (/home/runner/work/retro-manager/retro-manager/runtime/retropack-runtime-fbneo/submodules/fbneo/src/cpu/m68k/m68kops.c:9679)
  >>>               CMakeFiles/retropack-runtime-fbneo.dir/submodules/fbneo/src/cpu/m68k/m68kops.c.o:(m68k_op_chk_32_ai)
  >>> referenced 280 more times
  
  ld.lld: error: too many errors emitted, stopping now (use --error-limit=0 to see all errors)
  clang++: error: linker command failed with exit code 1 (use -v to see invocation)
  ninja: build stopped: subcommand failed.
  
  C++ build system [build] failed while executing:
      /usr/local/lib/android/sdk/cmake/3.22.1/bin/ninja \
        -C \
        /home/runner/work/retro-manager/retro-manager/runtime/retropack-runtime-fbneo/.cxx/Debug/1b1s4j3o/arm64-v8a \
        retropack-runtime-fbneo
    from /home/runner/work/retro-manager/retro-manager/runtime/retropack-runtime-fbneo

* Try:
> Run with --info or --debug option to get more log output.
> Run with --scan to get full insights from a Build Scan (powered by Develocity).
> Get more help at https://help.gradle.org.

* Exception is:
org.gradle.api.tasks.TaskExecutionException: Execution failed for task ':runtime:retropack-runtime-fbneo:buildCMakeDebug[arm64-v8a]' (registered by plugin 'com.android.internal.library').
	at org.gradle.api.internal.tasks.execution.ExecuteActionsTaskExecuter.lambda$executeIfValid$1(ExecuteActionsTaskExecuter.java:135)
	at org.gradle.internal.Try$Failure.ifSuccessfulOrElse(Try.java:288)
	at org.gradle.api.internal.tasks.execution.ExecuteActionsTaskExecuter.executeIfValid(ExecuteActionsTaskExecuter.java:133)
	at org.gradle.api.internal.tasks.execution.ExecuteActionsTaskExecuter.execute(ExecuteActionsTaskExecuter.java:121)
	at org.gradle.api.internal.tasks.execution.ProblemsTaskPathTrackingTaskExecuter.execute(ProblemsTaskPathTrackingTaskExecuter.java:41)
	at org.gradle.api.internal.tasks.execution.ResolveTaskExecutionModeExecuter.execute(ResolveTaskExecutionModeExecuter.java:51)
	at org.gradle.api.internal.tasks.execution.FinalizePropertiesTaskExecuter.execute(FinalizePropertiesTaskExecuter.java:46)
	at org.gradle.api.internal.tasks.execution.SkipTaskWithNoActionsExecuter.execute(SkipTaskWithNoActionsExecuter.java:57)
	at org.gradle.api.internal.tasks.execution.SkipOnlyIfTaskExecuter.execute(SkipOnlyIfTaskExecuter.java:74)
	at org.gradle.api.internal.tasks.execution.CatchExceptionTaskExecuter.execute(CatchExceptionTaskExecuter.java:36)
	at org.gradle.api.internal.tasks.execution.EventFiringTaskExecuter$1.executeTask(EventFiringTaskExecuter.java:77)
	at org.gradle.api.internal.tasks.execution.EventFiringTaskExecuter$1.call(EventFiringTaskExecuter.java:55)
	at org.gradle.api.internal.tasks.execution.EventFiringTaskExecuter$1.call(EventFiringTaskExecuter.java:52)
	at org.gradle.internal.operations.DefaultBuildOperationRunner$CallableBuildOperationWorker.execute(DefaultBuildOperationRunner.java:210)
	at org.gradle.internal.operations.DefaultBuildOperationRunner$CallableBuildOperationWorker.execute(DefaultBuildOperationRunner.java:205)
	at org.gradle.internal.operations.DefaultBuildOperationRunner$2.execute(DefaultBuildOperationRunner.java:67)
	at org.gradle.internal.operations.DefaultBuildOperationRunner$2.execute(DefaultBuildOperationRunner.java:60)
	at org.gradle.internal.operations.DefaultBuildOperationRunner.execute(DefaultBuildOperationRunner.java:167)
	at org.gradle.internal.operations.DefaultBuildOperationRunner.execute(DefaultBuildOperationRunner.java:60)
	at org.gradle.internal.operations.DefaultBuildOperationRunner.call(DefaultBuildOperationRunner.java:54)
	at org.gradle.api.internal.tasks.execution.EventFiringTaskExecuter.execute(EventFiringTaskExecuter.java:52)
	at org.gradle.execution.plan.DefaultNodeExecutor.executeLocalTaskNode(DefaultNodeExecutor.java:55)
	at org.gradle.execution.plan.DefaultNodeExecutor.execute(DefaultNodeExecutor.java:34)
	at org.gradle.execution.taskgraph.DefaultTaskExecutionGraph$InvokeNodeExecutorsAction.execute(DefaultTaskExecutionGraph.java:355)
	at org.gradle.execution.taskgraph.DefaultTaskExecutionGraph$InvokeNodeExecutorsAction.execute(DefaultTaskExecutionGraph.java:343)
	at org.gradle.execution.taskgraph.DefaultTaskExecutionGraph$BuildOperationAwareExecutionAction.lambda$execute$0(DefaultTaskExecutionGraph.java:339)
	at org.gradle.internal.operations.CurrentBuildOperationRef.with(CurrentBuildOperationRef.java:84)
	at org.gradle.execution.taskgraph.DefaultTaskExecutionGraph$BuildOperationAwareExecutionAction.execute(DefaultTaskExecutionGraph.java:339)
	at org.gradle.execution.taskgraph.DefaultTaskExecutionGraph$BuildOperationAwareExecutionAction.execute(DefaultTaskExecutionGraph.java:328)
	at org.gradle.execution.plan.DefaultPlanExecutor$ExecutorWorker.execute(DefaultPlanExecutor.java:459)
	at org.gradle.execution.plan.DefaultPlanExecutor$ExecutorWorker.run(DefaultPlanExecutor.java:376)
	at org.gradle.internal.concurrent.ExecutorPolicy$CatchAndRecordFailures.onExecute(ExecutorPolicy.java:64)
	at org.gradle.internal.concurrent.AbstractManagedExecutor$1.run(AbstractManagedExecutor.java:47)
Caused by: org.gradle.internal.UncheckedException: com.android.ide.common.process.ProcessException: ninja: Entering directory `/home/runner/work/retro-manager/retro-manager/runtime/retropack-runtime-fbneo/.cxx/Debug/1b1s4j3o/arm64-v8a'
[1/1] Linking CXX shared library ../../../../build/intermediates/cxx/Debug/1b1s4j3o/obj/arm64-v8a/libretropack-runtime-fbneo.so
FAILED: ../../../../build/intermediates/cxx/Debug/1b1s4j3o/obj/arm64-v8a/libretropack-runtime-fbneo.so 
: && /usr/local/lib/android/sdk/ndk/27.0.12077973/toolchains/llvm/prebuilt/linux-x86_64/bin/clang++ --target=aarch64-none-linux-android26 --sysroot=/usr/local/lib/android/sdk/ndk/27.0.12077973/toolchains/llvm/prebuilt/linux-x86_64/sysroot -fPIC -g -DANDROID -fdata-sections -ffunction-sections -funwind-tables -fstack-protector-strong -no-canonical-prefixes -D_FORTIFY_SOURCE=2 -Wformat -Werror=format-security   -fno-limit-debug-info  -static-libstdc++ -Wl,--build-id=sha1 -Wl,--no-rosegment -Wl,--no-undefined-version -Wl,--fatal-warnings -Wl,--no-undefined -Qunused-arguments  -Wl,-z,max-page-size=16384 -Wl,-z,common-page-size=16384   -Wl,-z,max-page-size=16384 -Wl,-z,common-page-size=16384 -Wl,--allow-multiple-definition -Wl,-z,muldefs -shared -Wl,-soname,libretropack-runtime-fbneo.so -o ../../../../build/intermediates/cxx/Debug/1b1s4j3o/obj/arm64-v8a/libretropack-runtime-fbneo.so CMakeFiles/retropack-runtime-fbneo.dir/src/main/cpp/fbneo-jni.cpp.o CMakeFiles/retropack-runtime-fbneo.dir/src/main/cpp/ringbuffer.c.o CMakeFiles/retropack-runtime-fbneo.dir/submodules/fbneo/src/burn/burn.cpp.o CMakeFiles/retropack-runtime-fbneo.dir/submodules/fbneo/src/burn/burn_gun.cpp.o CMakeFiles/retropack-runtime-fbneo.dir/submodules/fbneo/src/burn/burn_memory.cpp.o CMakeFiles/retropack-runtime-fbneo.dir/submodules/fbneo/src/burn/burn_sound.cpp.o CMakeFiles/retropack-runtime-fbneo.dir/submodules/fbneo/src/burn/cheat.cpp.o CMakeFiles/retropack-runtime-fbneo.dir/submodules/fbneo/src/burn/debug_track.cpp.o CMakeFiles/retropack-runtime-fbneo.dir/submodules/fbneo/src/burn/hiscore.cpp.o CMakeFiles/retropack-runtime-fbneo.dir/submodules/fbneo/src/burn/load.cpp.o CMakeFiles/retropack-runtime-fbneo.dir/submodules/fbneo/src/burn/timer.cpp.o CMakeFiles/retropack-runtime-fbneo.dir/submodules/fbneo/src/burn/burn_sha1.cpp.o CMakeFiles/retropack-runtime-fbneo.dir/submodules/fbneo/src/burner/conc.cpp.o CMakeFiles/retropack-runtime-fbneo.dir/submodules/fbneo/src/burner/dat.cpp.o CMakeFiles/retropack-runtime-fbneo.dir/submodules/fbneo/src/burner/statec.cpp.o CMakeFiles/retropack-runtime-fbneo.dir/submodules/fbneo/src/burner/zipfn.cpp.o CMakeFiles/retropack-runtime-fbneo.dir/submodules/fbneo/src/burner/nvram.cpp.o CMakeFiles/retropack-runtime-fbneo.dir/submodules/fbneo/src/burner/cdlist.cpp.o CMakeFiles/retropack-runtime-fbneo.dir/submodules/fbneo/src/burner/ioapi.c.o CMakeFiles/retropack-runtime-fbneo.dir/submodules/fbneo/src/burner/unzip.c.o CMakeFiles/retropack-runtime-fbneo.dir/submodules/fbneo/src/burn/drv/neogeo/d_neogeo.cpp.o CMakeFiles/retropack-runtime-fbneo.dir/submodules/fbneo/src/burn/drv/neogeo/neo_decrypt.cpp.o CMakeFiles/retropack-runtime-fbneo.dir/submodules/fbneo/src/burn/drv/neogeo/neo_palette.cpp.o CMakeFiles/retropack-runtime-fbneo.dir/submodules/fbneo/src/burn/drv/neogeo/neo_run.cpp.o CMakeFiles/retropack-runtime-fbneo.dir/submodules/fbneo/src/burn/drv/neogeo/neo_sprite.cpp.o CMakeFiles/retropack-runtime-fbneo.dir/submodules/fbneo/src/burn/drv/neogeo/neo_text.cpp.o CMakeFiles/retropack-runtime-fbneo.dir/submodules/fbneo/src/burn/drv/neogeo/neo_upd4990a.cpp.o CMakeFiles/retropack-runtime-fbneo.dir/submodules/fbneo/src/burn/drv/neogeo/neogeo.cpp.o CMakeFiles/retropack-runtime-fbneo.dir/submodules/fbneo/src/burn/snd/fm.c.o CMakeFiles/retropack-runtime-fbneo.dir/submodules/fbneo/src/burn/snd/ay8910.c.o CMakeFiles/retropack-runtime-fbneo.dir/submodules/fbneo/src/burn/snd/ymdeltat.c.o CMakeFiles/retropack-runtime-fbneo.dir/submodules/fbneo/src/burn/snd/burn_ym2203.cpp.o CMakeFiles/retropack-runtime-fbneo.dir/submodules/fbneo/src/burn/snd/burn_ym2608.cpp.o CMakeFiles/retropack-runtime-fbneo.dir/submodules/fbneo/src/burn/snd/burn_ym2610.cpp.o CMakeFiles/retropack-runtime-fbneo.dir/submodules/fbneo/src/burn/snd/burn_ym2612.cpp.o CMakeFiles/retropack-runtime-fbneo.dir/submodules/fbneo/src/burn/devices/joyprocess.cpp.o CMakeFiles/retropack-runtime-fbneo.dir/submodules/fbneo/src/burn/devices/resnet.cpp.o CMakeFiles/retropack-runtime-fbneo.dir/submodules/fbneo/src/cpu/m68k/m68kcpu.c.o CMakeFiles/retropack-runtime-fbneo.dir/submodules/fbneo/src/cpu/m68k/m68kops.c.o CMakeFiles/retropack-runtime-fbneo.dir/submodules/fbneo/src/cpu/m68000_intf.cpp.o CMakeFiles/retropack-runtime-fbneo.dir/submodules/fbneo/src/cpu/z80_intf.cpp.o CMakeFiles/retropack-runtime-fbneo.dir/submodules/fbneo/src/cpu/z80/z80.cpp.o CMakeFiles/retropack-runtime-fbneo.dir/submodules/fbneo/src/cpu/z80/z80ctc.cpp.o CMakeFiles/retropack-runtime-fbneo.dir/submodules/fbneo/src/cpu/z80/z80daisy.cpp.o CMakeFiles/retropack-runtime-fbneo.dir/submodules/fbneo/src/cpu/z80/z80pio.cpp.o  -lGLESv2  -lEGL  -lOpenSLES  -landroid  -llog  -lm  -lz  -latomic -lm && :
ld.lld: error: undefined symbol: BurnDrvNeoGeoMV1
>>> referenced by burn.cpp
>>>               CMakeFiles/retropack-runtime-fbneo.dir/submodules/fbneo/src/burn/burn.cpp.o:(pDriver)
>>> did you mean: BurnDrvNeoGeoMVS
>>> defined in: CMakeFiles/retropack-runtime-fbneo.dir/submodules/fbneo/src/burn/drv/neogeo/d_neogeo.cpp.o

ld.lld: error: undefined symbol: BurnDrvNeoGeoMV1F
>>> referenced by burn.cpp
>>>               CMakeFiles/retropack-runtime-fbneo.dir/submodules/fbneo/src/burn/burn.cpp.o:(pDriver)

ld.lld: error: undefined symbol: BurnDrvNeoGeoMV1FZ
>>> referenced by burn.cpp
>>>               CMakeFiles/retropack-runtime-fbneo.dir/submodules/fbneo/src/burn/burn.cpp.o:(pDriver)

ld.lld: error: undefined symbol: BurnDrvNeoGeoMV2F
>>> referenced by burn.cpp
>>>               CMakeFiles/retropack-runtime-fbneo.dir/submodules/fbneo/src/burn/burn.cpp.o:(pDriver)

ld.lld: error: undefined symbol: BurnDrvNeoGeoMV4F
>>> referenced by burn.cpp
>>>               CMakeFiles/retropack-runtime-fbneo.dir/submodules/fbneo/src/burn/burn.cpp.o:(pDriver)

ld.lld: error: undefined symbol: rfopen
>>> referenced by fbneo-jni.cpp:76 (/home/runner/work/retro-manager/retro-manager/runtime/retropack-runtime-fbneo/src/main/cpp/fbneo-jni.cpp:76)
>>>               CMakeFiles/retropack-runtime-fbneo.dir/src/main/cpp/fbneo-jni.cpp.o:(BurnStateSave(char*, int))
>>> referenced by fbneo-jni.cpp:87 (/home/runner/work/retro-manager/retro-manager/runtime/retropack-runtime-fbneo/src/main/cpp/fbneo-jni.cpp:87)
>>>               CMakeFiles/retropack-runtime-fbneo.dir/src/main/cpp/fbneo-jni.cpp.o:(BurnStateLoad(char*, int, int (*)()))
>>> referenced by neo_text.cpp:290 (/home/runner/work/retro-manager/retro-manager/runtime/retropack-runtime-fbneo/submodules/fbneo/src/burn/drv/neogeo/neo_text.cpp:290)
>>>               CMakeFiles/retropack-runtime-fbneo.dir/submodules/fbneo/src/burn/drv/neogeo/neo_text.cpp.o:(NeoTextBlendInit(int))
>>> referenced 20 more times

ld.lld: error: undefined symbol: rfclose
>>> referenced by fbneo-jni.cpp:80 (/home/runner/work/retro-manager/retro-manager/runtime/retropack-runtime-fbneo/src/main/cpp/fbneo-jni.cpp:80)
>>>               CMakeFiles/retropack-runtime-fbneo.dir/src/main/cpp/fbneo-jni.cpp.o:(BurnStateSave(char*, int))
>>> referenced by fbneo-jni.cpp:91 (/home/runner/work/retro-manager/retro-manager/runtime/retropack-runtime-fbneo/src/main/cpp/fbneo-jni.cpp:91)
>>>               CMakeFiles/retropack-runtime-fbneo.dir/src/main/cpp/fbneo-jni.cpp.o:(BurnStateLoad(char*, int, int (*)()))
>>> referenced by neo_text.cpp:337 (/home/runner/work/retro-manager/retro-manager/runtime/retropack-runtime-fbneo/submodules/fbneo/src/burn/drv/neogeo/neo_text.cpp:337)
>>>               CMakeFiles/retropack-runtime-fbneo.dir/submodules/fbneo/src/burn/drv/neogeo/neo_text.cpp.o:(NeoTextBlendInit(int))
>>> referenced 16 more times

ld.lld: error: undefined symbol: rfwrite
>>> referenced by fbneo-jni.cpp:62 (/home/runner/work/retro-manager/retro-manager/runtime/retropack-runtime-fbneo/src/main/cpp/fbneo-jni.cpp:62)
>>>               CMakeFiles/retropack-runtime-fbneo.dir/src/main/cpp/fbneo-jni.cpp.o:(FbneoFileWriteAcb(BurnArea*))
>>> referenced by ioapi.c:131 (/home/runner/work/retro-manager/retro-manager/runtime/retropack-runtime-fbneo/submodules/fbneo/src/burner/ioapi.c:131)
>>>               CMakeFiles/retropack-runtime-fbneo.dir/submodules/fbneo/src/burner/ioapi.c.o:(fwrite_file_func)
>>> referenced by nvram.cpp:109 (/home/runner/work/retro-manager/retro-manager/runtime/retropack-runtime-fbneo/submodules/fbneo/src/burner/nvram.cpp:109)
>>>               CMakeFiles/retropack-runtime-fbneo.dir/submodules/fbneo/src/burner/nvram.cpp.o:(BurnNvramSave(char*))
>>> referenced 2 more times

ld.lld: error: undefined symbol: rfread
>>> referenced by fbneo-jni.cpp:69 (/home/runner/work/retro-manager/retro-manager/runtime/retropack-runtime-fbneo/src/main/cpp/fbneo-jni.cpp:69)
>>>               CMakeFiles/retropack-runtime-fbneo.dir/src/main/cpp/fbneo-jni.cpp.o:(FbneoFileReadAcb(BurnArea*))
>>> referenced by ioapi.c:124 (/home/runner/work/retro-manager/retro-manager/runtime/retropack-runtime-fbneo/submodules/fbneo/src/burner/ioapi.c:124)
>>>               CMakeFiles/retropack-runtime-fbneo.dir/submodules/fbneo/src/burner/ioapi.c.o:(fread_file_func)
>>> referenced by nvram.cpp:52 (/home/runner/work/retro-manager/retro-manager/runtime/retropack-runtime-fbneo/submodules/fbneo/src/burner/nvram.cpp:52)
>>>               CMakeFiles/retropack-runtime-fbneo.dir/submodules/fbneo/src/burner/nvram.cpp.o:(BurnNvramLoad(char*))
>>> referenced 3 more times

ld.lld: error: undefined symbol: m68ki_fake_push_32
>>> referenced by m68kcpu.h:1639 (/home/runner/work/retro-manager/retro-manager/runtime/retropack-runtime-fbneo/submodules/fbneo/src/cpu/m68k/m68kcpu.h:1639)
>>>               CMakeFiles/retropack-runtime-fbneo.dir/submodules/fbneo/src/cpu/m68k/m68kops.c.o:(.text.m68ki_stack_frame_1000+0x18)
>>> referenced by m68kcpu.h:1640 (/home/runner/work/retro-manager/retro-manager/runtime/retropack-runtime-fbneo/submodules/fbneo/src/cpu/m68k/m68kcpu.h:1640)
>>>               CMakeFiles/retropack-runtime-fbneo.dir/submodules/fbneo/src/cpu/m68k/m68kops.c.o:(.text.m68ki_stack_frame_1000+0x1C)
>>> referenced by m68kcpu.h:1641 (/home/runner/work/retro-manager/retro-manager/runtime/retropack-runtime-fbneo/submodules/fbneo/src/cpu/m68k/m68kcpu.h:1641)
>>>               CMakeFiles/retropack-runtime-fbneo.dir/submodules/fbneo/src/cpu/m68k/m68kops.c.o:(.text.m68ki_stack_frame_1000+0x20)
>>> referenced 13 more times

ld.lld: error: undefined symbol: m68ki_push_16
>>> referenced by m68kcpu.h:1649 (/home/runner/work/retro-manager/retro-manager/runtime/retropack-runtime-fbneo/submodules/fbneo/src/cpu/m68k/m68kcpu.h:1649)
>>>               CMakeFiles/retropack-runtime-fbneo.dir/submodules/fbneo/src/cpu/m68k/m68kops.c.o:(.text.m68ki_stack_frame_1000+0x40)
>>> referenced by m68kcpu.h:1655 (/home/runner/work/retro-manager/retro-manager/runtime/retropack-runtime-fbneo/submodules/fbneo/src/cpu/m68k/m68kcpu.h:1655)
>>>               CMakeFiles/retropack-runtime-fbneo.dir/submodules/fbneo/src/cpu/m68k/m68kops.c.o:(.text.m68ki_stack_frame_1000+0x4C)
>>> referenced by m68kcpu.h:1661 (/home/runner/work/retro-manager/retro-manager/runtime/retropack-runtime-fbneo/submodules/fbneo/src/cpu/m68k/m68kcpu.h:1661)
>>>               CMakeFiles/retropack-runtime-fbneo.dir/submodules/fbneo/src/cpu/m68k/m68kops.c.o:(.text.m68ki_stack_frame_1000+0x58)
>>> referenced 49 more times

ld.lld: error: undefined symbol: m68ki_fake_push_16
>>> referenced by m68kcpu.h:1652 (/home/runner/work/retro-manager/retro-manager/runtime/retropack-runtime-fbneo/submodules/fbneo/src/cpu/m68k/m68kcpu.h:1652)
>>>               CMakeFiles/retropack-runtime-fbneo.dir/submodules/fbneo/src/cpu/m68k/m68kops.c.o:(.text.m68ki_stack_frame_1000+0x44)
>>> referenced by m68kcpu.h:1658 (/home/runner/work/retro-manager/retro-manager/runtime/retropack-runtime-fbneo/submodules/fbneo/src/cpu/m68k/m68kcpu.h:1658)
>>>               CMakeFiles/retropack-runtime-fbneo.dir/submodules/fbneo/src/cpu/m68k/m68kops.c.o:(.text.m68ki_stack_frame_1000+0x50)
>>> referenced by m68kcpu.h:1664 (/home/runner/work/retro-manager/retro-manager/runtime/retropack-runtime-fbneo/submodules/fbneo/src/cpu/m68k/m68kcpu.h:1664)
>>>               CMakeFiles/retropack-runtime-fbneo.dir/submodules/fbneo/src/cpu/m68k/m68kops.c.o:(.text.m68ki_stack_frame_1000+0x5C)
>>> referenced 3 more times

ld.lld: error: undefined symbol: m68ki_push_32
>>> referenced by m68kcpu.h:1667 (/home/runner/work/retro-manager/retro-manager/runtime/retropack-runtime-fbneo/submodules/fbneo/src/cpu/m68k/m68kcpu.h:1667)
>>>               CMakeFiles/retropack-runtime-fbneo.dir/submodules/fbneo/src/cpu/m68k/m68kops.c.o:(.text.m68ki_stack_frame_1000+0x64)
>>> referenced by m68kcpu.h:1676 (/home/runner/work/retro-manager/retro-manager/runtime/retropack-runtime-fbneo/submodules/fbneo/src/cpu/m68k/m68kcpu.h:1676)
>>>               CMakeFiles/retropack-runtime-fbneo.dir/submodules/fbneo/src/cpu/m68k/m68kops.c.o:(.text.m68ki_stack_frame_1000+0x84)
>>> referenced by m68kcpu.h:1696 (/home/runner/work/retro-manager/retro-manager/runtime/retropack-runtime-fbneo/submodules/fbneo/src/cpu/m68k/m68kcpu.h:1696)
>>>               CMakeFiles/retropack-runtime-fbneo.dir/submodules/fbneo/src/cpu/m68k/m68kops.c.o:(.text.m68ki_stack_frame_1010+0x30)
>>> referenced 63 more times

ld.lld: error: undefined symbol: m68ki_init_exception
>>> referenced by m68kcpu.h:2016 (/home/runner/work/retro-manager/retro-manager/runtime/retropack-runtime-fbneo/submodules/fbneo/src/cpu/m68k/m68kcpu.h:2016)
>>>               CMakeFiles/retropack-runtime-fbneo.dir/submodules/fbneo/src/cpu/m68k/m68kops.c.o:(.text.m68ki_exception_interrupt+0x98)
>>> referenced by m68kcpu.h:2016 (/home/runner/work/retro-manager/retro-manager/runtime/retropack-runtime-fbneo/submodules/fbneo/src/cpu/m68k/m68kcpu.h:2016)
>>>               CMakeFiles/retropack-runtime-fbneo.dir/submodules/fbneo/src/cpu/m68k/m68kcpu.c.o:(m68ki_exception_interrupt)

ld.lld: error: undefined symbol: m68ki_read_32_fc
>>> referenced by m68kcpu.h:2022 (/home/runner/work/retro-manager/retro-manager/runtime/retropack-runtime-fbneo/submodules/fbneo/src/cpu/m68k/m68kcpu.h:2022)
>>>               CMakeFiles/retropack-runtime-fbneo.dir/submodules/fbneo/src/cpu/m68k/m68kops.c.o:(.text.m68ki_exception_interrupt+0xC8)
>>> referenced by m68kcpu.h:2026 (/home/runner/work/retro-manager/retro-manager/runtime/retropack-runtime-fbneo/submodules/fbneo/src/cpu/m68k/m68kcpu.h:2026)
>>>               CMakeFiles/retropack-runtime-fbneo.dir/submodules/fbneo/src/cpu/m68k/m68kops.c.o:(.text.m68ki_exception_interrupt+0xF4)
>>> referenced by m68kops.c:2091 (/home/runner/work/retro-manager/retro-manager/runtime/retropack-runtime-fbneo/submodules/fbneo/src/cpu/m68k/m68kops.c:2091)
>>>               CMakeFiles/retropack-runtime-fbneo.dir/submodules/fbneo/src/cpu/m68k/m68kops.c.o:(m68k_op_addq_32_ai)
>>> referenced 210 more times

ld.lld: error: undefined symbol: m68ki_stack_frame_0000
>>> referenced by m68kcpu.h:2029 (/home/runner/work/retro-manager/retro-manager/runtime/retropack-runtime-fbneo/submodules/fbneo/src/cpu/m68k/m68kcpu.h:2029)
>>>               CMakeFiles/retropack-runtime-fbneo.dir/submodules/fbneo/src/cpu/m68k/m68kops.c.o:(.text.m68ki_exception_interrupt+0x118)
>>> referenced by m68kcpu.h:2029 (/home/runner/work/retro-manager/retro-manager/runtime/retropack-runtime-fbneo/submodules/fbneo/src/cpu/m68k/m68kcpu.h:2029)
>>>               CMakeFiles/retropack-runtime-fbneo.dir/submodules/fbneo/src/cpu/m68k/m68kcpu.c.o:(m68ki_exception_interrupt)

ld.lld: error: undefined symbol: m68ki_set_sm_flag
>>> referenced by m68kcpu.h:2033 (/home/runner/work/retro-manager/retro-manager/runtime/retropack-runtime-fbneo/submodules/fbneo/src/cpu/m68k/m68kcpu.h:2033)
>>>               CMakeFiles/retropack-runtime-fbneo.dir/submodules/fbneo/src/cpu/m68k/m68kops.c.o:(.text.m68ki_exception_interrupt+0x154)
>>> referenced by m68kcpu.h:2033 (/home/runner/work/retro-manager/retro-manager/runtime/retropack-runtime-fbneo/submodules/fbneo/src/cpu/m68k/m68kcpu.h:2033)
>>>               CMakeFiles/retropack-runtime-fbneo.dir/submodules/fbneo/src/cpu/m68k/m68kcpu.c.o:(m68ki_exception_interrupt)
>>> referenced by m68kcpu.c:1076 (/home/runner/work/retro-manager/retro-manager/runtime/retropack-runtime-fbneo/submodules/fbneo/src/cpu/m68k/m68kcpu.c:1076)
>>>               CMakeFiles/retropack-runtime-fbneo.dir/submodules/fbneo/src/cpu/m68k/m68kcpu.c.o:(m68k_pulse_reset)

ld.lld: error: undefined symbol: m68ki_stack_frame_0001
>>> referenced by m68kcpu.h:2035 (/home/runner/work/retro-manager/retro-manager/runtime/retropack-runtime-fbneo/submodules/fbneo/src/cpu/m68k/m68kcpu.h:2035)
>>>               CMakeFiles/retropack-runtime-fbneo.dir/submodules/fbneo/src/cpu/m68k/m68kops.c.o:(.text.m68ki_exception_interrupt+0x174)
>>> referenced by m68kcpu.h:2035 (/home/runner/work/retro-manager/retro-manager/runtime/retropack-runtime-fbneo/submodules/fbneo/src/cpu/m68k/m68kcpu.h:2035)
>>>               CMakeFiles/retropack-runtime-fbneo.dir/submodules/fbneo/src/cpu/m68k/m68kcpu.c.o:(m68ki_exception_interrupt)

ld.lld: error: undefined symbol: m68ki_jump
>>> referenced by m68kcpu.h:2038 (/home/runner/work/retro-manager/retro-manager/runtime/retropack-runtime-fbneo/submodules/fbneo/src/cpu/m68k/m68kcpu.h:2038)
>>>               CMakeFiles/retropack-runtime-fbneo.dir/submodules/fbneo/src/cpu/m68k/m68kops.c.o:(.text.m68ki_exception_interrupt+0x180)
>>> referenced by m68kcpu.h:2038 (/home/runner/work/retro-manager/retro-manager/runtime/retropack-runtime-fbneo/submodules/fbneo/src/cpu/m68k/m68kcpu.h:2038)
>>>               CMakeFiles/retropack-runtime-fbneo.dir/submodules/fbneo/src/cpu/m68k/m68kcpu.c.o:(m68ki_exception_interrupt)
>>> referenced by m68kcpu.c:623 (/home/runner/work/retro-manager/retro-manager/runtime/retropack-runtime-fbneo/submodules/fbneo/src/cpu/m68k/m68kcpu.c:623)
>>>               CMakeFiles/retropack-runtime-fbneo.dir/submodules/fbneo/src/cpu/m68k/m68kcpu.c.o:(m68k_set_reg)
>>> referenced 23 more times

ld.lld: error: undefined symbol: m68ki_exception_illegal
>>> referenced by m68kops.c:16468 (/home/runner/work/retro-manager/retro-manager/runtime/retropack-runtime-fbneo/submodules/fbneo/src/cpu/m68k/m68kops.c:16468)
>>>               CMakeFiles/retropack-runtime-fbneo.dir/submodules/fbneo/src/cpu/m68k/m68kops.c.o:(m68k_op_illegal)
>>> referenced by m68kops.c:9656 (/home/runner/work/retro-manager/retro-manager/runtime/retropack-runtime-fbneo/submodules/fbneo/src/cpu/m68k/m68kops.c:9656)
>>>               CMakeFiles/retropack-runtime-fbneo.dir/submodules/fbneo/src/cpu/m68k/m68kops.c.o:(m68k_op_chk_32_d)
>>> referenced by m68kops.c:9679 (/home/runner/work/retro-manager/retro-manager/runtime/retropack-runtime-fbneo/submodules/fbneo/src/cpu/m68k/m68kops.c:9679)
>>>               CMakeFiles/retropack-runtime-fbneo.dir/submodules/fbneo/src/cpu/m68k/m68kops.c.o:(m68k_op_chk_32_ai)
>>> referenced 280 more times

ld.lld: error: too many errors emitted, stopping now (use --error-limit=0 to see all errors)
clang++: error: linker command failed with exit code 1 (use -v to see invocation)
ninja: build stopped: subcommand failed.

C++ build system [build] failed while executing:
    /usr/local/lib/android/sdk/cmake/3.22.1/bin/ninja \
      -C \
      /home/runner/work/retro-manager/retro-manager/runtime/retropack-runtime-fbneo/.cxx/Debug/1b1s4j3o/arm64-v8a \
      retropack-runtime-fbneo
  from /home/runner/work/retro-manager/retro-manager/runtime/retropack-runtime-fbneo
	at org.gradle.internal.UncheckedException.throwAsUncheckedException(UncheckedException.java:69)
	at org.gradle.internal.UncheckedException.throwAsUncheckedException(UncheckedException.java:42)
	at org.gradle.internal.reflect.JavaMethod.invoke(JavaMethod.java:129)
	at org.gradle.api.internal.project.taskfactory.StandardTaskAction.doExecute(StandardTaskAction.java:58)
	at org.gradle.api.internal.project.taskfactory.StandardTaskAction.execute(StandardTaskAction.java:51)
	at org.gradle.api.internal.project.taskfactory.StandardTaskAction.execute(StandardTaskAction.java:29)
	at org.gradle.api.internal.tasks.execution.TaskExecution$3.run(TaskExecution.java:259)
	at org.gradle.internal.operations.DefaultBuildOperationRunner$1.execute(DefaultBuildOperationRunner.java:30)
	at org.gradle.internal.operations.DefaultBuildOperationRunner$1.execute(DefaultBuildOperationRunner.java:27)
	at org.gradle.internal.operations.DefaultBuildOperationRunner$2.execute(DefaultBuildOperationRunner.java:67)
	at org.gradle.internal.operations.DefaultBuildOperationRunner$2.execute(DefaultBuildOperationRunner.java:60)
	at org.gradle.internal.operations.DefaultBuildOperationRunner.execute(DefaultBuildOperationRunner.java:167)
	at org.gradle.internal.operations.DefaultBuildOperationRunner.execute(DefaultBuildOperationRunner.java:60)
	at org.gradle.internal.operations.DefaultBuildOperationRunner.run(DefaultBuildOperationRunner.java:48)
	at org.gradle.api.internal.tasks.execution.TaskExecution.executeAction(TaskExecution.java:244)
	at org.gradle.api.internal.tasks.execution.TaskExecution.executeActions(TaskExecution.java:227)
	at org.gradle.api.internal.tasks.execution.TaskExecution.executeWithPreviousOutputFiles(TaskExecution.java:210)
	at org.gradle.api.internal.tasks.execution.TaskExecution.execute(TaskExecution.java:176)
	at org.gradle.internal.execution.steps.ExecuteStep.executeInternal(ExecuteStep.java:167)
	at org.gradle.internal.execution.steps.ExecuteStep.access$000(ExecuteStep.java:47)
	at org.gradle.internal.execution.steps.ExecuteStep$1.call(ExecuteStep.java:137)
	at org.gradle.internal.execution.steps.ExecuteStep$1.call(ExecuteStep.java:134)
	at org.gradle.internal.operations.DefaultBuildOperationRunner$CallableBuildOperationWorker.execute(DefaultBuildOperationRunner.java:210)
	at org.gradle.internal.operations.DefaultBuildOperationRunner$CallableBuildOperationWorker.execute(DefaultBuildOperationRunner.java:205)
	at org.gradle.internal.operations.DefaultBuildOperationRunner$2.execute(DefaultBuildOperationRunner.java:67)
	at org.gradle.internal.operations.DefaultBuildOperationRunner$2.execute(DefaultBuildOperationRunner.java:60)
	at org.gradle.internal.operations.DefaultBuildOperationRunner.execute(DefaultBuildOperationRunner.java:167)
	at org.gradle.internal.operations.DefaultBuildOperationRunner.execute(DefaultBuildOperationRunner.java:60)
	at org.gradle.internal.operations.DefaultBuildOperationRunner.call(DefaultBuildOperationRunner.java:54)
	at org.gradle.internal.execution.steps.ExecuteStep.execute(ExecuteStep.java:134)
	at org.gradle.internal.execution.steps.ExecuteStep$Mutable.execute(ExecuteStep.java:80)
	at org.gradle.internal.execution.steps.CancelExecutionStep.execute(CancelExecutionStep.java:42)
	at org.gradle.internal.execution.steps.TimeoutStep.executeWithoutTimeout(TimeoutStep.java:75)
	at org.gradle.internal.execution.steps.TimeoutStep.execute(TimeoutStep.java:55)
	at org.gradle.internal.execution.steps.PreCreateOutputParentsStep.execute(PreCreateOutputParentsStep.java:51)
	at org.gradle.internal.execution.steps.PreCreateOutputParentsStep.execute(PreCreateOutputParentsStep.java:29)
	at org.gradle.internal.execution.steps.RemovePreviousOutputsStep.executeMutable(RemovePreviousOutputsStep.java:67)
	at org.gradle.internal.execution.steps.RemovePreviousOutputsStep.executeMutable(RemovePreviousOutputsStep.java:39)
	at org.gradle.internal.execution.steps.MutableStep.execute(MutableStep.java:26)
	at org.gradle.internal.execution.steps.BroadcastChangingOutputsStep.execute(BroadcastChangingOutputsStep.java:42)
	at org.gradle.internal.execution.steps.BroadcastChangingOutputsStep.execute(BroadcastChangingOutputsStep.java:24)
	at org.gradle.internal.execution.steps.CaptureOutputsAfterExecutionStep.execute(CaptureOutputsAfterExecutionStep.java:69)
	at org.gradle.internal.execution.steps.CaptureOutputsAfterExecutionStep.execute(CaptureOutputsAfterExecutionStep.java:46)
	at org.gradle.internal.execution.steps.ResolveInputChangesStep.executeMutable(ResolveInputChangesStep.java:39)
	at org.gradle.internal.execution.steps.ResolveInputChangesStep.executeMutable(ResolveInputChangesStep.java:28)
	at org.gradle.internal.execution.steps.MutableStep.execute(MutableStep.java:26)
	at org.gradle.internal.execution.steps.BuildCacheStep.executeWithoutCache(BuildCacheStep.java:189)
	at org.gradle.internal.execution.steps.BuildCacheStep.lambda$execute$1(BuildCacheStep.java:76)
	at org.gradle.internal.Either$Right.fold(Either.java:176)
	at org.gradle.internal.execution.caching.CachingState.fold(CachingState.java:62)
	at org.gradle.internal.execution.steps.BuildCacheStep.execute(BuildCacheStep.java:74)
	at org.gradle.internal.execution.steps.BuildCacheStep.execute(BuildCacheStep.java:49)
	at org.gradle.internal.execution.steps.StoreExecutionStateStep.executeMutable(StoreExecutionStateStep.java:46)
	at org.gradle.internal.execution.steps.StoreExecutionStateStep.executeMutable(StoreExecutionStateStep.java:35)
	at org.gradle.internal.execution.steps.MutableStep.execute(MutableStep.java:26)
	at org.gradle.internal.execution.steps.SkipUpToDateStep.executeBecause(SkipUpToDateStep.java:75)
	at org.gradle.internal.execution.steps.SkipUpToDateStep.lambda$execute$2(SkipUpToDateStep.java:53)
	at org.gradle.internal.execution.steps.SkipUpToDateStep.execute(SkipUpToDateStep.java:53)
	at org.gradle.internal.execution.steps.SkipUpToDateStep.execute(SkipUpToDateStep.java:35)
	at org.gradle.internal.execution.steps.legacy.MarkSnapshottingInputsFinishedStep.execute(MarkSnapshottingInputsFinishedStep.java:37)
	at org.gradle.internal.execution.steps.legacy.MarkSnapshottingInputsFinishedStep.execute(MarkSnapshottingInputsFinishedStep.java:27)
	at org.gradle.internal.execution.steps.ResolveMutableCachingStateStep.executeDelegate(ResolveMutableCachingStateStep.java:70)
	at org.gradle.internal.execution.steps.ResolveMutableCachingStateStep.executeDelegate(ResolveMutableCachingStateStep.java:32)
	at org.gradle.internal.execution.steps.AbstractResolveCachingStateStep.execute(AbstractResolveCachingStateStep.java:69)
	at org.gradle.internal.execution.steps.AbstractResolveCachingStateStep.execute(AbstractResolveCachingStateStep.java:37)
	at org.gradle.internal.execution.steps.ResolveChangesStep.executeMutable(ResolveChangesStep.java:63)
	at org.gradle.internal.execution.steps.ResolveChangesStep.executeMutable(ResolveChangesStep.java:34)
	at org.gradle.internal.execution.steps.MutableStep.execute(MutableStep.java:26)
	at org.gradle.internal.execution.steps.ValidateStep$Mutable.executeDelegate(ValidateStep.java:79)
	at org.gradle.internal.execution.steps.ValidateStep$Mutable.executeDelegate(ValidateStep.java:65)
	at org.gradle.internal.execution.steps.ValidateStep.execute(ValidateStep.java:99)
	at org.gradle.internal.execution.steps.ValidateStep$Mutable.execute(ValidateStep.java:65)
	at org.gradle.internal.execution.steps.CaptureMutableStateBeforeExecutionStep.executeMutable(CaptureMutableStateBeforeExecutionStep.java:86)
	at org.gradle.internal.execution.steps.CaptureMutableStateBeforeExecutionStep.execute(CaptureMutableStateBeforeExecutionStep.java:65)
	at org.gradle.internal.execution.steps.CaptureMutableStateBeforeExecutionStep.execute(CaptureMutableStateBeforeExecutionStep.java:45)
	at org.gradle.internal.execution.steps.SkipEmptyMutableWorkStep.executeWithNonEmptySources(SkipEmptyMutableWorkStep.java:210)
	at org.gradle.internal.execution.steps.SkipEmptyMutableWorkStep.executeMutable(SkipEmptyMutableWorkStep.java:85)
	at org.gradle.internal.execution.steps.SkipEmptyMutableWorkStep.executeMutable(SkipEmptyMutableWorkStep.java:53)
	at org.gradle.internal.execution.steps.MutableStep.execute(MutableStep.java:26)
	at org.gradle.internal.execution.steps.legacy.MarkSnapshottingInputsStartedStep.execute(MarkSnapshottingInputsStartedStep.java:38)
	at org.gradle.internal.execution.steps.LoadPreviousExecutionStateStep.executeMutable(LoadPreviousExecutionStateStep.java:36)
	at org.gradle.internal.execution.steps.LoadPreviousExecutionStateStep.executeMutable(LoadPreviousExecutionStateStep.java:23)
	at org.gradle.internal.execution.steps.MutableStep.execute(MutableStep.java:26)
	at org.gradle.internal.execution.steps.HandleStaleOutputsStep.executeMutable(HandleStaleOutputsStep.java:77)
	at org.gradle.internal.execution.steps.HandleStaleOutputsStep.executeMutable(HandleStaleOutputsStep.java:43)
	at org.gradle.internal.execution.steps.MutableStep.execute(MutableStep.java:26)
	at org.gradle.internal.execution.steps.AssignMutableWorkspaceStep.lambda$executeMutable$0(AssignMutableWorkspaceStep.java:34)
	at org.gradle.api.internal.tasks.execution.TaskExecution$4.withWorkspace(TaskExecution.java:305)
	at org.gradle.internal.execution.steps.AssignMutableWorkspaceStep.executeMutable(AssignMutableWorkspaceStep.java:30)
	at org.gradle.internal.execution.steps.AssignMutableWorkspaceStep.executeMutable(AssignMutableWorkspaceStep.java:21)
	at org.gradle.internal.execution.steps.MutableStep.execute(MutableStep.java:26)
	at org.gradle.internal.execution.steps.ChoosePipelineStep.execute(ChoosePipelineStep.java:40)
	at org.gradle.internal.execution.steps.ChoosePipelineStep.execute(ChoosePipelineStep.java:23)
	at org.gradle.internal.execution.steps.ExecuteWorkBuildOperationFiringStep.lambda$execute$2(ExecuteWorkBuildOperationFiringStep.java:67)
	at org.gradle.internal.execution.steps.ExecuteWorkBuildOperationFiringStep.execute(ExecuteWorkBuildOperationFiringStep.java:67)
	at org.gradle.internal.execution.steps.ExecuteWorkBuildOperationFiringStep.execute(ExecuteWorkBuildOperationFiringStep.java:39)
	at org.gradle.internal.execution.steps.IdentityCacheStep.execute(IdentityCacheStep.java:46)
	at org.gradle.internal.execution.steps.IdentityCacheStep.execute(IdentityCacheStep.java:34)
	at org.gradle.internal.execution.steps.IdentifyStep.execute(IdentifyStep.java:56)
	at org.gradle.internal.execution.steps.IdentifyStep.execute(IdentifyStep.java:38)
	at org.gradle.internal.execution.impl.DefaultExecutionEngine$1.execute(DefaultExecutionEngine.java:68)
	at org.gradle.api.internal.tasks.execution.ExecuteActionsTaskExecuter.executeIfValid(ExecuteActionsTaskExecuter.java:132)
	... 30 more
Caused by: com.android.ide.common.process.ProcessException: ninja: Entering directory `/home/runner/work/retro-manager/retro-manager/runtime/retropack-runtime-fbneo/.cxx/Debug/1b1s4j3o/arm64-v8a'
[1/1] Linking CXX shared library ../../../../build/intermediates/cxx/Debug/1b1s4j3o/obj/arm64-v8a/libretropack-runtime-fbneo.so
FAILED: ../../../../build/intermediates/cxx/Debug/1b1s4j3o/obj/arm64-v8a/libretropack-runtime-fbneo.so 
: && /usr/local/lib/android/sdk/ndk/27.0.12077973/toolchains/llvm/prebuilt/linux-x86_64/bin/clang++ --target=aarch64-none-linux-android26 --sysroot=/usr/local/lib/android/sdk/ndk/27.0.12077973/toolchains/llvm/prebuilt/linux-x86_64/sysroot -fPIC -g -DANDROID -fdata-sections -ffunction-sections -funwind-tables -fstack-protector-strong -no-canonical-prefixes -D_FORTIFY_SOURCE=2 -Wformat -Werror=format-security   -fno-limit-debug-info  -static-libstdc++ -Wl,--build-id=sha1 -Wl,--no-rosegment -Wl,--no-undefined-version -Wl,--fatal-warnings -Wl,--no-undefined -Qunused-arguments  -Wl,-z,max-page-size=16384 -Wl,-z,common-page-size=16384   -Wl,-z,max-page-size=16384 -Wl,-z,common-page-size=16384 -Wl,--allow-multiple-definition -Wl,-z,muldefs -shared -Wl,-soname,libretropack-runtime-fbneo.so -o ../../../../build/intermediates/cxx/Debug/1b1s4j3o/obj/arm64-v8a/libretropack-runtime-fbneo.so CMakeFiles/retropack-runtime-fbneo.dir/src/main/cpp/fbneo-jni.cpp.o CMakeFiles/retropack-runtime-fbneo.dir/src/main/cpp/ringbuffer.c.o CMakeFiles/retropack-runtime-fbneo.dir/submodules/fbneo/src/burn/burn.cpp.o CMakeFiles/retropack-runtime-fbneo.dir/submodules/fbneo/src/burn/burn_gun.cpp.o CMakeFiles/retropack-runtime-fbneo.dir/submodules/fbneo/src/burn/burn_memory.cpp.o CMakeFiles/retropack-runtime-fbneo.dir/submodules/fbneo/src/burn/burn_sound.cpp.o CMakeFiles/retropack-runtime-fbneo.dir/submodules/fbneo/src/burn/cheat.cpp.o CMakeFiles/retropack-runtime-fbneo.dir/submodules/fbneo/src/burn/debug_track.cpp.o CMakeFiles/retropack-runtime-fbneo.dir/submodules/fbneo/src/burn/hiscore.cpp.o CMakeFiles/retropack-runtime-fbneo.dir/submodules/fbneo/src/burn/load.cpp.o CMakeFiles/retropack-runtime-fbneo.dir/submodules/fbneo/src/burn/timer.cpp.o CMakeFiles/retropack-runtime-fbneo.dir/submodules/fbneo/src/burn/burn_sha1.cpp.o CMakeFiles/retropack-runtime-fbneo.dir/submodules/fbneo/src/burner/conc.cpp.o CMakeFiles/retropack-runtime-fbneo.dir/submodules/fbneo/src/burner/dat.cpp.o CMakeFiles/retropack-runtime-fbneo.dir/submodules/fbneo/src/burner/statec.cpp.o CMakeFiles/retropack-runtime-fbneo.dir/submodules/fbneo/src/burner/zipfn.cpp.o CMakeFiles/retropack-runtime-fbneo.dir/submodules/fbneo/src/burner/nvram.cpp.o CMakeFiles/retropack-runtime-fbneo.dir/submodules/fbneo/src/burner/cdlist.cpp.o CMakeFiles/retropack-runtime-fbneo.dir/submodules/fbneo/src/burner/ioapi.c.o CMakeFiles/retropack-runtime-fbneo.dir/submodules/fbneo/src/burner/unzip.c.o CMakeFiles/retropack-runtime-fbneo.dir/submodules/fbneo/src/burn/drv/neogeo/d_neogeo.cpp.o CMakeFiles/retropack-runtime-fbneo.dir/submodules/fbneo/src/burn/drv/neogeo/neo_decrypt.cpp.o CMakeFiles/retropack-runtime-fbneo.dir/submodules/fbneo/src/burn/drv/neogeo/neo_palette.cpp.o CMakeFiles/retropack-runtime-fbneo.dir/submodules/fbneo/src/burn/drv/neogeo/neo_run.cpp.o CMakeFiles/retropack-runtime-fbneo.dir/submodules/fbneo/src/burn/drv/neogeo/neo_sprite.cpp.o CMakeFiles/retropack-runtime-fbneo.dir/submodules/fbneo/src/burn/drv/neogeo/neo_text.cpp.o CMakeFiles/retropack-runtime-fbneo.dir/submodules/fbneo/src/burn/drv/neogeo/neo_upd4990a.cpp.o CMakeFiles/retropack-runtime-fbneo.dir/submodules/fbneo/src/burn/drv/neogeo/neogeo.cpp.o CMakeFiles/retropack-runtime-fbneo.dir/submodules/fbneo/src/burn/snd/fm.c.o CMakeFiles/retropack-runtime-fbneo.dir/submodules/fbneo/src/burn/snd/ay8910.c.o CMakeFiles/retropack-runtime-fbneo.dir/submodules/fbneo/src/burn/snd/ymdeltat.c.o CMakeFiles/retropack-runtime-fbneo.dir/submodules/fbneo/src/burn/snd/burn_ym2203.cpp.o CMakeFiles/retropack-runtime-fbneo.dir/submodules/fbneo/src/burn/snd/burn_ym2608.cpp.o CMakeFiles/retropack-runtime-fbneo.dir/submodules/fbneo/src/burn/snd/burn_ym2610.cpp.o CMakeFiles/retropack-runtime-fbneo.dir/submodules/fbneo/src/burn/snd/burn_ym2612.cpp.o CMakeFiles/retropack-runtime-fbneo.dir/submodules/fbneo/src/burn/devices/joyprocess.cpp.o CMakeFiles/retropack-runtime-fbneo.dir/submodules/fbneo/src/burn/devices/resnet.cpp.o CMakeFiles/retropack-runtime-fbneo.dir/submodules/fbneo/src/cpu/m68k/m68kcpu.c.o CMakeFiles/retropack-runtime-fbneo.dir/submodules/fbneo/src/cpu/m68k/m68kops.c.o CMakeFiles/retropack-runtime-fbneo.dir/submodules/fbneo/src/cpu/m68000_intf.cpp.o CMakeFiles/retropack-runtime-fbneo.dir/submodules/fbneo/src/cpu/z80_intf.cpp.o CMakeFiles/retropack-runtime-fbneo.dir/submodules/fbneo/src/cpu/z80/z80.cpp.o CMakeFiles/retropack-runtime-fbneo.dir/submodules/fbneo/src/cpu/z80/z80ctc.cpp.o CMakeFiles/retropack-runtime-fbneo.dir/submodules/fbneo/src/cpu/z80/z80daisy.cpp.o CMakeFiles/retropack-runtime-fbneo.dir/submodules/fbneo/src/cpu/z80/z80pio.cpp.o  -lGLESv2  -lEGL  -lOpenSLES  -landroid  -llog  -lm  -lz  -latomic -lm && :
ld.lld: error: undefined symbol: BurnDrvNeoGeoMV1
>>> referenced by burn.cpp
>>>               CMakeFiles/retropack-runtime-fbneo.dir/submodules/fbneo/src/burn/burn.cpp.o:(pDriver)
>>> did you mean: BurnDrvNeoGeoMVS
>>> defined in: CMakeFiles/retropack-runtime-fbneo.dir/submodules/fbneo/src/burn/drv/neogeo/d_neogeo.cpp.o

ld.lld: error: undefined symbol: BurnDrvNeoGeoMV1F
>>> referenced by burn.cpp
>>>               CMakeFiles/retropack-runtime-fbneo.dir/submodules/fbneo/src/burn/burn.cpp.o:(pDriver)

ld.lld: error: undefined symbol: BurnDrvNeoGeoMV1FZ
>>> referenced by burn.cpp
>>>               CMakeFiles/retropack-runtime-fbneo.dir/submodules/fbneo/src/burn/burn.cpp.o:(pDriver)

ld.lld: error: undefined symbol: BurnDrvNeoGeoMV2F
>>> referenced by burn.cpp
>>>               CMakeFiles/retropack-runtime-fbneo.dir/submodules/fbneo/src/burn/burn.cpp.o:(pDriver)

ld.lld: error: undefined symbol: BurnDrvNeoGeoMV4F
>>> referenced by burn.cpp
>>>               CMakeFiles/retropack-runtime-fbneo.dir/submodules/fbneo/src/burn/burn.cpp.o:(pDriver)

ld.lld: error: undefined symbol: rfopen
>>> referenced by fbneo-jni.cpp:76 (/home/runner/work/retro-manager/retro-manager/runtime/retropack-runtime-fbneo/src/main/cpp/fbneo-jni.cpp:76)
>>>               CMakeFiles/retropack-runtime-fbneo.dir/src/main/cpp/fbneo-jni.cpp.o:(BurnStateSave(char*, int))
>>> referenced by fbneo-jni.cpp:87 (/home/runner/work/retro-manager/retro-manager/runtime/retropack-runtime-fbneo/src/main/cpp/fbneo-jni.cpp:87)
>>>               CMakeFiles/retropack-runtime-fbneo.dir/src/main/cpp/fbneo-jni.cpp.o:(BurnStateLoad(char*, int, int (*)()))
>>> referenced by neo_text.cpp:290 (/home/runner/work/retro-manager/retro-manager/runtime/retropack-runtime-fbneo/submodules/fbneo/src/burn/drv/neogeo/neo_text.cpp:290)
>>>               CMakeFiles/retropack-runtime-fbneo.dir/submodules/fbneo/src/burn/drv/neogeo/neo_text.cpp.o:(NeoTextBlendInit(int))
>>> referenced 20 more times

ld.lld: error: undefined symbol: rfclose
>>> referenced by fbneo-jni.cpp:80 (/home/runner/work/retro-manager/retro-manager/runtime/retropack-runtime-fbneo/src/main/cpp/fbneo-jni.cpp:80)
>>>               CMakeFiles/retropack-runtime-fbneo.dir/src/main/cpp/fbneo-jni.cpp.o:(BurnStateSave(char*, int))
>>> referenced by fbneo-jni.cpp:91 (/home/runner/work/retro-manager/retro-manager/runtime/retropack-runtime-fbneo/src/main/cpp/fbneo-jni.cpp:91)
>>>               CMakeFiles/retropack-runtime-fbneo.dir/src/main/cpp/fbneo-jni.cpp.o:(BurnStateLoad(char*, int, int (*)()))
>>> referenced by neo_text.cpp:337 (/home/runner/work/retro-manager/retro-manager/runtime/retropack-runtime-fbneo/submodules/fbneo/src/burn/drv/neogeo/neo_text.cpp:337)
>>>               CMakeFiles/retropack-runtime-fbneo.dir/submodules/fbneo/src/burn/drv/neogeo/neo_text.cpp.o:(NeoTextBlendInit(int))
>>> referenced 16 more times

ld.lld: error: undefined symbol: rfwrite
>>> referenced by fbneo-jni.cpp:62 (/home/runner/work/retro-manager/retro-manager/runtime/retropack-runtime-fbneo/src/main/cpp/fbneo-jni.cpp:62)
>>>               CMakeFiles/retropack-runtime-fbneo.dir/src/main/cpp/fbneo-jni.cpp.o:(FbneoFileWriteAcb(BurnArea*))
>>> referenced by ioapi.c:131 (/home/runner/work/retro-manager/retro-manager/runtime/retropack-runtime-fbneo/submodules/fbneo/src/burner/ioapi.c:131)
>>>               CMakeFiles/retropack-runtime-fbneo.dir/submodules/fbneo/src/burner/ioapi.c.o:(fwrite_file_func)
>>> referenced by nvram.cpp:109 (/home/runner/work/retro-manager/retro-manager/runtime/retropack-runtime-fbneo/submodules/fbneo/src/burner/nvram.cpp:109)
>>>               CMakeFiles/retropack-runtime-fbneo.dir/submodules/fbneo/src/burner/nvram.cpp.o:(BurnNvramSave(char*))
>>> referenced 2 more times

ld.lld: error: undefined symbol: rfread
>>> referenced by fbneo-jni.cpp:69 (/home/runner/work/retro-manager/retro-manager/runtime/retropack-runtime-fbneo/src/main/cpp/fbneo-jni.cpp:69)
>>>               CMakeFiles/retropack-runtime-fbneo.dir/src/main/cpp/fbneo-jni.cpp.o:(FbneoFileReadAcb(BurnArea*))
>>> referenced by ioapi.c:124 (/home/runner/work/retro-manager/retro-manager/runtime/retropack-runtime-fbneo/submodules/fbneo/src/burner/ioapi.c:124)
>>>               CMakeFiles/retropack-runtime-fbneo.dir/submodules/fbneo/src/burner/ioapi.c.o:(fread_file_func)
>>> referenced by nvram.cpp:52 (/home/runner/work/retro-manager/retro-manager/runtime/retropack-runtime-fbneo/submodules/fbneo/src/burner/nvram.cpp:52)
>>>               CMakeFiles/retropack-runtime-fbneo.dir/submodules/fbneo/src/burner/nvram.cpp.o:(BurnNvramLoad(char*))
>>> referenced 3 more times

ld.lld: error: undefined symbol: m68ki_fake_push_32
>>> referenced by m68kcpu.h:1639 (/home/runner/work/retro-manager/retro-manager/runtime/retropack-runtime-fbneo/submodules/fbneo/src/cpu/m68k/m68kcpu.h:1639)
>>>               CMakeFiles/retropack-runtime-fbneo.dir/submodules/fbneo/src/cpu/m68k/m68kops.c.o:(.text.m68ki_stack_frame_1000+0x18)
>>> referenced by m68kcpu.h:1640 (/home/runner/work/retro-manager/retro-manager/runtime/retropack-runtime-fbneo/submodules/fbneo/src/cpu/m68k/m68kcpu.h:1640)
>>>               CMakeFiles/retropack-runtime-fbneo.dir/submodules/fbneo/src/cpu/m68k/m68kops.c.o:(.text.m68ki_stack_frame_1000+0x1C)
>>> referenced by m68kcpu.h:1641 (/home/runner/work/retro-manager/retro-manager/runtime/retropack-runtime-fbneo/submodules/fbneo/src/cpu/m68k/m68kcpu.h:1641)
>>>               CMakeFiles/retropack-runtime-fbneo.dir/submodules/fbneo/src/cpu/m68k/m68kops.c.o:(.text.m68ki_stack_frame_1000+0x20)
>>> referenced 13 more times

ld.lld: error: undefined symbol: m68ki_push_16
>>> referenced by m68kcpu.h:1649 (/home/runner/work/retro-manager/retro-manager/runtime/retropack-runtime-fbneo/submodules/fbneo/src/cpu/m68k/m68kcpu.h:1649)
>>>               CMakeFiles/retropack-runtime-fbneo.dir/submodules/fbneo/src/cpu/m68k/m68kops.c.o:(.text.m68ki_stack_frame_1000+0x40)
>>> referenced by m68kcpu.h:1655 (/home/runner/work/retro-manager/retro-manager/runtime/retropack-runtime-fbneo/submodules/fbneo/src/cpu/m68k/m68kcpu.h:1655)
>>>               CMakeFiles/retropack-runtime-fbneo.dir/submodules/fbneo/src/cpu/m68k/m68kops.c.o:(.text.m68ki_stack_frame_1000+0x4C)
>>> referenced by m68kcpu.h:1661 (/home/runner/work/retro-manager/retro-manager/runtime/retropack-runtime-fbneo/submodules/fbneo/src/cpu/m68k/m68kcpu.h:1661)
>>>               CMakeFiles/retropack-runtime-fbneo.dir/submodules/fbneo/src/cpu/m68k/m68kops.c.o:(.text.m68ki_stack_frame_1000+0x58)
>>> referenced 49 more times

ld.lld: error: undefined symbol: m68ki_fake_push_16
>>> referenced by m68kcpu.h:1652 (/home/runner/work/retro-manager/retro-manager/runtime/retropack-runtime-fbneo/submodules/fbneo/src/cpu/m68k/m68kcpu.h:1652)
>>>               CMakeFiles/retropack-runtime-fbneo.dir/submodules/fbneo/src/cpu/m68k/m68kops.c.o:(.text.m68ki_stack_frame_1000+0x44)
>>> referenced by m68kcpu.h:1658 (/home/runner/work/retro-manager/retro-manager/runtime/retropack-runtime-fbneo/submodules/fbneo/src/cpu/m68k/m68kcpu.h:1658)
>>>               CMakeFiles/retropack-runtime-fbneo.dir/submodules/fbneo/src/cpu/m68k/m68kops.c.o:(.text.m68ki_stack_frame_1000+0x50)
>>> referenced by m68kcpu.h:1664 (/home/runner/work/retro-manager/retro-manager/runtime/retropack-runtime-fbneo/submodules/fbneo/src/cpu/m68k/m68kcpu.h:1664)
>>>               CMakeFiles/retropack-runtime-fbneo.dir/submodules/fbneo/src/cpu/m68k/m68kops.c.o:(.text.m68ki_stack_frame_1000+0x5C)
>>> referenced 3 more times

ld.lld: error: undefined symbol: m68ki_push_32
>>> referenced by m68kcpu.h:1667 (/home/runner/work/retro-manager/retro-manager/runtime/retropack-runtime-fbneo/submodules/fbneo/src/cpu/m68k/m68kcpu.h:1667)
>>>               CMakeFiles/retropack-runtime-fbneo.dir/submodules/fbneo/src/cpu/m68k/m68kops.c.o:(.text.m68ki_stack_frame_1000+0x64)
>>> referenced by m68kcpu.h:1676 (/home/runner/work/retro-manager/retro-manager/runtime/retropack-runtime-fbneo/submodules/fbneo/src/cpu/m68k/m68kcpu.h:1676)
>>>               CMakeFiles/retropack-runtime-fbneo.dir/submodules/fbneo/src/cpu/m68k/m68kops.c.o:(.text.m68ki_stack_frame_1000+0x84)
>>> referenced by m68kcpu.h:1696 (/home/runner/work/retro-manager/retro-manager/runtime/retropack-runtime-fbneo/submodules/fbneo/src/cpu/m68k/m68kcpu.h:1696)
>>>               CMakeFiles/retropack-runtime-fbneo.dir/submodules/fbneo/src/cpu/m68k/m68kops.c.o:(.text.m68ki_stack_frame_1010+0x30)
>>> referenced 63 more times

ld.lld: error: undefined symbol: m68ki_init_exception
>>> referenced by m68kcpu.h:2016 (/home/runner/work/retro-manager/retro-manager/runtime/retropack-runtime-fbneo/submodules/fbneo/src/cpu/m68k/m68kcpu.h:2016)
>>>               CMakeFiles/retropack-runtime-fbneo.dir/submodules/fbneo/src/cpu/m68k/m68kops.c.o:(.text.m68ki_exception_interrupt+0x98)
>>> referenced by m68kcpu.h:2016 (/home/runner/work/retro-manager/retro-manager/runtime/retropack-runtime-fbneo/submodules/fbneo/src/cpu/m68k/m68kcpu.h:2016)
>>>               CMakeFiles/retropack-runtime-fbneo.dir/submodules/fbneo/src/cpu/m68k/m68kcpu.c.o:(m68ki_exception_interrupt)

ld.lld: error: undefined symbol: m68ki_read_32_fc
>>> referenced by m68kcpu.h:2022 (/home/runner/work/retro-manager/retro-manager/runtime/retropack-runtime-fbneo/submodules/fbneo/src/cpu/m68k/m68kcpu.h:2022)
>>>               CMakeFiles/retropack-runtime-fbneo.dir/submodules/fbneo/src/cpu/m68k/m68kops.c.o:(.text.m68ki_exception_interrupt+0xC8)
>>> referenced by m68kcpu.h:2026 (/home/runner/work/retro-manager/retro-manager/runtime/retropack-runtime-fbneo/submodules/fbneo/src/cpu/m68k/m68kcpu.h:2026)
>>>               CMakeFiles/retropack-runtime-fbneo.dir/submodules/fbneo/src/cpu/m68k/m68kops.c.o:(.text.m68ki_exception_interrupt+0xF4)
>>> referenced by m68kops.c:2091 (/home/runner/work/retro-manager/retro-manager/runtime/retropack-runtime-fbneo/submodules/fbneo/src/cpu/m68k/m68kops.c:2091)
>>>               CMakeFiles/retropack-runtime-fbneo.dir/submodules/fbneo/src/cpu/m68k/m68kops.c.o:(m68k_op_addq_32_ai)
>>> referenced 210 more times

ld.lld: error: undefined symbol: m68ki_stack_frame_0000
>>> referenced by m68kcpu.h:2029 (/home/runner/work/retro-manager/retro-manager/runtime/retropack-runtime-fbneo/submodules/fbneo/src/cpu/m68k/m68kcpu.h:2029)
>>>               CMakeFiles/retropack-runtime-fbneo.dir/submodules/fbneo/src/cpu/m68k/m68kops.c.o:(.text.m68ki_exception_interrupt+0x118)
>>> referenced by m68kcpu.h:2029 (/home/runner/work/retro-manager/retro-manager/runtime/retropack-runtime-fbneo/submodules/fbneo/src/cpu/m68k/m68kcpu.h:2029)
>>>               CMakeFiles/retropack-runtime-fbneo.dir/submodules/fbneo/src/cpu/m68k/m68kcpu.c.o:(m68ki_exception_interrupt)

ld.lld: error: undefined symbol: m68ki_set_sm_flag
>>> referenced by m68kcpu.h:2033 (/home/runner/work/retro-manager/retro-manager/runtime/retropack-runtime-fbneo/submodules/fbneo/src/cpu/m68k/m68kcpu.h:2033)
>>>               CMakeFiles/retropack-runtime-fbneo.dir/submodules/fbneo/src/cpu/m68k/m68kops.c.o:(.text.m68ki_exception_interrupt+0x154)
>>> referenced by m68kcpu.h:2033 (/home/runner/work/retro-manager/retro-manager/runtime/retropack-runtime-fbneo/submodules/fbneo/src/cpu/m68k/m68kcpu.h:2033)
>>>               CMakeFiles/retropack-runtime-fbneo.dir/submodules/fbneo/src/cpu/m68k/m68kcpu.c.o:(m68ki_exception_interrupt)
>>> referenced by m68kcpu.c:1076 (/home/runner/work/retro-manager/retro-manager/runtime/retropack-runtime-fbneo/submodules/fbneo/src/cpu/m68k/m68kcpu.c:1076)
>>>               CMakeFiles/retropack-runtime-fbneo.dir/submodules/fbneo/src/cpu/m68k/m68kcpu.c.o:(m68k_pulse_reset)

ld.lld: error: undefined symbol: m68ki_stack_frame_0001
>>> referenced by m68kcpu.h:2035 (/home/runner/work/retro-manager/retro-manager/runtime/retropack-runtime-fbneo/submodules/fbneo/src/cpu/m68k/m68kcpu.h:2035)
>>>               CMakeFiles/retropack-runtime-fbneo.dir/submodules/fbneo/src/cpu/m68k/m68kops.c.o:(.text.m68ki_exception_interrupt+0x174)
>>> referenced by m68kcpu.h:2035 (/home/runner/work/retro-manager/retro-manager/runtime/retropack-runtime-fbneo/submodules/fbneo/src/cpu/m68k/m68kcpu.h:2035)
>>>               CMakeFiles/retropack-runtime-fbneo.dir/submodules/fbneo/src/cpu/m68k/m68kcpu.c.o:(m68ki_exception_interrupt)

ld.lld: error: undefined symbol: m68ki_jump
>>> referenced by m68kcpu.h:2038 (/home/runner/work/retro-manager/retro-manager/runtime/retropack-runtime-fbneo/submodules/fbneo/src/cpu/m68k/m68kcpu.h:2038)
>>>               CMakeFiles/retropack-runtime-fbneo.dir/submodules/fbneo/src/cpu/m68k/m68kops.c.o:(.text.m68ki_exception_interrupt+0x180)
>>> referenced by m68kcpu.h:2038 (/home/runner/work/retro-manager/retro-manager/runtime/retropack-runtime-fbneo/submodules/fbneo/src/cpu/m68k/m68kcpu.h:2038)
>>>               CMakeFiles/retropack-runtime-fbneo.dir/submodules/fbneo/src/cpu/m68k/m68kcpu.c.o:(m68ki_exception_interrupt)
>>> referenced by m68kcpu.c:623 (/home/runner/work/retro-manager/retro-manager/runtime/retropack-runtime-fbneo/submodules/fbneo/src/cpu/m68k/m68kcpu.c:623)
>>>               CMakeFiles/retropack-runtime-fbneo.dir/submodules/fbneo/src/cpu/m68k/m68kcpu.c.o:(m68k_set_reg)
>>> referenced 23 more times

ld.lld: error: undefined symbol: m68ki_exception_illegal
>>> referenced by m68kops.c:16468 (/home/runner/work/retro-manager/retro-manager/runtime/retropack-runtime-fbneo/submodules/fbneo/src/cpu/m68k/m68kops.c:16468)
>>>               CMakeFiles/retropack-runtime-fbneo.dir/submodules/fbneo/src/cpu/m68k/m68kops.c.o:(m68k_op_illegal)
>>> referenced by m68kops.c:9656 (/home/runner/work/retro-manager/retro-manager/runtime/retropack-runtime-fbneo/submodules/fbneo/src/cpu/m68k/m68kops.c:9656)
>>>               CMakeFiles/retropack-runtime-fbneo.dir/submodules/fbneo/src/cpu/m68k/m68kops.c.o:(m68k_op_chk_32_d)
>>> referenced by m68kops.c:9679 (/home/runner/work/retro-manager/retro-manager/runtime/retropack-runtime-fbneo/submodules/fbneo/src/cpu/m68k/m68kops.c:9679)
>>>               CMakeFiles/retropack-runtime-fbneo.dir/submodules/fbneo/src/cpu/m68k/m68kops.c.o:(m68k_op_chk_32_ai)
>>> referenced 280 more times

ld.lld: error: too many errors emitted, stopping now (use --error-limit=0 to see all errors)
clang++: error: linker command failed with exit code 1 (use -v to see invocation)
ninja: build stopped: subcommand failed.

C++ build system [build] failed while executing:
    /usr/local/lib/android/sdk/cmake/3.22.1/bin/ninja \
      -C \
      /home/runner/work/retro-manager/retro-manager/runtime/retropack-runtime-fbneo/.cxx/Debug/1b1s4j3o/arm64-v8a \
      retropack-runtime-fbneo
  from /home/runner/work/retro-manager/retro-manager/runtime/retropack-runtime-fbneo
	at com.android.build.gradle.internal.cxx.process.ExecuteProcessKt.execute(ExecuteProcess.kt:288)
	at com.android.build.gradle.internal.cxx.process.ExecuteProcessKt$executeProcess$1.invoke(ExecuteProcess.kt:108)
	at com.android.build.gradle.internal.cxx.process.ExecuteProcessKt$executeProcess$1.invoke(ExecuteProcess.kt:106)
	at com.android.build.gradle.internal.cxx.timing.TimingEnvironmentKt.time(TimingEnvironment.kt:32)
	at com.android.build.gradle.internal.cxx.process.ExecuteProcessKt.executeProcess(ExecuteProcess.kt:106)
	at com.android.build.gradle.internal.cxx.process.ExecuteProcessKt.executeProcess$default(ExecuteProcess.kt:85)
	at com.android.build.gradle.internal.cxx.build.CxxRegularBuilder.executeProcessBatch(CxxRegularBuilder.kt:332)
	at com.android.build.gradle.internal.cxx.build.CxxRegularBuilder.build(CxxRegularBuilder.kt:129)
	at com.android.build.gradle.tasks.ExternalNativeBuildTask.doTaskAction(ExternalNativeBuildTask.kt:72)
	at com.android.build.gradle.internal.tasks.UnsafeOutputsTask$taskAction$$inlined$recordTaskAction$1.invoke(BaseTask.kt:78)
	at com.android.build.gradle.internal.tasks.Blocks.recordSpan(Blocks.java:51)
	at com.android.build.gradle.internal.tasks.UnsafeOutputsTask.taskAction(UnsafeOutputsTask.kt:81)
	at org.gradle.internal.reflect.JavaMethod.invoke(JavaMethod.java:125)
	... 129 more
Caused by: com.android.ide.common.process.ProcessException: Error while executing process /usr/local/lib/android/sdk/cmake/3.22.1/bin/ninja with arguments {-C /home/runner/work/retro-manager/retro-manager/runtime/retropack-runtime-fbneo/.cxx/Debug/1b1s4j3o/arm64-v8a retropack-runtime-fbneo}
	at com.android.build.gradle.internal.process.GradleProcessResult.buildProcessException(GradleProcessResult.java:73)
	at com.android.build.gradle.internal.process.GradleProcessResult.assertNormalExitValue(GradleProcessResult.java:48)
	at com.android.build.gradle.internal.cxx.process.ExecuteProcessKt.execute(ExecuteProcess.kt:277)
	... 141 more
Caused by: org.gradle.process.ProcessExecutionException: Process 'command '/usr/local/lib/android/sdk/cmake/3.22.1/bin/ninja'' finished with non-zero exit value 1
	at org.gradle.process.internal.DefaultExecHandle$ExecResultImpl.assertNormalExitValue(DefaultExecHandle.java:459)
	at com.android.build.gradle.internal.process.GradleProcessResult.assertNormalExitValue(GradleProcessResult.java:46)
	... 142 more


Deprecated Gradle features were used in this build, making it incompatible with Gradle 10.

You can use '--warning-mode all' to show the individual deprecation warnings and determine if they come from your own scripts or plugins.

For more on this, please refer to https://docs.gradle.org/9.5.1/userguide/command_line_interface.html#sec:command_line_warnings in the Gradle documentation.

BUILD FAILED in 9s
217 actionable tasks: 119 executed, 98 up-to-date
