> Task :runtime:retropack-runtime-fbneo:preBuild UP-TO-DATE
> Task :runtime:retropack-runtime-fbneo:preDebugBuild UP-TO-DATE
> Task :runtime:retropack-runtime-fbneo:configureCMakeDebug[arm64-v8a]

> Task :runtime:retropack-runtime-fbneo:buildCMakeDebug[arm64-v8a] FAILED
C/C++: ninja: Entering directory `/home/runner/work/retro-manager/retro-manager/runtime/retropack-runtime-fbneo/.cxx/Debug/1b1s4j3o/arm64-v8a'
C/C++: : && /usr/local/lib/android/sdk/ndk/27.0.12077973/toolchains/llvm/prebuilt/linux-x86_64/bin/clang++ --target=aarch64-none-linux-android26 --sysroot=/usr/local/lib/android/sdk/ndk/27.0.12077973/toolchains/llvm/prebuilt/linux-x86_64/sysroot -fPIC -g -DANDROID -fdata-sections -ffunction-sections -funwind-tables -fstack-protector-strong -no-canonical-prefixes -D_FORTIFY_SOURCE=2 -Wformat -Werror=format-security   -fno-limit-debug-info  -static-libstdc++ -Wl,--build-id=sha1 -Wl,--no-rosegment -Wl,--no-undefined-version -Wl,--fatal-warnings -Wl,--no-undefined -Qunused-arguments  -Wl,-z,max-page-size=16384 -Wl,-z,common-page-size=16384   -Wl,-z,max-page-size=16384 -Wl,-z,common-page-size=16384 -Wl,--allow-multiple-definition -Wl,-z,muldefs -shared -Wl,-soname,libretropack-runtime-fbneo.so -o ../../../../build/intermediates/cxx/Debug/1b1s4j3o/obj/arm64-v8a/libretropack-runtime-fbneo.so CMakeFiles/retropack-runtime-fbneo.dir/src/main/cpp/fbneo-jni.cpp.o CMakeFiles/retropack-runtime-fbneo.dir/src/main/cpp/ringbuffer.c.o CMakeFiles/retropack-runtime-fbneo.dir/submodules/fbneo/src/burn/burn.cpp.o CMakeFiles/retropack-runtime-fbneo.dir/submodules/fbneo/src/burn/burn_gun.cpp.o CMakeFiles/retropack-runtime-fbneo.dir/submodules/fbneo/src/burn/burn_memory.cpp.o CMakeFiles/retropack-runtime-fbneo.dir/submodules/fbneo/src/burn/burn_sound.cpp.o CMakeFiles/retropack-runtime-fbneo.dir/submodules/fbneo/src/burn/cheat.cpp.o CMakeFiles/retropack-runtime-fbneo.dir/submodules/fbneo/src/burn/debug_track.cpp.o CMakeFiles/retropack-runtime-fbneo.dir/submodules/fbneo/src/burn/hiscore.cpp.o CMakeFiles/retropack-runtime-fbneo.dir/submodules/fbneo/src/burn/load.cpp.o CMakeFiles/retropack-runtime-fbneo.dir/submodules/fbneo/src/burn/timer.cpp.o CMakeFiles/retropack-runtime-fbneo.dir/submodules/fbneo/src/burn/burn_sha1.cpp.o CMakeFiles/retropack-runtime-fbneo.dir/submodules/fbneo/src/burner/conc.cpp.o CMakeFiles/retropack-runtime-fbneo.dir/submodules/fbneo/src/burner/dat.cpp.o CMakeFiles/retropack-runtime-fbneo.dir/submodules/fbneo/src/burner/statec.cpp.o CMakeFiles/retropack-runtime-fbneo.dir/submodules/fbneo/src/burner/zipfn.cpp.o CMakeFiles/retropack-runtime-fbneo.dir/submodules/fbneo/src/burner/nvram.cpp.o CMakeFiles/retropack-runtime-fbneo.dir/submodules/fbneo/src/burner/cdlist.cpp.o CMakeFiles/retropack-runtime-fbneo.dir/submodules/fbneo/src/burner/ioapi.c.o CMakeFiles/retropack-runtime-fbneo.dir/submodules/fbneo/src/burner/unzip.c.o CMakeFiles/retropack-runtime-fbneo.dir/submodules/fbneo/src/burn/drv/neogeo/d_neogeo.cpp.o CMakeFiles/retropack-runtime-fbneo.dir/submodules/fbneo/src/burn/drv/neogeo/neo_decrypt.cpp.o CMakeFiles/retropack-runtime-fbneo.dir/submodules/fbneo/src/burn/drv/neogeo/neo_palette.cpp.o CMakeFiles/retropack-runtime-fbneo.dir/submodules/fbneo/src/burn/drv/neogeo/neo_run.cpp.o CMakeFiles/retropack-runtime-fbneo.dir/submodules/fbneo/src/burn/drv/neogeo/neo_sprite.cpp.o CMakeFiles/retropack-runtime-fbneo.dir/submodules/fbneo/src/burn/drv/neogeo/neo_text.cpp.o CMakeFiles/retropack-runtime-fbneo.dir/submodules/fbneo/src/burn/drv/neogeo/neo_upd4990a.cpp.o CMakeFiles/retropack-runtime-fbneo.dir/submodules/fbneo/src/burn/drv/neogeo/neogeo.cpp.o CMakeFiles/retropack-runtime-fbneo.dir/submodules/fbneo/src/burn/snd/fm.c.o CMakeFiles/retropack-runtime-fbneo.dir/submodules/fbneo/src/burn/snd/ay8910.c.o CMakeFiles/retropack-runtime-fbneo.dir/submodules/fbneo/src/burn/snd/ymdeltat.c.o CMakeFiles/retropack-runtime-fbneo.dir/submodules/fbneo/src/burn/snd/burn_ym2203.cpp.o CMakeFiles/retropack-runtime-fbneo.dir/submodules/fbneo/src/burn/snd/burn_ym2608.cpp.o CMakeFiles/retropack-runtime-fbneo.dir/submodules/fbneo/src/burn/snd/burn_ym2610.cpp.o CMakeFiles/retropack-runtime-fbneo.dir/submodules/fbneo/src/burn/snd/burn_ym2612.cpp.o CMakeFiles/retropack-runtime-fbneo.dir/submodules/fbneo/src/burn/devices/joyprocess.cpp.o CMakeFiles/retropack-runtime-fbneo.dir/submodules/fbneo/src/burn/devices/resnet.cpp.o CMakeFiles/retropack-runtime-fbneo.dir/submodules/fbneo/src/cpu/m68k/m68kcpu.c.o CMakeFiles/retropack-runtime-fbneo.dir/submodules/fbneo/src/cpu/m68k/m68kops.c.o CMakeFiles/retropack-runtime-fbneo.dir/submodules/fbneo/src/cpu/m68000_intf.cpp.o CMakeFiles/retropack-runtime-fbneo.dir/submodules/fbneo/src/cpu/z80_intf.cpp.o CMakeFiles/retropack-runtime-fbneo.dir/submodules/fbneo/src/cpu/z80/z80.cpp.o CMakeFiles/retropack-runtime-fbneo.dir/submodules/fbneo/src/cpu/z80/z80ctc.cpp.o CMakeFiles/retropack-runtime-fbneo.dir/submodules/fbneo/src/cpu/z80/z80daisy.cpp.o CMakeFiles/retropack-runtime-fbneo.dir/submodules/fbneo/src/cpu/z80/z80pio.cpp.o  -lGLESv2  -lEGL  -lOpenSLES  -landroid  -llog  -lm  -lz  -latomic -lm && :
C/C++: ld.lld: error: undefined symbol: rfopen
C/C++: >>> referenced by nvram.cpp:45 (/home/runner/work/retro-manager/retro-manager/runtime/retropack-runtime-fbneo/submodules/fbneo/src/burner/nvram.cpp:45)
C/C++: >>>               CMakeFiles/retropack-runtime-fbneo.dir/submodules/fbneo/src/burner/nvram.cpp.o:(BurnNvramLoad(char*))
C/C++: >>> referenced by nvram.cpp:94 (/home/runner/work/retro-manager/retro-manager/runtime/retropack-runtime-fbneo/submodules/fbneo/src/burner/nvram.cpp:94)
C/C++: >>>               CMakeFiles/retropack-runtime-fbneo.dir/submodules/fbneo/src/burner/nvram.cpp.o:(BurnNvramSave(char*))
C/C++: >>> referenced by neo_text.cpp:290 (/home/runner/work/retro-manager/retro-manager/runtime/retropack-runtime-fbneo/submodules/fbneo/src/burn/drv/neogeo/neo_text.cpp:290)
C/C++: >>>               CMakeFiles/retropack-runtime-fbneo.dir/submodules/fbneo/src/burn/drv/neogeo/neo_text.cpp.o:(NeoTextBlendInit(int))
C/C++: >>> referenced 20 more times
C/C++: >>> did you mean: fopen
C/C++: >>> defined in: /usr/local/lib/android/sdk/ndk/27.0.12077973/toolchains/llvm/prebuilt/linux-x86_64/sysroot/usr/lib/aarch64-linux-android/26/libc.so
C/C++: ld.lld: error: undefined symbol: rfread
C/C++: >>> referenced by nvram.cpp:52 (/home/runner/work/retro-manager/retro-manager/runtime/retropack-runtime-fbneo/submodules/fbneo/src/burner/nvram.cpp:52)
C/C++: >>>               CMakeFiles/retropack-runtime-fbneo.dir/submodules/fbneo/src/burner/nvram.cpp.o:(BurnNvramLoad(char*))
C/C++: >>> referenced by nvram.cpp:68 (/home/runner/work/retro-manager/retro-manager/runtime/retropack-runtime-fbneo/submodules/fbneo/src/burner/nvram.cpp:68)
C/C++: >>>               CMakeFiles/retropack-runtime-fbneo.dir/submodules/fbneo/src/burner/nvram.cpp.o:(BurnNvramLoad(char*))
C/C++: >>> referenced by ioapi.c:124 (/home/runner/work/retro-manager/retro-manager/runtime/retropack-runtime-fbneo/submodules/fbneo/src/burner/ioapi.c:124)
C/C++: >>>               CMakeFiles/retropack-runtime-fbneo.dir/submodules/fbneo/src/burner/ioapi.c.o:(fread_file_func)
C/C++: >>> referenced 3 more times
C/C++: >>> did you mean: fread
C/C++: >>> defined in: /usr/local/lib/android/sdk/ndk/27.0.12077973/toolchains/llvm/prebuilt/linux-x86_64/sysroot/usr/lib/aarch64-linux-android/26/libc.so
C/C++: ld.lld: error: undefined symbol: rfclose
C/C++: >>> referenced by nvram.cpp:54 (/home/runner/work/retro-manager/retro-manager/runtime/retropack-runtime-fbneo/submodules/fbneo/src/burner/nvram.cpp:54)
C/C++: >>>               CMakeFiles/retropack-runtime-fbneo.dir/submodules/fbneo/src/burner/nvram.cpp.o:(BurnNvramLoad(char*))
C/C++: >>> referenced by nvram.cpp:65 (/home/runner/work/retro-manager/retro-manager/runtime/retropack-runtime-fbneo/submodules/fbneo/src/burner/nvram.cpp:65)
C/C++: >>>               CMakeFiles/retropack-runtime-fbneo.dir/submodules/fbneo/src/burner/nvram.cpp.o:(BurnNvramLoad(char*))
C/C++: >>> referenced by nvram.cpp:69 (/home/runner/work/retro-manager/retro-manager/runtime/retropack-runtime-fbneo/submodules/fbneo/src/burner/nvram.cpp:69)
C/C++: >>>               CMakeFiles/retropack-runtime-fbneo.dir/submodules/fbneo/src/burner/nvram.cpp.o:(BurnNvramLoad(char*))
C/C++: >>> referenced 16 more times
C/C++: ld.lld: error: undefined symbol: rfseek
C/C++: >>> referenced by nvram.cpp:57 (/home/runner/work/retro-manager/retro-manager/runtime/retropack-runtime-fbneo/submodules/fbneo/src/burner/nvram.cpp:57)
C/C++: >>>               CMakeFiles/retropack-runtime-fbneo.dir/submodules/fbneo/src/burner/nvram.cpp.o:(BurnNvramLoad(char*))
C/C++: >>> referenced by nvram.cpp:59 (/home/runner/work/retro-manager/retro-manager/runtime/retropack-runtime-fbneo/submodules/fbneo/src/burner/nvram.cpp:59)
C/C++: >>>               CMakeFiles/retropack-runtime-fbneo.dir/submodules/fbneo/src/burner/nvram.cpp.o:(BurnNvramLoad(char*))
C/C++: >>> referenced by nvram.cpp:61 (/home/runner/work/retro-manager/retro-manager/runtime/retropack-runtime-fbneo/submodules/fbneo/src/burner/nvram.cpp:61)
C/C++: >>>               CMakeFiles/retropack-runtime-fbneo.dir/submodules/fbneo/src/burner/nvram.cpp.o:(BurnNvramLoad(char*))
C/C++: >>> referenced 5 more times
C/C++: ld.lld: error: undefined symbol: rftell
C/C++: >>> referenced by nvram.cpp:60 (/home/runner/work/retro-manager/retro-manager/runtime/retropack-runtime-fbneo/submodules/fbneo/src/burner/nvram.cpp:60)
C/C++: >>>               CMakeFiles/retropack-runtime-fbneo.dir/submodules/fbneo/src/burner/nvram.cpp.o:(BurnNvramLoad(char*))
C/C++: >>> referenced by ioapi.c:138 (/home/runner/work/retro-manager/retro-manager/runtime/retropack-runtime-fbneo/submodules/fbneo/src/burner/ioapi.c:138)
C/C++: >>>               CMakeFiles/retropack-runtime-fbneo.dir/submodules/fbneo/src/burner/ioapi.c.o:(ftell_file_func)
C/C++: >>> referenced by ioapi.c:146 (/home/runner/work/retro-manager/retro-manager/runtime/retropack-runtime-fbneo/submodules/fbneo/src/burner/ioapi.c:146)
C/C++: >>>               CMakeFiles/retropack-runtime-fbneo.dir/submodules/fbneo/src/burner/ioapi.c.o:(ftell64_file_func)
C/C++: ld.lld: error: undefined symbol: rfwrite
C/C++: >>> referenced by nvram.cpp:109 (/home/runner/work/retro-manager/retro-manager/runtime/retropack-runtime-fbneo/submodules/fbneo/src/burner/nvram.cpp:109)
C/C++: >>>               CMakeFiles/retropack-runtime-fbneo.dir/submodules/fbneo/src/burner/nvram.cpp.o:(BurnNvramSave(char*))
C/C++: >>> referenced by ioapi.c:131 (/home/runner/work/retro-manager/retro-manager/runtime/retropack-runtime-fbneo/submodules/fbneo/src/burner/ioapi.c:131)
C/C++: >>>               CMakeFiles/retropack-runtime-fbneo.dir/submodules/fbneo/src/burner/ioapi.c.o:(fwrite_file_func)
C/C++: >>> referenced by hiscore.cpp:689 (/home/runner/work/retro-manager/retro-manager/runtime/retropack-runtime-fbneo/submodules/fbneo/src/burn/hiscore.cpp:689)
C/C++: >>>               CMakeFiles/retropack-runtime-fbneo.dir/submodules/fbneo/src/burn/hiscore.cpp.o:(HiscoreExit)
C/C++: >>> referenced 2 more times
C/C++: ld.lld: error: undefined symbol: bDoIpsPatch
C/C++: >>> referenced by neogeo.cpp:97 (/home/runner/work/retro-manager/retro-manager/runtime/retropack-runtime-fbneo/submodules/fbneo/src/burn/drv/neogeo/neogeo.cpp:97)
C/C++: >>>               CMakeFiles/retropack-runtime-fbneo.dir/submodules/fbneo/src/burn/drv/neogeo/neogeo.cpp.o:(NeoLoadSprites(int, int, unsigned char*, unsigned int))
C/C++: >>> referenced by neogeo.cpp:97 (/home/runner/work/retro-manager/retro-manager/runtime/retropack-runtime-fbneo/submodules/fbneo/src/burn/drv/neogeo/neogeo.cpp:97)
C/C++: >>>               CMakeFiles/retropack-runtime-fbneo.dir/submodules/fbneo/src/burn/drv/neogeo/neogeo.cpp.o:(NeoLoadSprites(int, int, unsigned char*, unsigned int))
C/C++: >>> referenced by neogeo.cpp:156 (/home/runner/work/retro-manager/retro-manager/runtime/retropack-runtime-fbneo/submodules/fbneo/src/burn/drv/neogeo/neogeo.cpp:156)
C/C++: >>>               CMakeFiles/retropack-runtime-fbneo.dir/submodules/fbneo/src/burn/drv/neogeo/neogeo.cpp.o:(NeoLoadSprites(int, int, unsigned char*, unsigned int))
C/C++: >>> referenced 45 more times
C/C++: ld.lld: error: undefined symbol: nIpsMemExpLen
C/C++: >>> referenced by neogeo.cpp:97 (/home/runner/work/retro-manager/retro-manager/runtime/retropack-runtime-fbneo/submodules/fbneo/src/burn/drv/neogeo/neogeo.cpp:97)
C/C++: >>>               CMakeFiles/retropack-runtime-fbneo.dir/submodules/fbneo/src/burn/drv/neogeo/neogeo.cpp.o:(NeoLoadSprites(int, int, unsigned char*, unsigned int))
C/C++: >>> referenced by neogeo.cpp:97 (/home/runner/work/retro-manager/retro-manager/runtime/retropack-runtime-fbneo/submodules/fbneo/src/burn/drv/neogeo/neogeo.cpp:97)
C/C++: >>>               CMakeFiles/retropack-runtime-fbneo.dir/submodules/fbneo/src/burn/drv/neogeo/neogeo.cpp.o:(NeoLoadSprites(int, int, unsigned char*, unsigned int))
C/C++: >>> referenced by neo_run.cpp:603 (/home/runner/work/retro-manager/retro-manager/runtime/retropack-runtime-fbneo/submodules/fbneo/src/burn/drv/neogeo/neo_run.cpp:603)
C/C++: >>>               CMakeFiles/retropack-runtime-fbneo.dir/submodules/fbneo/src/burn/drv/neogeo/neo_run.cpp.o:(LoadRoms())
C/C++: >>> referenced 31 more times
C/C++: ld.lld: error: undefined symbol: szAppBlendPath
C/C++: >>> referenced by neo_text.cpp:288 (/home/runner/work/retro-manager/retro-manager/runtime/retropack-runtime-fbneo/submodules/fbneo/src/burn/drv/neogeo/neo_text.cpp:288)
C/C++: >>>               CMakeFiles/retropack-runtime-fbneo.dir/submodules/fbneo/src/burn/drv/neogeo/neo_text.cpp.o:(NeoTextBlendInit(int))
C/C++: >>> referenced by neo_text.cpp:288 (/home/runner/work/retro-manager/retro-manager/runtime/retropack-runtime-fbneo/submodules/fbneo/src/burn/drv/neogeo/neo_text.cpp:288)
C/C++: >>>               CMakeFiles/retropack-runtime-fbneo.dir/submodules/fbneo/src/burn/drv/neogeo/neo_text.cpp.o:(NeoTextBlendInit(int))
C/C++: >>> referenced by neo_text.cpp:293 (/home/runner/work/retro-manager/retro-manager/runtime/retropack-runtime-fbneo/submodules/fbneo/src/burn/drv/neogeo/neo_text.cpp:293)
C/C++: >>>               CMakeFiles/retropack-runtime-fbneo.dir/submodules/fbneo/src/burn/drv/neogeo/neo_text.cpp.o:(NeoTextBlendInit(int))
C/C++: >>> referenced 5 more times
C/C++: ld.lld: error: undefined symbol: rfgets
C/C++: >>> referenced by neo_text.cpp:310 (/home/runner/work/retro-manager/retro-manager/runtime/retropack-runtime-fbneo/submodules/fbneo/src/burn/drv/neogeo/neo_text.cpp:310)
C/C++: >>>               CMakeFiles/retropack-runtime-fbneo.dir/submodules/fbneo/src/burn/drv/neogeo/neo_text.cpp.o:(NeoTextBlendInit(int))
C/C++: >>> referenced by neo_sprite.cpp:277 (/home/runner/work/retro-manager/retro-manager/runtime/retropack-runtime-fbneo/submodules/fbneo/src/burn/drv/neogeo/neo_sprite.cpp:277)
C/C++: >>>               CMakeFiles/retropack-runtime-fbneo.dir/submodules/fbneo/src/burn/drv/neogeo/neo_sprite.cpp.o:(NeoBlendInit(int))
C/C++: >>> referenced by conc.cpp:963 (/home/runner/work/retro-manager/retro-manager/runtime/retropack-runtime-fbneo/submodules/fbneo/src/burner/conc.cpp:963)
C/C++: >>>               CMakeFiles/retropack-runtime-fbneo.dir/submodules/fbneo/src/burner/conc.cpp.o:(ConfigParseVCT(char*))
C/C++: >>> referenced 4 more times
C/C++: ld.lld: error: undefined symbol: CDEmuScan(int, int*)
C/C++: >>> referenced by neo_run.cpp:1620 (/home/runner/work/retro-manager/retro-manager/runtime/retropack-runtime-fbneo/submodules/fbneo/src/burn/drv/neogeo/neo_run.cpp:1620)
C/C++: >>>               CMakeFiles/retropack-runtime-fbneo.dir/submodules/fbneo/src/burn/drv/neogeo/neo_run.cpp.o:(NeoScan(int, int*))
C/C++: ld.lld: error: undefined symbol: nIpsDrvDefine
C/C++: >>> referenced by neo_run.cpp:4223 (/home/runner/work/retro-manager/retro-manager/runtime/retropack-runtime-fbneo/submodules/fbneo/src/burn/drv/neogeo/neo_run.cpp:4223)
C/C++: >>>               CMakeFiles/retropack-runtime-fbneo.dir/submodules/fbneo/src/burn/drv/neogeo/neo_run.cpp.o:(NeoInit())
C/C++: >>> referenced by neo_run.cpp:4223 (/home/runner/work/retro-manager/retro-manager/runtime/retropack-runtime-fbneo/submodules/fbneo/src/burn/drv/neogeo/neo_run.cpp:4223)
C/C++: >>>               CMakeFiles/retropack-runtime-fbneo.dir/submodules/fbneo/src/burn/drv/neogeo/neo_run.cpp.o:(NeoInit())
C/C++: >>> referenced by d_neogeo.cpp:2140 (/home/runner/work/retro-manager/retro-manager/runtime/retropack-runtime-fbneo/submodules/fbneo/src/burn/drv/neogeo/d_neogeo.cpp:2140)
C/C++: >>>               CMakeFiles/retropack-runtime-fbneo.dir/submodules/fbneo/src/burn/drv/neogeo/d_neogeo.cpp.o:(NeoSMAInit(void (*)(), void (*)(unsigned int, unsigned short), unsigned int, unsigned int))
C/C++: >>> referenced 5 more times
C/C++: ld.lld: error: undefined symbol: pDataRomDesc
C/C++: >>> referenced by neo_run.cpp:4223 (/home/runner/work/retro-manager/retro-manager/runtime/retropack-runtime-fbneo/submodules/fbneo/src/burn/drv/neogeo/neo_run.cpp:4223)
C/C++: >>>               CMakeFiles/retropack-runtime-fbneo.dir/submodules/fbneo/src/burn/drv/neogeo/neo_run.cpp.o:(NeoInit())
C/C++: >>> referenced by neo_run.cpp:4223 (/home/runner/work/retro-manager/retro-manager/runtime/retropack-runtime-fbneo/submodules/fbneo/src/burn/drv/neogeo/neo_run.cpp:4223)
C/C++: >>>               CMakeFiles/retropack-runtime-fbneo.dir/submodules/fbneo/src/burn/drv/neogeo/neo_run.cpp.o:(NeoInit())
C/C++: >>> referenced by neo_run.cpp:4077 (/home/runner/work/retro-manager/retro-manager/runtime/retropack-runtime-fbneo/submodules/fbneo/src/burn/drv/neogeo/neo_run.cpp:4077)
C/C++: >>>               CMakeFiles/retropack-runtime-fbneo.dir/submodules/fbneo/src/burn/drv/neogeo/neo_run.cpp.o:(NeoInitCommon())
C/C++: >>> referenced 2759 more times
C/C++: ld.lld: error: undefined symbol: pRDI
C/C++: >>> referenced by neo_run.cpp:4077 (/home/runner/work/retro-manager/retro-manager/runtime/retropack-runtime-fbneo/submodules/fbneo/src/burn/drv/neogeo/neo_run.cpp:4077)
C/C++: >>>               CMakeFiles/retropack-runtime-fbneo.dir/submodules/fbneo/src/burn/drv/neogeo/neo_run.cpp.o:(NeoInitCommon())
C/C++: >>> referenced by neo_run.cpp:4077 (/home/runner/work/retro-manager/retro-manager/runtime/retropack-runtime-fbneo/submodules/fbneo/src/burn/drv/neogeo/neo_run.cpp:4077)
C/C++: >>>               CMakeFiles/retropack-runtime-fbneo.dir/submodules/fbneo/src/burn/drv/neogeo/neo_run.cpp.o:(NeoInitCommon())
C/C++: >>> referenced by neo_run.cpp:4080 (/home/runner/work/retro-manager/retro-manager/runtime/retropack-runtime-fbneo/submodules/fbneo/src/burn/drv/neogeo/neo_run.cpp:4080)
C/C++: >>>               CMakeFiles/retropack-runtime-fbneo.dir/submodules/fbneo/src/burn/drv/neogeo/neo_run.cpp.o:(NeoInitCommon())
C/C++: >>> referenced 2755 more times
C/C++: ld.lld: error: undefined symbol: CDEmuGetSoundBuffer(short*, int)
C/C++: >>> referenced by neo_run.cpp:5160 (/home/runner/work/retro-manager/retro-manager/runtime/retropack-runtime-fbneo/submodules/fbneo/src/burn/drv/neogeo/neo_run.cpp:5160)
C/C++: >>>               CMakeFiles/retropack-runtime-fbneo.dir/submodules/fbneo/src/burn/drv/neogeo/neo_run.cpp.o:(NeoFrame())
C/C++: ld.lld: error: undefined symbol: CDEmuStop()
C/C++: >>> referenced by neo_run.cpp:3862 (/home/runner/work/retro-manager/retro-manager/runtime/retropack-runtime-fbneo/submodules/fbneo/src/burn/drv/neogeo/neo_run.cpp:3862)
C/C++: >>>               CMakeFiles/retropack-runtime-fbneo.dir/submodules/fbneo/src/burn/drv/neogeo/neo_run.cpp.o:(neogeoReset())
C/C++: >>> referenced by neo_run.cpp:2645 (/home/runner/work/retro-manager/retro-manager/runtime/retropack-runtime-fbneo/submodules/fbneo/src/burn/drv/neogeo/neo_run.cpp:2645)
C/C++: >>>               CMakeFiles/retropack-runtime-fbneo.dir/submodules/fbneo/src/burn/drv/neogeo/neo_run.cpp.o:(NeoCDProcessCommand())
C/C++: ld.lld: error: undefined symbol: CDEmuReadQChannel()
C/C++: >>> referenced by neo_run.cpp:2660 (/home/runner/work/retro-manager/retro-manager/runtime/retropack-runtime-fbneo/submodules/fbneo/src/burn/drv/neogeo/neo_run.cpp:2660)
C/C++: >>>               CMakeFiles/retropack-runtime-fbneo.dir/submodules/fbneo/src/burn/drv/neogeo/neo_run.cpp.o:(NeoCDProcessCommand())
C/C++: >>> referenced by neo_run.cpp:2678 (/home/runner/work/retro-manager/retro-manager/runtime/retropack-runtime-fbneo/submodules/fbneo/src/burn/drv/neogeo/neo_run.cpp:2678)
C/C++: >>>               CMakeFiles/retropack-runtime-fbneo.dir/submodules/fbneo/src/burn/drv/neogeo/neo_run.cpp.o:(NeoCDProcessCommand())
C/C++: >>> referenced by neo_run.cpp:2694 (/home/runner/work/retro-manager/retro-manager/runtime/retropack-runtime-fbneo/submodules/fbneo/src/burn/drv/neogeo/neo_run.cpp:2694)
C/C++: >>>               CMakeFiles/retropack-runtime-fbneo.dir/submodules/fbneo/src/burn/drv/neogeo/neo_run.cpp.o:(NeoCDProcessCommand())
C/C++: >>> referenced 1 more times
C/C++: ld.lld: error: undefined symbol: CDEmuReadTOC(int)
C/C++: >>> referenced by neo_run.cpp:2699 (/home/runner/work/retro-manager/retro-manager/runtime/retropack-runtime-fbneo/submodules/fbneo/src/burn/drv/neogeo/neo_run.cpp:2699)
C/C++: >>>               CMakeFiles/retropack-runtime-fbneo.dir/submodules/fbneo/src/burn/drv/neogeo/neo_run.cpp.o:(NeoCDProcessCommand())
C/C++: >>> referenced by neo_run.cpp:2708 (/home/runner/work/retro-manager/retro-manager/runtime/retropack-runtime-fbneo/submodules/fbneo/src/burn/drv/neogeo/neo_run.cpp:2708)
C/C++: >>>               CMakeFiles/retropack-runtime-fbneo.dir/submodules/fbneo/src/burn/drv/neogeo/neo_run.cpp.o:(NeoCDProcessCommand())
C/C++: >>> referenced by neo_run.cpp:2722 (/home/runner/work/retro-manager/retro-manager/runtime/retropack-runtime-fbneo/submodules/fbneo/src/burn/drv/neogeo/neo_run.cpp:2722)
C/C++: >>>               CMakeFiles/retropack-runtime-fbneo.dir/submodules/fbneo/src/burn/drv/neogeo/neo_run.cpp.o:(NeoCDProcessCommand())
C/C++: >>> referenced 1 more times
C/C++: ld.lld: error: undefined symbol: CDEmuPlay(unsigned char, unsigned char, unsigned char)
C/C++: >>> referenced by neo_run.cpp:2794 (/home/runner/work/retro-manager/retro-manager/runtime/retropack-runtime-fbneo/submodules/fbneo/src/burn/drv/neogeo/neo_run.cpp:2794)
C/C++: >>>               CMakeFiles/retropack-runtime-fbneo.dir/submodules/fbneo/src/burn/drv/neogeo/neo_run.cpp.o:(NeoCDProcessCommand())
C/C++: ld.lld: error: undefined symbol: CDEmuStatus
C/C++: >>> referenced by cd_interface.h:30 (/home/runner/work/retro-manager/retro-manager/runtime/retropack-runtime-fbneo/submodules/fbneo/src/intf/cd/cd_interface.h:30)
C/C++: >>>               CMakeFiles/retropack-runtime-fbneo.dir/submodules/fbneo/src/burn/drv/neogeo/neo_run.cpp.o:(CDEmuGetStatus())
C/C++: >>> referenced by cd_interface.h:30 (/home/runner/work/retro-manager/retro-manager/runtime/retropack-runtime-fbneo/submodules/fbneo/src/intf/cd/cd_interface.h:30)
C/C++: >>>               CMakeFiles/retropack-runtime-fbneo.dir/submodules/fbneo/src/burn/drv/neogeo/neo_run.cpp.o:(CDEmuGetStatus())
C/C++: >>> referenced by cd_interface.h:37 (/home/runner/work/retro-manager/retro-manager/runtime/retropack-runtime-fbneo/submodules/fbneo/src/intf/cd/cd_interface.h:37)
C/C++: >>>               CMakeFiles/retropack-runtime-fbneo.dir/submodules/fbneo/src/burn/drv/neogeo/neo_run.cpp.o:(CDEmuStartRead())
C/C++: >>> referenced 7 more times
C/C++: ld.lld: error: too many errors emitted, stopping now (use --error-limit=0 to see all errors)
C/C++: clang++: error: linker command failed with exit code 1 (use -v to see invocation)
C/C++: ninja: build stopped: subcommand failed.
gradle/actions: Writing build results to /home/runner/work/_temp/.gradle-actions/build-results/__run_4-1790587776747.json

[Incubating] Problems report is available at: file:///home/runner/work/retro-manager/retro-manager/build/reports/problems/problems-report.html

FAILURE: Build failed with an exception.

* What went wrong:
Execution failed for task ':runtime:retropack-runtime-fbneo:buildCMakeDebug[arm64-v8a]' (registered by plugin 'com.android.internal.library').
> com.android.ide.common.process.ProcessException: ninja: Entering directory `/home/runner/work/retro-manager/retro-manager/runtime/retropack-runtime-fbneo/.cxx/Debug/1b1s4j3o/arm64-v8a'
  [1/46] Building CXX object CMakeFiles/retropack-runtime-fbneo.dir/submodules/fbneo/src/burn/burn_memory.cpp.o
  [2/46] Building C object CMakeFiles/retropack-runtime-fbneo.dir/src/main/cpp/ringbuffer.c.o
  [3/46] Building CXX object CMakeFiles/retropack-runtime-fbneo.dir/submodules/fbneo/src/burn/burn_sound.cpp.o
  [4/46] Building CXX object CMakeFiles/retropack-runtime-fbneo.dir/submodules/fbneo/src/burn/debug_track.cpp.o
  [5/46] Building CXX object CMakeFiles/retropack-runtime-fbneo.dir/submodules/fbneo/src/burn/cheat.cpp.o
  [6/46] Building CXX object CMakeFiles/retropack-runtime-fbneo.dir/submodules/fbneo/src/burn/burn_gun.cpp.o
  [7/46] Building CXX object CMakeFiles/retropack-runtime-fbneo.dir/submodules/fbneo/src/burn/burn.cpp.o
  [8/46] Building CXX object CMakeFiles/retropack-runtime-fbneo.dir/submodules/fbneo/src/burn/load.cpp.o
  [9/46] Building CXX object CMakeFiles/retropack-runtime-fbneo.dir/submodules/fbneo/src/burn/burn_sha1.cpp.o
  [10/46] Building CXX object CMakeFiles/retropack-runtime-fbneo.dir/src/main/cpp/fbneo-jni.cpp.o
  [11/46] Building CXX object CMakeFiles/retropack-runtime-fbneo.dir/submodules/fbneo/src/burn/hiscore.cpp.o
  [12/46] Building CXX object CMakeFiles/retropack-runtime-fbneo.dir/submodules/fbneo/src/burner/statec.cpp.o
  [13/46] Building CXX object CMakeFiles/retropack-runtime-fbneo.dir/submodules/fbneo/src/burn/timer.cpp.o
  [14/46] Building CXX object CMakeFiles/retropack-runtime-fbneo.dir/submodules/fbneo/src/burner/conc.cpp.o
  [15/46] Building CXX object CMakeFiles/retropack-runtime-fbneo.dir/submodules/fbneo/src/burner/nvram.cpp.o
  [16/46] Building C object CMakeFiles/retropack-runtime-fbneo.dir/submodules/fbneo/src/burner/ioapi.c.o
  [17/46] Building CXX object CMakeFiles/retropack-runtime-fbneo.dir/submodules/fbneo/src/burner/zipfn.cpp.o
  [18/46] Building CXX object CMakeFiles/retropack-runtime-fbneo.dir/submodules/fbneo/src/burner/cdlist.cpp.o
  [19/46] Building CXX object CMakeFiles/retropack-runtime-fbneo.dir/submodules/fbneo/src/burner/dat.cpp.o
  [20/46] Building CXX object CMakeFiles/retropack-runtime-fbneo.dir/submodules/fbneo/src/burn/drv/neogeo/neo_palette.cpp.o
  [21/46] Building C object CMakeFiles/retropack-runtime-fbneo.dir/submodules/fbneo/src/burner/unzip.c.o
  [22/46] Building CXX object CMakeFiles/retropack-runtime-fbneo.dir/submodules/fbneo/src/burn/drv/neogeo/neo_decrypt.cpp.o
  [23/46] Building CXX object CMakeFiles/retropack-runtime-fbneo.dir/submodules/fbneo/src/burn/drv/neogeo/neogeo.cpp.o
  [24/46] Building C object CMakeFiles/retropack-runtime-fbneo.dir/submodules/fbneo/src/burn/snd/ymdeltat.c.o
  [25/46] Building CXX object CMakeFiles/retropack-runtime-fbneo.dir/submodules/fbneo/src/burn/drv/neogeo/neo_upd4990a.cpp.o
  [26/46] Building CXX object CMakeFiles/retropack-runtime-fbneo.dir/submodules/fbneo/src/burn/drv/neogeo/neo_text.cpp.o
  [27/46] Building CXX object CMakeFiles/retropack-runtime-fbneo.dir/submodules/fbneo/src/burn/drv/neogeo/neo_run.cpp.o
  [28/46] Building C object CMakeFiles/retropack-runtime-fbneo.dir/submodules/fbneo/src/burn/snd/ay8910.c.o
  [29/46] Building CXX object CMakeFiles/retropack-runtime-fbneo.dir/submodules/fbneo/src/burn/snd/burn_ym2608.cpp.o
  [30/46] Building C object CMakeFiles/retropack-runtime-fbneo.dir/submodules/fbneo/src/burn/snd/fm.c.o
  [31/46] Building CXX object CMakeFiles/retropack-runtime-fbneo.dir/submodules/fbneo/src/burn/devices/joyprocess.cpp.o
  [32/46] Building CXX object CMakeFiles/retropack-runtime-fbneo.dir/submodules/fbneo/src/burn/snd/burn_ym2203.cpp.o
  [33/46] Building CXX object CMakeFiles/retropack-runtime-fbneo.dir/submodules/fbneo/src/burn/snd/burn_ym2612.cpp.o
  [34/46] Building CXX object CMakeFiles/retropack-runtime-fbneo.dir/submodules/fbneo/src/burn/snd/burn_ym2610.cpp.o
  [35/46] Building CXX object CMakeFiles/retropack-runtime-fbneo.dir/submodules/fbneo/src/burn/devices/resnet.cpp.o
  [36/46] Building C object CMakeFiles/retropack-runtime-fbneo.dir/submodules/fbneo/src/cpu/m68k/m68kcpu.c.o
  [37/46] Building CXX object CMakeFiles/retropack-runtime-fbneo.dir/submodules/fbneo/src/cpu/z80/z80ctc.cpp.o
  [38/46] Building CXX object CMakeFiles/retropack-runtime-fbneo.dir/submodules/fbneo/src/cpu/m68000_intf.cpp.o
  [39/46] Building CXX object CMakeFiles/retropack-runtime-fbneo.dir/submodules/fbneo/src/cpu/z80_intf.cpp.o
  [40/46] Building CXX object CMakeFiles/retropack-runtime-fbneo.dir/submodules/fbneo/src/cpu/z80/z80daisy.cpp.o
  [41/46] Building CXX object CMakeFiles/retropack-runtime-fbneo.dir/submodules/fbneo/src/cpu/z80/z80pio.cpp.o
  [42/46] Building CXX object CMakeFiles/retropack-runtime-fbneo.dir/submodules/fbneo/src/burn/drv/neogeo/neo_sprite.cpp.o
  [43/46] Building CXX object CMakeFiles/retropack-runtime-fbneo.dir/submodules/fbneo/src/cpu/z80/z80.cpp.o
  [44/46] Building C object CMakeFiles/retropack-runtime-fbneo.dir/submodules/fbneo/src/cpu/m68k/m68kops.c.o
  [45/46] Building CXX object CMakeFiles/retropack-runtime-fbneo.dir/submodules/fbneo/src/burn/drv/neogeo/d_neogeo.cpp.o
  [46/46] Linking CXX shared library ../../../../build/intermediates/cxx/Debug/1b1s4j3o/obj/arm64-v8a/libretropack-runtime-fbneo.so
  FAILED: ../../../../build/intermediates/cxx/Debug/1b1s4j3o/obj/arm64-v8a/libretropack-runtime-fbneo.so 
  : && /usr/local/lib/android/sdk/ndk/27.0.12077973/toolchains/llvm/prebuilt/linux-x86_64/bin/clang++ --target=aarch64-none-linux-android26 --sysroot=/usr/local/lib/android/sdk/ndk/27.0.12077973/toolchains/llvm/prebuilt/linux-x86_64/sysroot -fPIC -g -DANDROID -fdata-sections -ffunction-sections -funwind-tables -fstack-protector-strong -no-canonical-prefixes -D_FORTIFY_SOURCE=2 -Wformat -Werror=format-security   -fno-limit-debug-info  -static-libstdc++ -Wl,--build-id=sha1 -Wl,--no-rosegment -Wl,--no-undefined-version -Wl,--fatal-warnings -Wl,--no-undefined -Qunused-arguments  -Wl,-z,max-page-size=16384 -Wl,-z,common-page-size=16384   -Wl,-z,max-page-size=16384 -Wl,-z,common-page-size=16384 -Wl,--allow-multiple-definition -Wl,-z,muldefs -shared -Wl,-soname,libretropack-runtime-fbneo.so -o ../../../../build/intermediates/cxx/Debug/1b1s4j3o/obj/arm64-v8a/libretropack-runtime-fbneo.so CMakeFiles/retropack-runtime-fbneo.dir/src/main/cpp/fbneo-jni.cpp.o CMakeFiles/retropack-runtime-fbneo.dir/src/main/cpp/ringbuffer.c.o CMakeFiles/retropack-runtime-fbneo.dir/submodules/fbneo/src/burn/burn.cpp.o CMakeFiles/retropack-runtime-fbneo.dir/submodules/fbneo/src/burn/burn_gun.cpp.o CMakeFiles/retropack-runtime-fbneo.dir/submodules/fbneo/src/burn/burn_memory.cpp.o CMakeFiles/retropack-runtime-fbneo.dir/submodules/fbneo/src/burn/burn_sound.cpp.o CMakeFiles/retropack-runtime-fbneo.dir/submodules/fbneo/src/burn/cheat.cpp.o CMakeFiles/retropack-runtime-fbneo.dir/submodules/fbneo/src/burn/debug_track.cpp.o CMakeFiles/retropack-runtime-fbneo.dir/submodules/fbneo/src/burn/hiscore.cpp.o CMakeFiles/retropack-runtime-fbneo.dir/submodules/fbneo/src/burn/load.cpp.o CMakeFiles/retropack-runtime-fbneo.dir/submodules/fbneo/src/burn/timer.cpp.o CMakeFiles/retropack-runtime-fbneo.dir/submodules/fbneo/src/burn/burn_sha1.cpp.o CMakeFiles/retropack-runtime-fbneo.dir/submodules/fbneo/src/burner/conc.cpp.o CMakeFiles/retropack-runtime-fbneo.dir/submodules/fbneo/src/burner/dat.cpp.o CMakeFiles/retropack-runtime-fbneo.dir/submodules/fbneo/src/burner/statec.cpp.o CMakeFiles/retropack-runtime-fbneo.dir/submodules/fbneo/src/burner/zipfn.cpp.o CMakeFiles/retropack-runtime-fbneo.dir/submodules/fbneo/src/burner/nvram.cpp.o CMakeFiles/retropack-runtime-fbneo.dir/submodules/fbneo/src/burner/cdlist.cpp.o CMakeFiles/retropack-runtime-fbneo.dir/submodules/fbneo/src/burner/ioapi.c.o CMakeFiles/retropack-runtime-fbneo.dir/submodules/fbneo/src/burner/unzip.c.o CMakeFiles/retropack-runtime-fbneo.dir/submodules/fbneo/src/burn/drv/neogeo/d_neogeo.cpp.o CMakeFiles/retropack-runtime-fbneo.dir/submodules/fbneo/src/burn/drv/neogeo/neo_decrypt.cpp.o CMakeFiles/retropack-runtime-fbneo.dir/submodules/fbneo/src/burn/drv/neogeo/neo_palette.cpp.o CMakeFiles/retropack-runtime-fbneo.dir/submodules/fbneo/src/burn/drv/neogeo/neo_run.cpp.o CMakeFiles/retropack-runtime-fbneo.dir/submodules/fbneo/src/burn/drv/neogeo/neo_sprite.cpp.o CMakeFiles/retropack-runtime-fbneo.dir/submodules/fbneo/src/burn/drv/neogeo/neo_text.cpp.o CMakeFiles/retropack-runtime-fbneo.dir/submodules/fbneo/src/burn/drv/neogeo/neo_upd4990a.cpp.o CMakeFiles/retropack-runtime-fbneo.dir/submodules/fbneo/src/burn/drv/neogeo/neogeo.cpp.o CMakeFiles/retropack-runtime-fbneo.dir/submodules/fbneo/src/burn/snd/fm.c.o CMakeFiles/retropack-runtime-fbneo.dir/submodules/fbneo/src/burn/snd/ay8910.c.o CMakeFiles/retropack-runtime-fbneo.dir/submodules/fbneo/src/burn/snd/ymdeltat.c.o CMakeFiles/retropack-runtime-fbneo.dir/submodules/fbneo/src/burn/snd/burn_ym2203.cpp.o CMakeFiles/retropack-runtime-fbneo.dir/submodules/fbneo/src/burn/snd/burn_ym2608.cpp.o CMakeFiles/retropack-runtime-fbneo.dir/submodules/fbneo/src/burn/snd/burn_ym2610.cpp.o CMakeFiles/retropack-runtime-fbneo.dir/submodules/fbneo/src/burn/snd/burn_ym2612.cpp.o CMakeFiles/retropack-runtime-fbneo.dir/submodules/fbneo/src/burn/devices/joyprocess.cpp.o CMakeFiles/retropack-runtime-fbneo.dir/submodules/fbneo/src/burn/devices/resnet.cpp.o CMakeFiles/retropack-runtime-fbneo.dir/submodules/fbneo/src/cpu/m68k/m68kcpu.c.o CMakeFiles/retropack-runtime-fbneo.dir/submodules/fbneo/src/cpu/m68k/m68kops.c.o CMakeFiles/retropack-runtime-fbneo.dir/submodules/fbneo/src/cpu/m68000_intf.cpp.o CMakeFiles/retropack-runtime-fbneo.dir/submodules/fbneo/src/cpu/z80_intf.cpp.o CMakeFiles/retropack-runtime-fbneo.dir/submodules/fbneo/src/cpu/z80/z80.cpp.o CMakeFiles/retropack-runtime-fbneo.dir/submodules/fbneo/src/cpu/z80/z80ctc.cpp.o CMakeFiles/retropack-runtime-fbneo.dir/submodules/fbneo/src/cpu/z80/z80daisy.cpp.o CMakeFiles/retropack-runtime-fbneo.dir/submodules/fbneo/src/cpu/z80/z80pio.cpp.o  -lGLESv2  -lEGL  -lOpenSLES  -landroid  -llog  -lm  -lz  -latomic -lm && :
  ld.lld: error: undefined symbol: rfopen
  >>> referenced by nvram.cpp:45 (/home/runner/work/retro-manager/retro-manager/runtime/retropack-runtime-fbneo/submodules/fbneo/src/burner/nvram.cpp:45)
  >>>               CMakeFiles/retropack-runtime-fbneo.dir/submodules/fbneo/src/burner/nvram.cpp.o:(BurnNvramLoad(char*))
  >>> referenced by nvram.cpp:94 (/home/runner/work/retro-manager/retro-manager/runtime/retropack-runtime-fbneo/submodules/fbneo/src/burner/nvram.cpp:94)
  >>>               CMakeFiles/retropack-runtime-fbneo.dir/submodules/fbneo/src/burner/nvram.cpp.o:(BurnNvramSave(char*))
  >>> referenced by neo_text.cpp:290 (/home/runner/work/retro-manager/retro-manager/runtime/retropack-runtime-fbneo/submodules/fbneo/src/burn/drv/neogeo/neo_text.cpp:290)
  >>>               CMakeFiles/retropack-runtime-fbneo.dir/submodules/fbneo/src/burn/drv/neogeo/neo_text.cpp.o:(NeoTextBlendInit(int))
  >>> referenced 20 more times
  >>> did you mean: fopen
  >>> defined in: /usr/local/lib/android/sdk/ndk/27.0.12077973/toolchains/llvm/prebuilt/linux-x86_64/sysroot/usr/lib/aarch64-linux-android/26/libc.so
  
  ld.lld: error: undefined symbol: rfread
  >>> referenced by nvram.cpp:52 (/home/runner/work/retro-manager/retro-manager/runtime/retropack-runtime-fbneo/submodules/fbneo/src/burner/nvram.cpp:52)
  >>>               CMakeFiles/retropack-runtime-fbneo.dir/submodules/fbneo/src/burner/nvram.cpp.o:(BurnNvramLoad(char*))
  >>> referenced by nvram.cpp:68 (/home/runner/work/retro-manager/retro-manager/runtime/retropack-runtime-fbneo/submodules/fbneo/src/burner/nvram.cpp:68)
  >>>               CMakeFiles/retropack-runtime-fbneo.dir/submodules/fbneo/src/burner/nvram.cpp.o:(BurnNvramLoad(char*))
  >>> referenced by ioapi.c:124 (/home/runner/work/retro-manager/retro-manager/runtime/retropack-runtime-fbneo/submodules/fbneo/src/burner/ioapi.c:124)
  >>>               CMakeFiles/retropack-runtime-fbneo.dir/submodules/fbneo/src/burner/ioapi.c.o:(fread_file_func)
  >>> referenced 3 more times
  >>> did you mean: fread
  >>> defined in: /usr/local/lib/android/sdk/ndk/27.0.12077973/toolchains/llvm/prebuilt/linux-x86_64/sysroot/usr/lib/aarch64-linux-android/26/libc.so
  
  ld.lld: error: undefined symbol: rfclose
  >>> referenced by nvram.cpp:54 (/home/runner/work/retro-manager/retro-manager/runtime/retropack-runtime-fbneo/submodules/fbneo/src/burner/nvram.cpp:54)
  >>>               CMakeFiles/retropack-runtime-fbneo.dir/submodules/fbneo/src/burner/nvram.cpp.o:(BurnNvramLoad(char*))
  >>> referenced by nvram.cpp:65 (/home/runner/work/retro-manager/retro-manager/runtime/retropack-runtime-fbneo/submodules/fbneo/src/burner/nvram.cpp:65)
  >>>               CMakeFiles/retropack-runtime-fbneo.dir/submodules/fbneo/src/burner/nvram.cpp.o:(BurnNvramLoad(char*))
  >>> referenced by nvram.cpp:69 (/home/runner/work/retro-manager/retro-manager/runtime/retropack-runtime-fbneo/submodules/fbneo/src/burner/nvram.cpp:69)
  >>>               CMakeFiles/retropack-runtime-fbneo.dir/submodules/fbneo/src/burner/nvram.cpp.o:(BurnNvramLoad(char*))
  >>> referenced 16 more times
  
  ld.lld: error: undefined symbol: rfseek
  >>> referenced by nvram.cpp:57 (/home/runner/work/retro-manager/retro-manager/runtime/retropack-runtime-fbneo/submodules/fbneo/src/burner/nvram.cpp:57)
  >>>               CMakeFiles/retropack-runtime-fbneo.dir/submodules/fbneo/src/burner/nvram.cpp.o:(BurnNvramLoad(char*))
  >>> referenced by nvram.cpp:59 (/home/runner/work/retro-manager/retro-manager/runtime/retropack-runtime-fbneo/submodules/fbneo/src/burner/nvram.cpp:59)
  >>>               CMakeFiles/retropack-runtime-fbneo.dir/submodules/fbneo/src/burner/nvram.cpp.o:(BurnNvramLoad(char*))
  >>> referenced by nvram.cpp:61 (/home/runner/work/retro-manager/retro-manager/runtime/retropack-runtime-fbneo/submodules/fbneo/src/burner/nvram.cpp:61)
  >>>               CMakeFiles/retropack-runtime-fbneo.dir/submodules/fbneo/src/burner/nvram.cpp.o:(BurnNvramLoad(char*))
  >>> referenced 5 more times
  
  ld.lld: error: undefined symbol: rftell
  >>> referenced by nvram.cpp:60 (/home/runner/work/retro-manager/retro-manager/runtime/retropack-runtime-fbneo/submodules/fbneo/src/burner/nvram.cpp:60)
  >>>               CMakeFiles/retropack-runtime-fbneo.dir/submodules/fbneo/src/burner/nvram.cpp.o:(BurnNvramLoad(char*))
  >>> referenced by ioapi.c:138 (/home/runner/work/retro-manager/retro-manager/runtime/retropack-runtime-fbneo/submodules/fbneo/src/burner/ioapi.c:138)
  >>>               CMakeFiles/retropack-runtime-fbneo.dir/submodules/fbneo/src/burner/ioapi.c.o:(ftell_file_func)
  >>> referenced by ioapi.c:146 (/home/runner/work/retro-manager/retro-manager/runtime/retropack-runtime-fbneo/submodules/fbneo/src/burner/ioapi.c:146)
  >>>               CMakeFiles/retropack-runtime-fbneo.dir/submodules/fbneo/src/burner/ioapi.c.o:(ftell64_file_func)
  
  ld.lld: error: undefined symbol: rfwrite
  >>> referenced by nvram.cpp:109 (/home/runner/work/retro-manager/retro-manager/runtime/retropack-runtime-fbneo/submodules/fbneo/src/burner/nvram.cpp:109)
  >>>               CMakeFiles/retropack-runtime-fbneo.dir/submodules/fbneo/src/burner/nvram.cpp.o:(BurnNvramSave(char*))
  >>> referenced by ioapi.c:131 (/home/runner/work/retro-manager/retro-manager/runtime/retropack-runtime-fbneo/submodules/fbneo/src/burner/ioapi.c:131)
  >>>               CMakeFiles/retropack-runtime-fbneo.dir/submodules/fbneo/src/burner/ioapi.c.o:(fwrite_file_func)
  >>> referenced by hiscore.cpp:689 (/home/runner/work/retro-manager/retro-manager/runtime/retropack-runtime-fbneo/submodules/fbneo/src/burn/hiscore.cpp:689)
  >>>               CMakeFiles/retropack-runtime-fbneo.dir/submodules/fbneo/src/burn/hiscore.cpp.o:(HiscoreExit)
  >>> referenced 2 more times
  
  ld.lld: error: undefined symbol: bDoIpsPatch
  >>> referenced by neogeo.cpp:97 (/home/runner/work/retro-manager/retro-manager/runtime/retropack-runtime-fbneo/submodules/fbneo/src/burn/drv/neogeo/neogeo.cpp:97)
  >>>               CMakeFiles/retropack-runtime-fbneo.dir/submodules/fbneo/src/burn/drv/neogeo/neogeo.cpp.o:(NeoLoadSprites(int, int, unsigned char*, unsigned int))
  >>> referenced by neogeo.cpp:97 (/home/runner/work/retro-manager/retro-manager/runtime/retropack-runtime-fbneo/submodules/fbneo/src/burn/drv/neogeo/neogeo.cpp:97)
  >>>               CMakeFiles/retropack-runtime-fbneo.dir/submodules/fbneo/src/burn/drv/neogeo/neogeo.cpp.o:(NeoLoadSprites(int, int, unsigned char*, unsigned int))
  >>> referenced by neogeo.cpp:156 (/home/runner/work/retro-manager/retro-manager/runtime/retropack-runtime-fbneo/submodules/fbneo/src/burn/drv/neogeo/neogeo.cpp:156)
  >>>               CMakeFiles/retropack-runtime-fbneo.dir/submodules/fbneo/src/burn/drv/neogeo/neogeo.cpp.o:(NeoLoadSprites(int, int, unsigned char*, unsigned int))
  >>> referenced 45 more times
  
  ld.lld: error: undefined symbol: nIpsMemExpLen
  >>> referenced by neogeo.cpp:97 (/home/runner/work/retro-manager/retro-manager/runtime/retropack-runtime-fbneo/submodules/fbneo/src/burn/drv/neogeo/neogeo.cpp:97)
  >>>               CMakeFiles/retropack-runtime-fbneo.dir/submodules/fbneo/src/burn/drv/neogeo/neogeo.cpp.o:(NeoLoadSprites(int, int, unsigned char*, unsigned int))
  >>> referenced by neogeo.cpp:97 (/home/runner/work/retro-manager/retro-manager/runtime/retropack-runtime-fbneo/submodules/fbneo/src/burn/drv/neogeo/neogeo.cpp:97)
  >>>               CMakeFiles/retropack-runtime-fbneo.dir/submodules/fbneo/src/burn/drv/neogeo/neogeo.cpp.o:(NeoLoadSprites(int, int, unsigned char*, unsigned int))
  >>> referenced by neo_run.cpp:603 (/home/runner/work/retro-manager/retro-manager/runtime/retropack-runtime-fbneo/submodules/fbneo/src/burn/drv/neogeo/neo_run.cpp:603)
  >>>               CMakeFiles/retropack-runtime-fbneo.dir/submodules/fbneo/src/burn/drv/neogeo/neo_run.cpp.o:(LoadRoms())
  >>> referenced 31 more times
  
  ld.lld: error: undefined symbol: szAppBlendPath
  >>> referenced by neo_text.cpp:288 (/home/runner/work/retro-manager/retro-manager/runtime/retropack-runtime-fbneo/submodules/fbneo/src/burn/drv/neogeo/neo_text.cpp:288)
  >>>               CMakeFiles/retropack-runtime-fbneo.dir/submodules/fbneo/src/burn/drv/neogeo/neo_text.cpp.o:(NeoTextBlendInit(int))
  >>> referenced by neo_text.cpp:288 (/home/runner/work/retro-manager/retro-manager/runtime/retropack-runtime-fbneo/submodules/fbneo/src/burn/drv/neogeo/neo_text.cpp:288)
  >>>               CMakeFiles/retropack-runtime-fbneo.dir/submodules/fbneo/src/burn/drv/neogeo/neo_text.cpp.o:(NeoTextBlendInit(int))
  >>> referenced by neo_text.cpp:293 (/home/runner/work/retro-manager/retro-manager/runtime/retropack-runtime-fbneo/submodules/fbneo/src/burn/drv/neogeo/neo_text.cpp:293)
  >>>               CMakeFiles/retropack-runtime-fbneo.dir/submodules/fbneo/src/burn/drv/neogeo/neo_text.cpp.o:(NeoTextBlendInit(int))
  >>> referenced 5 more times
  
  ld.lld: error: undefined symbol: rfgets
  >>> referenced by neo_text.cpp:310 (/home/runner/work/retro-manager/retro-manager/runtime/retropack-runtime-fbneo/submodules/fbneo/src/burn/drv/neogeo/neo_text.cpp:310)
  >>>               CMakeFiles/retropack-runtime-fbneo.dir/submodules/fbneo/src/burn/drv/neogeo/neo_text.cpp.o:(NeoTextBlendInit(int))
  >>> referenced by neo_sprite.cpp:277 (/home/runner/work/retro-manager/retro-manager/runtime/retropack-runtime-fbneo/submodules/fbneo/src/burn/drv/neogeo/neo_sprite.cpp:277)
  >>>               CMakeFiles/retropack-runtime-fbneo.dir/submodules/fbneo/src/burn/drv/neogeo/neo_sprite.cpp.o:(NeoBlendInit(int))
  >>> referenced by conc.cpp:963 (/home/runner/work/retro-manager/retro-manager/runtime/retropack-runtime-fbneo/submodules/fbneo/src/burner/conc.cpp:963)
  >>>               CMakeFiles/retropack-runtime-fbneo.dir/submodules/fbneo/src/burner/conc.cpp.o:(ConfigParseVCT(char*))
  >>> referenced 4 more times
  
  ld.lld: error: undefined symbol: CDEmuScan(int, int*)
  >>> referenced by neo_run.cpp:1620 (/home/runner/work/retro-manager/retro-manager/runtime/retropack-runtime-fbneo/submodules/fbneo/src/burn/drv/neogeo/neo_run.cpp:1620)
  >>>               CMakeFiles/retropack-runtime-fbneo.dir/submodules/fbneo/src/burn/drv/neogeo/neo_run.cpp.o:(NeoScan(int, int*))
  
  ld.lld: error: undefined symbol: nIpsDrvDefine
  >>> referenced by neo_run.cpp:4223 (/home/runner/work/retro-manager/retro-manager/runtime/retropack-runtime-fbneo/submodules/fbneo/src/burn/drv/neogeo/neo_run.cpp:4223)
  >>>               CMakeFiles/retropack-runtime-fbneo.dir/submodules/fbneo/src/burn/drv/neogeo/neo_run.cpp.o:(NeoInit())
  >>> referenced by neo_run.cpp:4223 (/home/runner/work/retro-manager/retro-manager/runtime/retropack-runtime-fbneo/submodules/fbneo/src/burn/drv/neogeo/neo_run.cpp:4223)
  >>>               CMakeFiles/retropack-runtime-fbneo.dir/submodules/fbneo/src/burn/drv/neogeo/neo_run.cpp.o:(NeoInit())
  >>> referenced by d_neogeo.cpp:2140 (/home/runner/work/retro-manager/retro-manager/runtime/retropack-runtime-fbneo/submodules/fbneo/src/burn/drv/neogeo/d_neogeo.cpp:2140)
  >>>               CMakeFiles/retropack-runtime-fbneo.dir/submodules/fbneo/src/burn/drv/neogeo/d_neogeo.cpp.o:(NeoSMAInit(void (*)(), void (*)(unsigned int, unsigned short), unsigned int, unsigned int))
  >>> referenced 5 more times
  
  ld.lld: error: undefined symbol: pDataRomDesc
  >>> referenced by neo_run.cpp:4223 (/home/runner/work/retro-manager/retro-manager/runtime/retropack-runtime-fbneo/submodules/fbneo/src/burn/drv/neogeo/neo_run.cpp:4223)
  >>>               CMakeFiles/retropack-runtime-fbneo.dir/submodules/fbneo/src/burn/drv/neogeo/neo_run.cpp.o:(NeoInit())
  >>> referenced by neo_run.cpp:4223 (/home/runner/work/retro-manager/retro-manager/runtime/retropack-runtime-fbneo/submodules/fbneo/src/burn/drv/neogeo/neo_run.cpp:4223)
  >>>               CMakeFiles/retropack-runtime-fbneo.dir/submodules/fbneo/src/burn/drv/neogeo/neo_run.cpp.o:(NeoInit())
  >>> referenced by neo_run.cpp:4077 (/home/runner/work/retro-manager/retro-manager/runtime/retropack-runtime-fbneo/submodules/fbneo/src/burn/drv/neogeo/neo_run.cpp:4077)
  >>>               CMakeFiles/retropack-runtime-fbneo.dir/submodules/fbneo/src/burn/drv/neogeo/neo_run.cpp.o:(NeoInitCommon())
  >>> referenced 2759 more times
  
  ld.lld: error: undefined symbol: pRDI
  >>> referenced by neo_run.cpp:4077 (/home/runner/work/retro-manager/retro-manager/runtime/retropack-runtime-fbneo/submodules/fbneo/src/burn/drv/neogeo/neo_run.cpp:4077)
  >>>               CMakeFiles/retropack-runtime-fbneo.dir/submodules/fbneo/src/burn/drv/neogeo/neo_run.cpp.o:(NeoInitCommon())
  >>> referenced by neo_run.cpp:4077 (/home/runner/work/retro-manager/retro-manager/runtime/retropack-runtime-fbneo/submodules/fbneo/src/burn/drv/neogeo/neo_run.cpp:4077)
  >>>               CMakeFiles/retropack-runtime-fbneo.dir/submodules/fbneo/src/burn/drv/neogeo/neo_run.cpp.o:(NeoInitCommon())
  >>> referenced by neo_run.cpp:4080 (/home/runner/work/retro-manager/retro-manager/runtime/retropack-runtime-fbneo/submodules/fbneo/src/burn/drv/neogeo/neo_run.cpp:4080)
  >>>               CMakeFiles/retropack-runtime-fbneo.dir/submodules/fbneo/src/burn/drv/neogeo/neo_run.cpp.o:(NeoInitCommon())
  >>> referenced 2755 more times
  
  ld.lld: error: undefined symbol: CDEmuGetSoundBuffer(short*, int)
  >>> referenced by neo_run.cpp:5160 (/home/runner/work/retro-manager/retro-manager/runtime/retropack-runtime-fbneo/submodules/fbneo/src/burn/drv/neogeo/neo_run.cpp:5160)
  >>>               CMakeFiles/retropack-runtime-fbneo.dir/submodules/fbneo/src/burn/drv/neogeo/neo_run.cpp.o:(NeoFrame())
  
  ld.lld: error: undefined symbol: CDEmuStop()
  >>> referenced by neo_run.cpp:3862 (/home/runner/work/retro-manager/retro-manager/runtime/retropack-runtime-fbneo/submodules/fbneo/src/burn/drv/neogeo/neo_run.cpp:3862)
  >>>               CMakeFiles/retropack-runtime-fbneo.dir/submodules/fbneo/src/burn/drv/neogeo/neo_run.cpp.o:(neogeoReset())
  >>> referenced by neo_run.cpp:2645 (/home/runner/work/retro-manager/retro-manager/runtime/retropack-runtime-fbneo/submodules/fbneo/src/burn/drv/neogeo/neo_run.cpp:2645)
  >>>               CMakeFiles/retropack-runtime-fbneo.dir/submodules/fbneo/src/burn/drv/neogeo/neo_run.cpp.o:(NeoCDProcessCommand())
  
  ld.lld: error: undefined symbol: CDEmuReadQChannel()
  >>> referenced by neo_run.cpp:2660 (/home/runner/work/retro-manager/retro-manager/runtime/retropack-runtime-fbneo/submodules/fbneo/src/burn/drv/neogeo/neo_run.cpp:2660)
  >>>               CMakeFiles/retropack-runtime-fbneo.dir/submodules/fbneo/src/burn/drv/neogeo/neo_run.cpp.o:(NeoCDProcessCommand())
  >>> referenced by neo_run.cpp:2678 (/home/runner/work/retro-manager/retro-manager/runtime/retropack-runtime-fbneo/submodules/fbneo/src/burn/drv/neogeo/neo_run.cpp:2678)
  >>>               CMakeFiles/retropack-runtime-fbneo.dir/submodules/fbneo/src/burn/drv/neogeo/neo_run.cpp.o:(NeoCDProcessCommand())
  >>> referenced by neo_run.cpp:2694 (/home/runner/work/retro-manager/retro-manager/runtime/retropack-runtime-fbneo/submodules/fbneo/src/burn/drv/neogeo/neo_run.cpp:2694)
  >>>               CMakeFiles/retropack-runtime-fbneo.dir/submodules/fbneo/src/burn/drv/neogeo/neo_run.cpp.o:(NeoCDProcessCommand())
  >>> referenced 1 more times
  
  ld.lld: error: undefined symbol: CDEmuReadTOC(int)
  >>> referenced by neo_run.cpp:2699 (/home/runner/work/retro-manager/retro-manager/runtime/retropack-runtime-fbneo/submodules/fbneo/src/burn/drv/neogeo/neo_run.cpp:2699)
  >>>               CMakeFiles/retropack-runtime-fbneo.dir/submodules/fbneo/src/burn/drv/neogeo/neo_run.cpp.o:(NeoCDProcessCommand())
  >>> referenced by neo_run.cpp:2708 (/home/runner/work/retro-manager/retro-manager/runtime/retropack-runtime-fbneo/submodules/fbneo/src/burn/drv/neogeo/neo_run.cpp:2708)
  >>>               CMakeFiles/retropack-runtime-fbneo.dir/submodules/fbneo/src/burn/drv/neogeo/neo_run.cpp.o:(NeoCDProcessCommand())
  >>> referenced by neo_run.cpp:2722 (/home/runner/work/retro-manager/retro-manager/runtime/retropack-runtime-fbneo/submodules/fbneo/src/burn/drv/neogeo/neo_run.cpp:2722)
  >>>               CMakeFiles/retropack-runtime-fbneo.dir/submodules/fbneo/src/burn/drv/neogeo/neo_run.cpp.o:(NeoCDProcessCommand())
  >>> referenced 1 more times
  
  ld.lld: error: undefined symbol: CDEmuPlay(unsigned char, unsigned char, unsigned char)
  >>> referenced by neo_run.cpp:2794 (/home/runner/work/retro-manager/retro-manager/runtime/retropack-runtime-fbneo/submodules/fbneo/src/burn/drv/neogeo/neo_run.cpp:2794)
  >>>               CMakeFiles/retropack-runtime-fbneo.dir/submodules/fbneo/src/burn/drv/neogeo/neo_run.cpp.o:(NeoCDProcessCommand())
  
  ld.lld: error: undefined symbol: CDEmuStatus
  >>> referenced by cd_interface.h:30 (/home/runner/work/retro-manager/retro-manager/runtime/retropack-runtime-fbneo/submodules/fbneo/src/intf/cd/cd_interface.h:30)
  >>>               CMakeFiles/retropack-runtime-fbneo.dir/submodules/fbneo/src/burn/drv/neogeo/neo_run.cpp.o:(CDEmuGetStatus())
  >>> referenced by cd_interface.h:30 (/home/runner/work/retro-manager/retro-manager/runtime/retropack-runtime-fbneo/submodules/fbneo/src/intf/cd/cd_interface.h:30)
  >>>               CMakeFiles/retropack-runtime-fbneo.dir/submodules/fbneo/src/burn/drv/neogeo/neo_run.cpp.o:(CDEmuGetStatus())
  >>> referenced by cd_interface.h:37 (/home/runner/work/retro-manager/retro-manager/runtime/retropack-runtime-fbneo/submodules/fbneo/src/intf/cd/cd_interface.h:37)
  >>>               CMakeFiles/retropack-runtime-fbneo.dir/submodules/fbneo/src/burn/drv/neogeo/neo_run.cpp.o:(CDEmuStartRead())
  >>> referenced 7 more times
  
  ld.lld: error: too many errors emitted, stopping now (use --error-limit=0 to see all errors)
  clang++: error: linker command failed with exit code 1 (use -v to see invocation)
  ninja: build stopped: subcommand failed.
  
  C++ build system [build] failed while executing:
      /usr/local/lib/android/sdk/cmake/3.22.1/bin/ninja \
        -C \
        /home/runner/work/retro-manager/retro-manager/runtime/retropack-runtime-fbneo/.cxx/Debug/1b1s4j3o/arm64-v8a \
        retropack-runtime-fbneo
    from /home/runner/work/retro-manager/retro-manager/runtime/retropack-runtime-fbneo

* Try:
> Run with --info or --debug option to get more log output.
> Run with --scan to get full insights from a Build Scan (powered by Develocity).
> Get more help at https://help.gradle.org.

* Exception is:
org.gradle.api.tasks.TaskExecutionException: Execution failed for task ':runtime:retropack-runtime-fbneo:buildCMakeDebug[arm64-v8a]' (registered by plugin 'com.android.internal.library').
	at org.gradle.api.internal.tasks.execution.ExecuteActionsTaskExecuter.lambda$executeIfValid$1(ExecuteActionsTaskExecuter.java:135)
	at org.gradle.internal.Try$Failure.ifSuccessfulOrElse(Try.java:288)
	at org.gradle.api.internal.tasks.execution.ExecuteActionsTaskExecuter.executeIfValid(ExecuteActionsTaskExecuter.java:133)
	at org.gradle.api.internal.tasks.execution.ExecuteActionsTaskExecuter.execute(ExecuteActionsTaskExecuter.java:121)
	at org.gradle.api.internal.tasks.execution.ProblemsTaskPathTrackingTaskExecuter.execute(ProblemsTaskPathTrackingTaskExecuter.java:41)
	at org.gradle.api.internal.tasks.execution.ResolveTaskExecutionModeExecuter.execute(ResolveTaskExecutionModeExecuter.java:51)
	at org.gradle.api.internal.tasks.execution.FinalizePropertiesTaskExecuter.execute(FinalizePropertiesTaskExecuter.java:46)
	at org.gradle.api.internal.tasks.execution.SkipTaskWithNoActionsExecuter.execute(SkipTaskWithNoActionsExecuter.java:57)
	at org.gradle.api.internal.tasks.execution.SkipOnlyIfTaskExecuter.execute(SkipOnlyIfTaskExecuter.java:74)
	at org.gradle.api.internal.tasks.execution.CatchExceptionTaskExecuter.execute(CatchExceptionTaskExecuter.java:36)
	at org.gradle.api.internal.tasks.execution.EventFiringTaskExecuter$1.executeTask(EventFiringTaskExecuter.java:77)
	at org.gradle.api.internal.tasks.execution.EventFiringTaskExecuter$1.call(EventFiringTaskExecuter.java:55)
	at org.gradle.api.internal.tasks.execution.EventFiringTaskExecuter$1.call(EventFiringTaskExecuter.java:52)
	at org.gradle.internal.operations.DefaultBuildOperationRunner$CallableBuildOperationWorker.execute(DefaultBuildOperationRunner.java:210)
	at org.gradle.internal.operations.DefaultBuildOperationRunner$CallableBuildOperationWorker.execute(DefaultBuildOperationRunner.java:205)
	at org.gradle.internal.operations.DefaultBuildOperationRunner$2.execute(DefaultBuildOperationRunner.java:67)
	at org.gradle.internal.operations.DefaultBuildOperationRunner$2.execute(DefaultBuildOperationRunner.java:60)
	at org.gradle.internal.operations.DefaultBuildOperationRunner.execute(DefaultBuildOperationRunner.java:167)
	at org.gradle.internal.operations.DefaultBuildOperationRunner.execute(DefaultBuildOperationRunner.java:60)
	at org.gradle.internal.operations.DefaultBuildOperationRunner.call(DefaultBuildOperationRunner.java:54)
	at org.gradle.api.internal.tasks.execution.EventFiringTaskExecuter.execute(EventFiringTaskExecuter.java:52)
	at org.gradle.execution.plan.DefaultNodeExecutor.executeLocalTaskNode(DefaultNodeExecutor.java:55)
	at org.gradle.execution.plan.DefaultNodeExecutor.execute(DefaultNodeExecutor.java:34)
	at org.gradle.execution.taskgraph.DefaultTaskExecutionGraph$InvokeNodeExecutorsAction.execute(DefaultTaskExecutionGraph.java:355)
	at org.gradle.execution.taskgraph.DefaultTaskExecutionGraph$InvokeNodeExecutorsAction.execute(DefaultTaskExecutionGraph.java:343)
	at org.gradle.execution.taskgraph.DefaultTaskExecutionGraph$BuildOperationAwareExecutionAction.lambda$execute$0(DefaultTaskExecutionGraph.java:339)
	at org.gradle.internal.operations.CurrentBuildOperationRef.with(CurrentBuildOperationRef.java:84)
	at org.gradle.execution.taskgraph.DefaultTaskExecutionGraph$BuildOperationAwareExecutionAction.execute(DefaultTaskExecutionGraph.java:339)
	at org.gradle.execution.taskgraph.DefaultTaskExecutionGraph$BuildOperationAwareExecutionAction.execute(DefaultTaskExecutionGraph.java:328)
	at org.gradle.execution.plan.DefaultPlanExecutor$ExecutorWorker.execute(DefaultPlanExecutor.java:459)
	at org.gradle.execution.plan.DefaultPlanExecutor$ExecutorWorker.run(DefaultPlanExecutor.java:376)
	at org.gradle.internal.concurrent.ExecutorPolicy$CatchAndRecordFailures.onExecute(ExecutorPolicy.java:64)
	at org.gradle.internal.concurrent.AbstractManagedExecutor$1.run(AbstractManagedExecutor.java:47)
Caused by: org.gradle.internal.UncheckedException: com.android.ide.common.process.ProcessException: ninja: Entering directory `/home/runner/work/retro-manager/retro-manager/runtime/retropack-runtime-fbneo/.cxx/Debug/1b1s4j3o/arm64-v8a'
[1/46] Building CXX object CMakeFiles/retropack-runtime-fbneo.dir/submodules/fbneo/src/burn/burn_memory.cpp.o
[2/46] Building C object CMakeFiles/retropack-runtime-fbneo.dir/src/main/cpp/ringbuffer.c.o
[3/46] Building CXX object CMakeFiles/retropack-runtime-fbneo.dir/submodules/fbneo/src/burn/burn_sound.cpp.o
[4/46] Building CXX object CMakeFiles/retropack-runtime-fbneo.dir/submodules/fbneo/src/burn/debug_track.cpp.o
[5/46] Building CXX object CMakeFiles/retropack-runtime-fbneo.dir/submodules/fbneo/src/burn/cheat.cpp.o
[6/46] Building CXX object CMakeFiles/retropack-runtime-fbneo.dir/submodules/fbneo/src/burn/burn_gun.cpp.o
[7/46] Building CXX object CMakeFiles/retropack-runtime-fbneo.dir/submodules/fbneo/src/burn/burn.cpp.o
[8/46] Building CXX object CMakeFiles/retropack-runtime-fbneo.dir/submodules/fbneo/src/burn/load.cpp.o
[9/46] Building CXX object CMakeFiles/retropack-runtime-fbneo.dir/submodules/fbneo/src/burn/burn_sha1.cpp.o
[10/46] Building CXX object CMakeFiles/retropack-runtime-fbneo.dir/src/main/cpp/fbneo-jni.cpp.o
[11/46] Building CXX object CMakeFiles/retropack-runtime-fbneo.dir/submodules/fbneo/src/burn/hiscore.cpp.o
[12/46] Building CXX object CMakeFiles/retropack-runtime-fbneo.dir/submodules/fbneo/src/burner/statec.cpp.o
[13/46] Building CXX object CMakeFiles/retropack-runtime-fbneo.dir/submodules/fbneo/src/burn/timer.cpp.o
[14/46] Building CXX object CMakeFiles/retropack-runtime-fbneo.dir/submodules/fbneo/src/burner/conc.cpp.o
[15/46] Building CXX object CMakeFiles/retropack-runtime-fbneo.dir/submodules/fbneo/src/burner/nvram.cpp.o
[16/46] Building C object CMakeFiles/retropack-runtime-fbneo.dir/submodules/fbneo/src/burner/ioapi.c.o
[17/46] Building CXX object CMakeFiles/retropack-runtime-fbneo.dir/submodules/fbneo/src/burner/zipfn.cpp.o
[18/46] Building CXX object CMakeFiles/retropack-runtime-fbneo.dir/submodules/fbneo/src/burner/cdlist.cpp.o
[19/46] Building CXX object CMakeFiles/retropack-runtime-fbneo.dir/submodules/fbneo/src/burner/dat.cpp.o
[20/46] Building CXX object CMakeFiles/retropack-runtime-fbneo.dir/submodules/fbneo/src/burn/drv/neogeo/neo_palette.cpp.o
[21/46] Building C object CMakeFiles/retropack-runtime-fbneo.dir/submodules/fbneo/src/burner/unzip.c.o
[22/46] Building CXX object CMakeFiles/retropack-runtime-fbneo.dir/submodules/fbneo/src/burn/drv/neogeo/neo_decrypt.cpp.o
[23/46] Building CXX object CMakeFiles/retropack-runtime-fbneo.dir/submodules/fbneo/src/burn/drv/neogeo/neogeo.cpp.o
[24/46] Building C object CMakeFiles/retropack-runtime-fbneo.dir/submodules/fbneo/src/burn/snd/ymdeltat.c.o
[25/46] Building CXX object CMakeFiles/retropack-runtime-fbneo.dir/submodules/fbneo/src/burn/drv/neogeo/neo_upd4990a.cpp.o
[26/46] Building CXX object CMakeFiles/retropack-runtime-fbneo.dir/submodules/fbneo/src/burn/drv/neogeo/neo_text.cpp.o
[27/46] Building CXX object CMakeFiles/retropack-runtime-fbneo.dir/submodules/fbneo/src/burn/drv/neogeo/neo_run.cpp.o
[28/46] Building C object CMakeFiles/retropack-runtime-fbneo.dir/submodules/fbneo/src/burn/snd/ay8910.c.o
[29/46] Building CXX object CMakeFiles/retropack-runtime-fbneo.dir/submodules/fbneo/src/burn/snd/burn_ym2608.cpp.o
[30/46] Building C object CMakeFiles/retropack-runtime-fbneo.dir/submodules/fbneo/src/burn/snd/fm.c.o
[31/46] Building CXX object CMakeFiles/retropack-runtime-fbneo.dir/submodules/fbneo/src/burn/devices/joyprocess.cpp.o
[32/46] Building CXX object CMakeFiles/retropack-runtime-fbneo.dir/submodules/fbneo/src/burn/snd/burn_ym2203.cpp.o
[33/46] Building CXX object CMakeFiles/retropack-runtime-fbneo.dir/submodules/fbneo/src/burn/snd/burn_ym2612.cpp.o
[34/46] Building CXX object CMakeFiles/retropack-runtime-fbneo.dir/submodules/fbneo/src/burn/snd/burn_ym2610.cpp.o
[35/46] Building CXX object CMakeFiles/retropack-runtime-fbneo.dir/submodules/fbneo/src/burn/devices/resnet.cpp.o
[36/46] Building C object CMakeFiles/retropack-runtime-fbneo.dir/submodules/fbneo/src/cpu/m68k/m68kcpu.c.o
[37/46] Building CXX object CMakeFiles/retropack-runtime-fbneo.dir/submodules/fbneo/src/cpu/z80/z80ctc.cpp.o
[38/46] Building CXX object CMakeFiles/retropack-runtime-fbneo.dir/submodules/fbneo/src/cpu/m68000_intf.cpp.o
[39/46] Building CXX object CMakeFiles/retropack-runtime-fbneo.dir/submodules/fbneo/src/cpu/z80_intf.cpp.o
[40/46] Building CXX object CMakeFiles/retropack-runtime-fbneo.dir/submodules/fbneo/src/cpu/z80/z80daisy.cpp.o
[41/46] Building CXX object CMakeFiles/retropack-runtime-fbneo.dir/submodules/fbneo/src/cpu/z80/z80pio.cpp.o
[42/46] Building CXX object CMakeFiles/retropack-runtime-fbneo.dir/submodules/fbneo/src/burn/drv/neogeo/neo_sprite.cpp.o
[43/46] Building CXX object CMakeFiles/retropack-runtime-fbneo.dir/submodules/fbneo/src/cpu/z80/z80.cpp.o
[44/46] Building C object CMakeFiles/retropack-runtime-fbneo.dir/submodules/fbneo/src/cpu/m68k/m68kops.c.o
[45/46] Building CXX object CMakeFiles/retropack-runtime-fbneo.dir/submodules/fbneo/src/burn/drv/neogeo/d_neogeo.cpp.o
[46/46] Linking CXX shared library ../../../../build/intermediates/cxx/Debug/1b1s4j3o/obj/arm64-v8a/libretropack-runtime-fbneo.so
FAILED: ../../../../build/intermediates/cxx/Debug/1b1s4j3o/obj/arm64-v8a/libretropack-runtime-fbneo.so 
: && /usr/local/lib/android/sdk/ndk/27.0.12077973/toolchains/llvm/prebuilt/linux-x86_64/bin/clang++ --target=aarch64-none-linux-android26 --sysroot=/usr/local/lib/android/sdk/ndk/27.0.12077973/toolchains/llvm/prebuilt/linux-x86_64/sysroot -fPIC -g -DANDROID -fdata-sections -ffunction-sections -funwind-tables -fstack-protector-strong -no-canonical-prefixes -D_FORTIFY_SOURCE=2 -Wformat -Werror=format-security   -fno-limit-debug-info  -static-libstdc++ -Wl,--build-id=sha1 -Wl,--no-rosegment -Wl,--no-undefined-version -Wl,--fatal-warnings -Wl,--no-undefined -Qunused-arguments  -Wl,-z,max-page-size=16384 -Wl,-z,common-page-size=16384   -Wl,-z,max-page-size=16384 -Wl,-z,common-page-size=16384 -Wl,--allow-multiple-definition -Wl,-z,muldefs -shared -Wl,-soname,libretropack-runtime-fbneo.so -o ../../../../build/intermediates/cxx/Debug/1b1s4j3o/obj/arm64-v8a/libretropack-runtime-fbneo.so CMakeFiles/retropack-runtime-fbneo.dir/src/main/cpp/fbneo-jni.cpp.o CMakeFiles/retropack-runtime-fbneo.dir/src/main/cpp/ringbuffer.c.o CMakeFiles/retropack-runtime-fbneo.dir/submodules/fbneo/src/burn/burn.cpp.o CMakeFiles/retropack-runtime-fbneo.dir/submodules/fbneo/src/burn/burn_gun.cpp.o CMakeFiles/retropack-runtime-fbneo.dir/submodules/fbneo/src/burn/burn_memory.cpp.o CMakeFiles/retropack-runtime-fbneo.dir/submodules/fbneo/src/burn/burn_sound.cpp.o CMakeFiles/retropack-runtime-fbneo.dir/submodules/fbneo/src/burn/cheat.cpp.o CMakeFiles/retropack-runtime-fbneo.dir/submodules/fbneo/src/burn/debug_track.cpp.o CMakeFiles/retropack-runtime-fbneo.dir/submodules/fbneo/src/burn/hiscore.cpp.o CMakeFiles/retropack-runtime-fbneo.dir/submodules/fbneo/src/burn/load.cpp.o CMakeFiles/retropack-runtime-fbneo.dir/submodules/fbneo/src/burn/timer.cpp.o CMakeFiles/retropack-runtime-fbneo.dir/submodules/fbneo/src/burn/burn_sha1.cpp.o CMakeFiles/retropack-runtime-fbneo.dir/submodules/fbneo/src/burner/conc.cpp.o CMakeFiles/retropack-runtime-fbneo.dir/submodules/fbneo/src/burner/dat.cpp.o CMakeFiles/retropack-runtime-fbneo.dir/submodules/fbneo/src/burner/statec.cpp.o CMakeFiles/retropack-runtime-fbneo.dir/submodules/fbneo/src/burner/zipfn.cpp.o CMakeFiles/retropack-runtime-fbneo.dir/submodules/fbneo/src/burner/nvram.cpp.o CMakeFiles/retropack-runtime-fbneo.dir/submodules/fbneo/src/burner/cdlist.cpp.o CMakeFiles/retropack-runtime-fbneo.dir/submodules/fbneo/src/burner/ioapi.c.o CMakeFiles/retropack-runtime-fbneo.dir/submodules/fbneo/src/burner/unzip.c.o CMakeFiles/retropack-runtime-fbneo.dir/submodules/fbneo/src/burn/drv/neogeo/d_neogeo.cpp.o CMakeFiles/retropack-runtime-fbneo.dir/submodules/fbneo/src/burn/drv/neogeo/neo_decrypt.cpp.o CMakeFiles/retropack-runtime-fbneo.dir/submodules/fbneo/src/burn/drv/neogeo/neo_palette.cpp.o CMakeFiles/retropack-runtime-fbneo.dir/submodules/fbneo/src/burn/drv/neogeo/neo_run.cpp.o CMakeFiles/retropack-runtime-fbneo.dir/submodules/fbneo/src/burn/drv/neogeo/neo_sprite.cpp.o CMakeFiles/retropack-runtime-fbneo.dir/submodules/fbneo/src/burn/drv/neogeo/neo_text.cpp.o CMakeFiles/retropack-runtime-fbneo.dir/submodules/fbneo/src/burn/drv/neogeo/neo_upd4990a.cpp.o CMakeFiles/retropack-runtime-fbneo.dir/submodules/fbneo/src/burn/drv/neogeo/neogeo.cpp.o CMakeFiles/retropack-runtime-fbneo.dir/submodules/fbneo/src/burn/snd/fm.c.o CMakeFiles/retropack-runtime-fbneo.dir/submodules/fbneo/src/burn/snd/ay8910.c.o CMakeFiles/retropack-runtime-fbneo.dir/submodules/fbneo/src/burn/snd/ymdeltat.c.o CMakeFiles/retropack-runtime-fbneo.dir/submodules/fbneo/src/burn/snd/burn_ym2203.cpp.o CMakeFiles/retropack-runtime-fbneo.dir/submodules/fbneo/src/burn/snd/burn_ym2608.cpp.o CMakeFiles/retropack-runtime-fbneo.dir/submodules/fbneo/src/burn/snd/burn_ym2610.cpp.o CMakeFiles/retropack-runtime-fbneo.dir/submodules/fbneo/src/burn/snd/burn_ym2612.cpp.o CMakeFiles/retropack-runtime-fbneo.dir/submodules/fbneo/src/burn/devices/joyprocess.cpp.o CMakeFiles/retropack-runtime-fbneo.dir/submodules/fbneo/src/burn/devices/resnet.cpp.o CMakeFiles/retropack-runtime-fbneo.dir/submodules/fbneo/src/cpu/m68k/m68kcpu.c.o CMakeFiles/retropack-runtime-fbneo.dir/submodules/fbneo/src/cpu/m68k/m68kops.c.o CMakeFiles/retropack-runtime-fbneo.dir/submodules/fbneo/src/cpu/m68000_intf.cpp.o CMakeFiles/retropack-runtime-fbneo.dir/submodules/fbneo/src/cpu/z80_intf.cpp.o CMakeFiles/retropack-runtime-fbneo.dir/submodules/fbneo/src/cpu/z80/z80.cpp.o CMakeFiles/retropack-runtime-fbneo.dir/submodules/fbneo/src/cpu/z80/z80ctc.cpp.o CMakeFiles/retropack-runtime-fbneo.dir/submodules/fbneo/src/cpu/z80/z80daisy.cpp.o CMakeFiles/retropack-runtime-fbneo.dir/submodules/fbneo/src/cpu/z80/z80pio.cpp.o  -lGLESv2  -lEGL  -lOpenSLES  -landroid  -llog  -lm  -lz  -latomic -lm && :
ld.lld: error: undefined symbol: rfopen
>>> referenced by nvram.cpp:45 (/home/runner/work/retro-manager/retro-manager/runtime/retropack-runtime-fbneo/submodules/fbneo/src/burner/nvram.cpp:45)
>>>               CMakeFiles/retropack-runtime-fbneo.dir/submodules/fbneo/src/burner/nvram.cpp.o:(BurnNvramLoad(char*))
>>> referenced by nvram.cpp:94 (/home/runner/work/retro-manager/retro-manager/runtime/retropack-runtime-fbneo/submodules/fbneo/src/burner/nvram.cpp:94)
>>>               CMakeFiles/retropack-runtime-fbneo.dir/submodules/fbneo/src/burner/nvram.cpp.o:(BurnNvramSave(char*))
>>> referenced by neo_text.cpp:290 (/home/runner/work/retro-manager/retro-manager/runtime/retropack-runtime-fbneo/submodules/fbneo/src/burn/drv/neogeo/neo_text.cpp:290)
>>>               CMakeFiles/retropack-runtime-fbneo.dir/submodules/fbneo/src/burn/drv/neogeo/neo_text.cpp.o:(NeoTextBlendInit(int))
>>> referenced 20 more times
>>> did you mean: fopen
>>> defined in: /usr/local/lib/android/sdk/ndk/27.0.12077973/toolchains/llvm/prebuilt/linux-x86_64/sysroot/usr/lib/aarch64-linux-android/26/libc.so

ld.lld: error: undefined symbol: rfread
>>> referenced by nvram.cpp:52 (/home/runner/work/retro-manager/retro-manager/runtime/retropack-runtime-fbneo/submodules/fbneo/src/burner/nvram.cpp:52)
>>>               CMakeFiles/retropack-runtime-fbneo.dir/submodules/fbneo/src/burner/nvram.cpp.o:(BurnNvramLoad(char*))
>>> referenced by nvram.cpp:68 (/home/runner/work/retro-manager/retro-manager/runtime/retropack-runtime-fbneo/submodules/fbneo/src/burner/nvram.cpp:68)
>>>               CMakeFiles/retropack-runtime-fbneo.dir/submodules/fbneo/src/burner/nvram.cpp.o:(BurnNvramLoad(char*))
>>> referenced by ioapi.c:124 (/home/runner/work/retro-manager/retro-manager/runtime/retropack-runtime-fbneo/submodules/fbneo/src/burner/ioapi.c:124)
>>>               CMakeFiles/retropack-runtime-fbneo.dir/submodules/fbneo/src/burner/ioapi.c.o:(fread_file_func)
>>> referenced 3 more times
>>> did you mean: fread
>>> defined in: /usr/local/lib/android/sdk/ndk/27.0.12077973/toolchains/llvm/prebuilt/linux-x86_64/sysroot/usr/lib/aarch64-linux-android/26/libc.so

ld.lld: error: undefined symbol: rfclose
>>> referenced by nvram.cpp:54 (/home/runner/work/retro-manager/retro-manager/runtime/retropack-runtime-fbneo/submodules/fbneo/src/burner/nvram.cpp:54)
>>>               CMakeFiles/retropack-runtime-fbneo.dir/submodules/fbneo/src/burner/nvram.cpp.o:(BurnNvramLoad(char*))
>>> referenced by nvram.cpp:65 (/home/runner/work/retro-manager/retro-manager/runtime/retropack-runtime-fbneo/submodules/fbneo/src/burner/nvram.cpp:65)
>>>               CMakeFiles/retropack-runtime-fbneo.dir/submodules/fbneo/src/burner/nvram.cpp.o:(BurnNvramLoad(char*))
>>> referenced by nvram.cpp:69 (/home/runner/work/retro-manager/retro-manager/runtime/retropack-runtime-fbneo/submodules/fbneo/src/burner/nvram.cpp:69)
>>>               CMakeFiles/retropack-runtime-fbneo.dir/submodules/fbneo/src/burner/nvram.cpp.o:(BurnNvramLoad(char*))
>>> referenced 16 more times

ld.lld: error: undefined symbol: rfseek
>>> referenced by nvram.cpp:57 (/home/runner/work/retro-manager/retro-manager/runtime/retropack-runtime-fbneo/submodules/fbneo/src/burner/nvram.cpp:57)
>>>               CMakeFiles/retropack-runtime-fbneo.dir/submodules/fbneo/src/burner/nvram.cpp.o:(BurnNvramLoad(char*))
>>> referenced by nvram.cpp:59 (/home/runner/work/retro-manager/retro-manager/runtime/retropack-runtime-fbneo/submodules/fbneo/src/burner/nvram.cpp:59)
>>>               CMakeFiles/retropack-runtime-fbneo.dir/submodules/fbneo/src/burner/nvram.cpp.o:(BurnNvramLoad(char*))
>>> referenced by nvram.cpp:61 (/home/runner/work/retro-manager/retro-manager/runtime/retropack-runtime-fbneo/submodules/fbneo/src/burner/nvram.cpp:61)
>>>               CMakeFiles/retropack-runtime-fbneo.dir/submodules/fbneo/src/burner/nvram.cpp.o:(BurnNvramLoad(char*))
>>> referenced 5 more times

ld.lld: error: undefined symbol: rftell
>>> referenced by nvram.cpp:60 (/home/runner/work/retro-manager/retro-manager/runtime/retropack-runtime-fbneo/submodules/fbneo/src/burner/nvram.cpp:60)
>>>               CMakeFiles/retropack-runtime-fbneo.dir/submodules/fbneo/src/burner/nvram.cpp.o:(BurnNvramLoad(char*))
>>> referenced by ioapi.c:138 (/home/runner/work/retro-manager/retro-manager/runtime/retropack-runtime-fbneo/submodules/fbneo/src/burner/ioapi.c:138)
>>>               CMakeFiles/retropack-runtime-fbneo.dir/submodules/fbneo/src/burner/ioapi.c.o:(ftell_file_func)
>>> referenced by ioapi.c:146 (/home/runner/work/retro-manager/retro-manager/runtime/retropack-runtime-fbneo/submodules/fbneo/src/burner/ioapi.c:146)
>>>               CMakeFiles/retropack-runtime-fbneo.dir/submodules/fbneo/src/burner/ioapi.c.o:(ftell64_file_func)

ld.lld: error: undefined symbol: rfwrite
>>> referenced by nvram.cpp:109 (/home/runner/work/retro-manager/retro-manager/runtime/retropack-runtime-fbneo/submodules/fbneo/src/burner/nvram.cpp:109)
>>>               CMakeFiles/retropack-runtime-fbneo.dir/submodules/fbneo/src/burner/nvram.cpp.o:(BurnNvramSave(char*))
>>> referenced by ioapi.c:131 (/home/runner/work/retro-manager/retro-manager/runtime/retropack-runtime-fbneo/submodules/fbneo/src/burner/ioapi.c:131)
>>>               CMakeFiles/retropack-runtime-fbneo.dir/submodules/fbneo/src/burner/ioapi.c.o:(fwrite_file_func)
>>> referenced by hiscore.cpp:689 (/home/runner/work/retro-manager/retro-manager/runtime/retropack-runtime-fbneo/submodules/fbneo/src/burn/hiscore.cpp:689)
>>>               CMakeFiles/retropack-runtime-fbneo.dir/submodules/fbneo/src/burn/hiscore.cpp.o:(HiscoreExit)
>>> referenced 2 more times

ld.lld: error: undefined symbol: bDoIpsPatch
>>> referenced by neogeo.cpp:97 (/home/runner/work/retro-manager/retro-manager/runtime/retropack-runtime-fbneo/submodules/fbneo/src/burn/drv/neogeo/neogeo.cpp:97)
>>>               CMakeFiles/retropack-runtime-fbneo.dir/submodules/fbneo/src/burn/drv/neogeo/neogeo.cpp.o:(NeoLoadSprites(int, int, unsigned char*, unsigned int))
>>> referenced by neogeo.cpp:97 (/home/runner/work/retro-manager/retro-manager/runtime/retropack-runtime-fbneo/submodules/fbneo/src/burn/drv/neogeo/neogeo.cpp:97)
>>>               CMakeFiles/retropack-runtime-fbneo.dir/submodules/fbneo/src/burn/drv/neogeo/neogeo.cpp.o:(NeoLoadSprites(int, int, unsigned char*, unsigned int))
>>> referenced by neogeo.cpp:156 (/home/runner/work/retro-manager/retro-manager/runtime/retropack-runtime-fbneo/submodules/fbneo/src/burn/drv/neogeo/neogeo.cpp:156)
>>>               CMakeFiles/retropack-runtime-fbneo.dir/submodules/fbneo/src/burn/drv/neogeo/neogeo.cpp.o:(NeoLoadSprites(int, int, unsigned char*, unsigned int))
>>> referenced 45 more times

ld.lld: error: undefined symbol: nIpsMemExpLen
>>> referenced by neogeo.cpp:97 (/home/runner/work/retro-manager/retro-manager/runtime/retropack-runtime-fbneo/submodules/fbneo/src/burn/drv/neogeo/neogeo.cpp:97)
>>>               CMakeFiles/retropack-runtime-fbneo.dir/submodules/fbneo/src/burn/drv/neogeo/neogeo.cpp.o:(NeoLoadSprites(int, int, unsigned char*, unsigned int))
>>> referenced by neogeo.cpp:97 (/home/runner/work/retro-manager/retro-manager/runtime/retropack-runtime-fbneo/submodules/fbneo/src/burn/drv/neogeo/neogeo.cpp:97)
>>>               CMakeFiles/retropack-runtime-fbneo.dir/submodules/fbneo/src/burn/drv/neogeo/neogeo.cpp.o:(NeoLoadSprites(int, int, unsigned char*, unsigned int))
>>> referenced by neo_run.cpp:603 (/home/runner/work/retro-manager/retro-manager/runtime/retropack-runtime-fbneo/submodules/fbneo/src/burn/drv/neogeo/neo_run.cpp:603)
>>>               CMakeFiles/retropack-runtime-fbneo.dir/submodules/fbneo/src/burn/drv/neogeo/neo_run.cpp.o:(LoadRoms())
>>> referenced 31 more times

ld.lld: error: undefined symbol: szAppBlendPath
>>> referenced by neo_text.cpp:288 (/home/runner/work/retro-manager/retro-manager/runtime/retropack-runtime-fbneo/submodules/fbneo/src/burn/drv/neogeo/neo_text.cpp:288)
>>>               CMakeFiles/retropack-runtime-fbneo.dir/submodules/fbneo/src/burn/drv/neogeo/neo_text.cpp.o:(NeoTextBlendInit(int))
>>> referenced by neo_text.cpp:288 (/home/runner/work/retro-manager/retro-manager/runtime/retropack-runtime-fbneo/submodules/fbneo/src/burn/drv/neogeo/neo_text.cpp:288)
>>>               CMakeFiles/retropack-runtime-fbneo.dir/submodules/fbneo/src/burn/drv/neogeo/neo_text.cpp.o:(NeoTextBlendInit(int))
>>> referenced by neo_text.cpp:293 (/home/runner/work/retro-manager/retro-manager/runtime/retropack-runtime-fbneo/submodules/fbneo/src/burn/drv/neogeo/neo_text.cpp:293)
>>>               CMakeFiles/retropack-runtime-fbneo.dir/submodules/fbneo/src/burn/drv/neogeo/neo_text.cpp.o:(NeoTextBlendInit(int))
>>> referenced 5 more times

ld.lld: error: undefined symbol: rfgets
>>> referenced by neo_text.cpp:310 (/home/runner/work/retro-manager/retro-manager/runtime/retropack-runtime-fbneo/submodules/fbneo/src/burn/drv/neogeo/neo_text.cpp:310)
>>>               CMakeFiles/retropack-runtime-fbneo.dir/submodules/fbneo/src/burn/drv/neogeo/neo_text.cpp.o:(NeoTextBlendInit(int))
>>> referenced by neo_sprite.cpp:277 (/home/runner/work/retro-manager/retro-manager/runtime/retropack-runtime-fbneo/submodules/fbneo/src/burn/drv/neogeo/neo_sprite.cpp:277)
>>>               CMakeFiles/retropack-runtime-fbneo.dir/submodules/fbneo/src/burn/drv/neogeo/neo_sprite.cpp.o:(NeoBlendInit(int))
>>> referenced by conc.cpp:963 (/home/runner/work/retro-manager/retro-manager/runtime/retropack-runtime-fbneo/submodules/fbneo/src/burner/conc.cpp:963)
>>>               CMakeFiles/retropack-runtime-fbneo.dir/submodules/fbneo/src/burner/conc.cpp.o:(ConfigParseVCT(char*))
>>> referenced 4 more times

ld.lld: error: undefined symbol: CDEmuScan(int, int*)
>>> referenced by neo_run.cpp:1620 (/home/runner/work/retro-manager/retro-manager/runtime/retropack-runtime-fbneo/submodules/fbneo/src/burn/drv/neogeo/neo_run.cpp:1620)
>>>               CMakeFiles/retropack-runtime-fbneo.dir/submodules/fbneo/src/burn/drv/neogeo/neo_run.cpp.o:(NeoScan(int, int*))

ld.lld: error: undefined symbol: nIpsDrvDefine
>>> referenced by neo_run.cpp:4223 (/home/runner/work/retro-manager/retro-manager/runtime/retropack-runtime-fbneo/submodules/fbneo/src/burn/drv/neogeo/neo_run.cpp:4223)
>>>               CMakeFiles/retropack-runtime-fbneo.dir/submodules/fbneo/src/burn/drv/neogeo/neo_run.cpp.o:(NeoInit())
>>> referenced by neo_run.cpp:4223 (/home/runner/work/retro-manager/retro-manager/runtime/retropack-runtime-fbneo/submodules/fbneo/src/burn/drv/neogeo/neo_run.cpp:4223)
>>>               CMakeFiles/retropack-runtime-fbneo.dir/submodules/fbneo/src/burn/drv/neogeo/neo_run.cpp.o:(NeoInit())
>>> referenced by d_neogeo.cpp:2140 (/home/runner/work/retro-manager/retro-manager/runtime/retropack-runtime-fbneo/submodules/fbneo/src/burn/drv/neogeo/d_neogeo.cpp:2140)
>>>               CMakeFiles/retropack-runtime-fbneo.dir/submodules/fbneo/src/burn/drv/neogeo/d_neogeo.cpp.o:(NeoSMAInit(void (*)(), void (*)(unsigned int, unsigned short), unsigned int, unsigned int))
>>> referenced 5 more times

ld.lld: error: undefined symbol: pDataRomDesc
>>> referenced by neo_run.cpp:4223 (/home/runner/work/retro-manager/retro-manager/runtime/retropack-runtime-fbneo/submodules/fbneo/src/burn/drv/neogeo/neo_run.cpp:4223)
>>>               CMakeFiles/retropack-runtime-fbneo.dir/submodules/fbneo/src/burn/drv/neogeo/neo_run.cpp.o:(NeoInit())
>>> referenced by neo_run.cpp:4223 (/home/runner/work/retro-manager/retro-manager/runtime/retropack-runtime-fbneo/submodules/fbneo/src/burn/drv/neogeo/neo_run.cpp:4223)
>>>               CMakeFiles/retropack-runtime-fbneo.dir/submodules/fbneo/src/burn/drv/neogeo/neo_run.cpp.o:(NeoInit())
>>> referenced by neo_run.cpp:4077 (/home/runner/work/retro-manager/retro-manager/runtime/retropack-runtime-fbneo/submodules/fbneo/src/burn/drv/neogeo/neo_run.cpp:4077)
>>>               CMakeFiles/retropack-runtime-fbneo.dir/submodules/fbneo/src/burn/drv/neogeo/neo_run.cpp.o:(NeoInitCommon())
>>> referenced 2759 more times

ld.lld: error: undefined symbol: pRDI
>>> referenced by neo_run.cpp:4077 (/home/runner/work/retro-manager/retro-manager/runtime/retropack-runtime-fbneo/submodules/fbneo/src/burn/drv/neogeo/neo_run.cpp:4077)
>>>               CMakeFiles/retropack-runtime-fbneo.dir/submodules/fbneo/src/burn/drv/neogeo/neo_run.cpp.o:(NeoInitCommon())
>>> referenced by neo_run.cpp:4077 (/home/runner/work/retro-manager/retro-manager/runtime/retropack-runtime-fbneo/submodules/fbneo/src/burn/drv/neogeo/neo_run.cpp:4077)
>>>               CMakeFiles/retropack-runtime-fbneo.dir/submodules/fbneo/src/burn/drv/neogeo/neo_run.cpp.o:(NeoInitCommon())
>>> referenced by neo_run.cpp:4080 (/home/runner/work/retro-manager/retro-manager/runtime/retropack-runtime-fbneo/submodules/fbneo/src/burn/drv/neogeo/neo_run.cpp:4080)
>>>               CMakeFiles/retropack-runtime-fbneo.dir/submodules/fbneo/src/burn/drv/neogeo/neo_run.cpp.o:(NeoInitCommon())
>>> referenced 2755 more times

ld.lld: error: undefined symbol: CDEmuGetSoundBuffer(short*, int)
>>> referenced by neo_run.cpp:5160 (/home/runner/work/retro-manager/retro-manager/runtime/retropack-runtime-fbneo/submodules/fbneo/src/burn/drv/neogeo/neo_run.cpp:5160)
>>>               CMakeFiles/retropack-runtime-fbneo.dir/submodules/fbneo/src/burn/drv/neogeo/neo_run.cpp.o:(NeoFrame())

ld.lld: error: undefined symbol: CDEmuStop()
>>> referenced by neo_run.cpp:3862 (/home/runner/work/retro-manager/retro-manager/runtime/retropack-runtime-fbneo/submodules/fbneo/src/burn/drv/neogeo/neo_run.cpp:3862)
>>>               CMakeFiles/retropack-runtime-fbneo.dir/submodules/fbneo/src/burn/drv/neogeo/neo_run.cpp.o:(neogeoReset())
>>> referenced by neo_run.cpp:2645 (/home/runner/work/retro-manager/retro-manager/runtime/retropack-runtime-fbneo/submodules/fbneo/src/burn/drv/neogeo/neo_run.cpp:2645)
>>>               CMakeFiles/retropack-runtime-fbneo.dir/submodules/fbneo/src/burn/drv/neogeo/neo_run.cpp.o:(NeoCDProcessCommand())

ld.lld: error: undefined symbol: CDEmuReadQChannel()
>>> referenced by neo_run.cpp:2660 (/home/runner/work/retro-manager/retro-manager/runtime/retropack-runtime-fbneo/submodules/fbneo/src/burn/drv/neogeo/neo_run.cpp:2660)
>>>               CMakeFiles/retropack-runtime-fbneo.dir/submodules/fbneo/src/burn/drv/neogeo/neo_run.cpp.o:(NeoCDProcessCommand())
>>> referenced by neo_run.cpp:2678 (/home/runner/work/retro-manager/retro-manager/runtime/retropack-runtime-fbneo/submodules/fbneo/src/burn/drv/neogeo/neo_run.cpp:2678)
>>>               CMakeFiles/retropack-runtime-fbneo.dir/submodules/fbneo/src/burn/drv/neogeo/neo_run.cpp.o:(NeoCDProcessCommand())
>>> referenced by neo_run.cpp:2694 (/home/runner/work/retro-manager/retro-manager/runtime/retropack-runtime-fbneo/submodules/fbneo/src/burn/drv/neogeo/neo_run.cpp:2694)
>>>               CMakeFiles/retropack-runtime-fbneo.dir/submodules/fbneo/src/burn/drv/neogeo/neo_run.cpp.o:(NeoCDProcessCommand())
>>> referenced 1 more times

ld.lld: error: undefined symbol: CDEmuReadTOC(int)
>>> referenced by neo_run.cpp:2699 (/home/runner/work/retro-manager/retro-manager/runtime/retropack-runtime-fbneo/submodules/fbneo/src/burn/drv/neogeo/neo_run.cpp:2699)
>>>               CMakeFiles/retropack-runtime-fbneo.dir/submodules/fbneo/src/burn/drv/neogeo/neo_run.cpp.o:(NeoCDProcessCommand())
>>> referenced by neo_run.cpp:2708 (/home/runner/work/retro-manager/retro-manager/runtime/retropack-runtime-fbneo/submodules/fbneo/src/burn/drv/neogeo/neo_run.cpp:2708)
>>>               CMakeFiles/retropack-runtime-fbneo.dir/submodules/fbneo/src/burn/drv/neogeo/neo_run.cpp.o:(NeoCDProcessCommand())
>>> referenced by neo_run.cpp:2722 (/home/runner/work/retro-manager/retro-manager/runtime/retropack-runtime-fbneo/submodules/fbneo/src/burn/drv/neogeo/neo_run.cpp:2722)
>>>               CMakeFiles/retropack-runtime-fbneo.dir/submodules/fbneo/src/burn/drv/neogeo/neo_run.cpp.o:(NeoCDProcessCommand())
>>> referenced 1 more times

ld.lld: error: undefined symbol: CDEmuPlay(unsigned char, unsigned char, unsigned char)
>>> referenced by neo_run.cpp:2794 (/home/runner/work/retro-manager/retro-manager/runtime/retropack-runtime-fbneo/submodules/fbneo/src/burn/drv/neogeo/neo_run.cpp:2794)
>>>               CMakeFiles/retropack-runtime-fbneo.dir/submodules/fbneo/src/burn/drv/neogeo/neo_run.cpp.o:(NeoCDProcessCommand())

ld.lld: error: undefined symbol: CDEmuStatus
>>> referenced by cd_interface.h:30 (/home/runner/work/retro-manager/retro-manager/runtime/retropack-runtime-fbneo/submodules/fbneo/src/intf/cd/cd_interface.h:30)
>>>               CMakeFiles/retropack-runtime-fbneo.dir/submodules/fbneo/src/burn/drv/neogeo/neo_run.cpp.o:(CDEmuGetStatus())
>>> referenced by cd_interface.h:30 (/home/runner/work/retro-manager/retro-manager/runtime/retropack-runtime-fbneo/submodules/fbneo/src/intf/cd/cd_interface.h:30)
>>>               CMakeFiles/retropack-runtime-fbneo.dir/submodules/fbneo/src/burn/drv/neogeo/neo_run.cpp.o:(CDEmuGetStatus())
>>> referenced by cd_interface.h:37 (/home/runner/work/retro-manager/retro-manager/runtime/retropack-runtime-fbneo/submodules/fbneo/src/intf/cd/cd_interface.h:37)
>>>               CMakeFiles/retropack-runtime-fbneo.dir/submodules/fbneo/src/burn/drv/neogeo/neo_run.cpp.o:(CDEmuStartRead())
>>> referenced 7 more times

ld.lld: error: too many errors emitted, stopping now (use --error-limit=0 to see all errors)
clang++: error: linker command failed with exit code 1 (use -v to see invocation)
ninja: build stopped: subcommand failed.

C++ build system [build] failed while executing:
    /usr/local/lib/android/sdk/cmake/3.22.1/bin/ninja \
      -C \
      /home/runner/work/retro-manager/retro-manager/runtime/retropack-runtime-fbneo/.cxx/Debug/1b1s4j3o/arm64-v8a \
      retropack-runtime-fbneo
  from /home/runner/work/retro-manager/retro-manager/runtime/retropack-runtime-fbneo
	at org.gradle.internal.UncheckedException.throwAsUncheckedException(UncheckedException.java:69)
	at org.gradle.internal.UncheckedException.throwAsUncheckedException(UncheckedException.java:42)
	at org.gradle.internal.reflect.JavaMethod.invoke(JavaMethod.java:129)
	at org.gradle.api.internal.project.taskfactory.StandardTaskAction.doExecute(StandardTaskAction.java:58)
	at org.gradle.api.internal.project.taskfactory.StandardTaskAction.execute(StandardTaskAction.java:51)
	at org.gradle.api.internal.project.taskfactory.StandardTaskAction.execute(StandardTaskAction.java:29)
	at org.gradle.api.internal.tasks.execution.TaskExecution$3.run(TaskExecution.java:259)
	at org.gradle.internal.operations.DefaultBuildOperationRunner$1.execute(DefaultBuildOperationRunner.java:30)
	at org.gradle.internal.operations.DefaultBuildOperationRunner$1.execute(DefaultBuildOperationRunner.java:27)
	at org.gradle.internal.operations.DefaultBuildOperationRunner$2.execute(DefaultBuildOperationRunner.java:67)
	at org.gradle.internal.operations.DefaultBuildOperationRunner$2.execute(DefaultBuildOperationRunner.java:60)
	at org.gradle.internal.operations.DefaultBuildOperationRunner.execute(DefaultBuildOperationRunner.java:167)
	at org.gradle.internal.operations.DefaultBuildOperationRunner.execute(DefaultBuildOperationRunner.java:60)
	at org.gradle.internal.operations.DefaultBuildOperationRunner.run(DefaultBuildOperationRunner.java:48)
	at org.gradle.api.internal.tasks.execution.TaskExecution.executeAction(TaskExecution.java:244)
	at org.gradle.api.internal.tasks.execution.TaskExecution.executeActions(TaskExecution.java:227)
	at org.gradle.api.internal.tasks.execution.TaskExecution.executeWithPreviousOutputFiles(TaskExecution.java:210)
	at org.gradle.api.internal.tasks.execution.TaskExecution.execute(TaskExecution.java:176)
	at org.gradle.internal.execution.steps.ExecuteStep.executeInternal(ExecuteStep.java:167)
	at org.gradle.internal.execution.steps.ExecuteStep.access$000(ExecuteStep.java:47)
	at org.gradle.internal.execution.steps.ExecuteStep$1.call(ExecuteStep.java:137)
	at org.gradle.internal.execution.steps.ExecuteStep$1.call(ExecuteStep.java:134)
	at org.gradle.internal.operations.DefaultBuildOperationRunner$CallableBuildOperationWorker.execute(DefaultBuildOperationRunner.java:210)
	at org.gradle.internal.operations.DefaultBuildOperationRunner$CallableBuildOperationWorker.execute(DefaultBuildOperationRunner.java:205)
	at org.gradle.internal.operations.DefaultBuildOperationRunner$2.execute(DefaultBuildOperationRunner.java:67)
	at org.gradle.internal.operations.DefaultBuildOperationRunner$2.execute(DefaultBuildOperationRunner.java:60)
	at org.gradle.internal.operations.DefaultBuildOperationRunner.execute(DefaultBuildOperationRunner.java:167)
	at org.gradle.internal.operations.DefaultBuildOperationRunner.execute(DefaultBuildOperationRunner.java:60)
	at org.gradle.internal.operations.DefaultBuildOperationRunner.call(DefaultBuildOperationRunner.java:54)
	at org.gradle.internal.execution.steps.ExecuteStep.execute(ExecuteStep.java:134)
	at org.gradle.internal.execution.steps.ExecuteStep$Mutable.execute(ExecuteStep.java:80)
	at org.gradle.internal.execution.steps.CancelExecutionStep.execute(CancelExecutionStep.java:42)
	at org.gradle.internal.execution.steps.TimeoutStep.executeWithoutTimeout(TimeoutStep.java:75)
	at org.gradle.internal.execution.steps.TimeoutStep.execute(TimeoutStep.java:55)
	at org.gradle.internal.execution.steps.PreCreateOutputParentsStep.execute(PreCreateOutputParentsStep.java:51)
	at org.gradle.internal.execution.steps.PreCreateOutputParentsStep.execute(PreCreateOutputParentsStep.java:29)
	at org.gradle.internal.execution.steps.RemovePreviousOutputsStep.executeMutable(RemovePreviousOutputsStep.java:67)
	at org.gradle.internal.execution.steps.RemovePreviousOutputsStep.executeMutable(RemovePreviousOutputsStep.java:39)
	at org.gradle.internal.execution.steps.MutableStep.execute(MutableStep.java:26)
	at org.gradle.internal.execution.steps.BroadcastChangingOutputsStep.execute(BroadcastChangingOutputsStep.java:42)
	at org.gradle.internal.execution.steps.BroadcastChangingOutputsStep.execute(BroadcastChangingOutputsStep.java:24)
	at org.gradle.internal.execution.steps.CaptureOutputsAfterExecutionStep.execute(CaptureOutputsAfterExecutionStep.java:69)
	at org.gradle.internal.execution.steps.CaptureOutputsAfterExecutionStep.execute(CaptureOutputsAfterExecutionStep.java:46)
	at org.gradle.internal.execution.steps.ResolveInputChangesStep.executeMutable(ResolveInputChangesStep.java:39)
	at org.gradle.internal.execution.steps.ResolveInputChangesStep.executeMutable(ResolveInputChangesStep.java:28)
	at org.gradle.internal.execution.steps.MutableStep.execute(MutableStep.java:26)
	at org.gradle.internal.execution.steps.BuildCacheStep.executeWithoutCache(BuildCacheStep.java:189)
	at org.gradle.internal.execution.steps.BuildCacheStep.lambda$execute$1(BuildCacheStep.java:76)
	at org.gradle.internal.Either$Right.fold(Either.java:176)
	at org.gradle.internal.execution.caching.CachingState.fold(CachingState.java:62)
	at org.gradle.internal.execution.steps.BuildCacheStep.execute(BuildCacheStep.java:74)
	at org.gradle.internal.execution.steps.BuildCacheStep.execute(BuildCacheStep.java:49)
	at org.gradle.internal.execution.steps.StoreExecutionStateStep.executeMutable(StoreExecutionStateStep.java:46)
	at org.gradle.internal.execution.steps.StoreExecutionStateStep.executeMutable(StoreExecutionStateStep.java:35)
	at org.gradle.internal.execution.steps.MutableStep.execute(MutableStep.java:26)
	at org.gradle.internal.execution.steps.SkipUpToDateStep.executeBecause(SkipUpToDateStep.java:75)
	at org.gradle.internal.execution.steps.SkipUpToDateStep.lambda$execute$2(SkipUpToDateStep.java:53)
	at org.gradle.internal.execution.steps.SkipUpToDateStep.execute(SkipUpToDateStep.java:53)
	at org.gradle.internal.execution.steps.SkipUpToDateStep.execute(SkipUpToDateStep.java:35)
	at org.gradle.internal.execution.steps.legacy.MarkSnapshottingInputsFinishedStep.execute(MarkSnapshottingInputsFinishedStep.java:37)
	at org.gradle.internal.execution.steps.legacy.MarkSnapshottingInputsFinishedStep.execute(MarkSnapshottingInputsFinishedStep.java:27)
	at org.gradle.internal.execution.steps.ResolveMutableCachingStateStep.executeDelegate(ResolveMutableCachingStateStep.java:70)
	at org.gradle.internal.execution.steps.ResolveMutableCachingStateStep.executeDelegate(ResolveMutableCachingStateStep.java:32)
	at org.gradle.internal.execution.steps.AbstractResolveCachingStateStep.execute(AbstractResolveCachingStateStep.java:69)
	at org.gradle.internal.execution.steps.AbstractResolveCachingStateStep.execute(AbstractResolveCachingStateStep.java:37)
	at org.gradle.internal.execution.steps.ResolveChangesStep.executeMutable(ResolveChangesStep.java:63)
	at org.gradle.internal.execution.steps.ResolveChangesStep.executeMutable(ResolveChangesStep.java:34)
	at org.gradle.internal.execution.steps.MutableStep.execute(MutableStep.java:26)
	at org.gradle.internal.execution.steps.ValidateStep$Mutable.executeDelegate(ValidateStep.java:79)
	at org.gradle.internal.execution.steps.ValidateStep$Mutable.executeDelegate(ValidateStep.java:65)
	at org.gradle.internal.execution.steps.ValidateStep.execute(ValidateStep.java:99)
	at org.gradle.internal.execution.steps.ValidateStep$Mutable.execute(ValidateStep.java:65)
	at org.gradle.internal.execution.steps.CaptureMutableStateBeforeExecutionStep.executeMutable(CaptureMutableStateBeforeExecutionStep.java:86)
	at org.gradle.internal.execution.steps.CaptureMutableStateBeforeExecutionStep.execute(CaptureMutableStateBeforeExecutionStep.java:65)
	at org.gradle.internal.execution.steps.CaptureMutableStateBeforeExecutionStep.execute(CaptureMutableStateBeforeExecutionStep.java:45)
	at org.gradle.internal.execution.steps.SkipEmptyMutableWorkStep.executeWithNonEmptySources(SkipEmptyMutableWorkStep.java:210)
	at org.gradle.internal.execution.steps.SkipEmptyMutableWorkStep.executeMutable(SkipEmptyMutableWorkStep.java:85)
	at org.gradle.internal.execution.steps.SkipEmptyMutableWorkStep.executeMutable(SkipEmptyMutableWorkStep.java:53)
	at org.gradle.internal.execution.steps.MutableStep.execute(MutableStep.java:26)
	at org.gradle.internal.execution.steps.legacy.MarkSnapshottingInputsStartedStep.execute(MarkSnapshottingInputsStartedStep.java:38)
	at org.gradle.internal.execution.steps.LoadPreviousExecutionStateStep.executeMutable(LoadPreviousExecutionStateStep.java:36)
	at org.gradle.internal.execution.steps.LoadPreviousExecutionStateStep.executeMutable(LoadPreviousExecutionStateStep.java:23)
	at org.gradle.internal.execution.steps.MutableStep.execute(MutableStep.java:26)
	at org.gradle.internal.execution.steps.HandleStaleOutputsStep.executeMutable(HandleStaleOutputsStep.java:77)
	at org.gradle.internal.execution.steps.HandleStaleOutputsStep.executeMutable(HandleStaleOutputsStep.java:43)
	at org.gradle.internal.execution.steps.MutableStep.execute(MutableStep.java:26)
	at org.gradle.internal.execution.steps.AssignMutableWorkspaceStep.lambda$executeMutable$0(AssignMutableWorkspaceStep.java:34)
	at org.gradle.api.internal.tasks.execution.TaskExecution$4.withWorkspace(TaskExecution.java:305)
	at org.gradle.internal.execution.steps.AssignMutableWorkspaceStep.executeMutable(AssignMutableWorkspaceStep.java:30)
	at org.gradle.internal.execution.steps.AssignMutableWorkspaceStep.executeMutable(AssignMutableWorkspaceStep.java:21)
	at org.gradle.internal.execution.steps.MutableStep.execute(MutableStep.java:26)
	at org.gradle.internal.execution.steps.ChoosePipelineStep.execute(ChoosePipelineStep.java:40)
	at org.gradle.internal.execution.steps.ChoosePipelineStep.execute(ChoosePipelineStep.java:23)
	at org.gradle.internal.execution.steps.ExecuteWorkBuildOperationFiringStep.lambda$execute$2(ExecuteWorkBuildOperationFiringStep.java:67)
	at org.gradle.internal.execution.steps.ExecuteWorkBuildOperationFiringStep.execute(ExecuteWorkBuildOperationFiringStep.java:67)
	at org.gradle.internal.execution.steps.ExecuteWorkBuildOperationFiringStep.execute(ExecuteWorkBuildOperationFiringStep.java:39)
	at org.gradle.internal.execution.steps.IdentityCacheStep.execute(IdentityCacheStep.java:46)
	at org.gradle.internal.execution.steps.IdentityCacheStep.execute(IdentityCacheStep.java:34)
	at org.gradle.internal.execution.steps.IdentifyStep.execute(IdentifyStep.java:56)
	at org.gradle.internal.execution.steps.IdentifyStep.execute(IdentifyStep.java:38)
	at org.gradle.internal.execution.impl.DefaultExecutionEngine$1.execute(DefaultExecutionEngine.java:68)
	at org.gradle.api.internal.tasks.execution.ExecuteActionsTaskExecuter.executeIfValid(ExecuteActionsTaskExecuter.java:132)
	... 30 more
Caused by: com.android.ide.common.process.ProcessException: ninja: Entering directory `/home/runner/work/retro-manager/retro-manager/runtime/retropack-runtime-fbneo/.cxx/Debug/1b1s4j3o/arm64-v8a'
[1/46] Building CXX object CMakeFiles/retropack-runtime-fbneo.dir/submodules/fbneo/src/burn/burn_memory.cpp.o
[2/46] Building C object CMakeFiles/retropack-runtime-fbneo.dir/src/main/cpp/ringbuffer.c.o
[3/46] Building CXX object CMakeFiles/retropack-runtime-fbneo.dir/submodules/fbneo/src/burn/burn_sound.cpp.o
[4/46] Building CXX object CMakeFiles/retropack-runtime-fbneo.dir/submodules/fbneo/src/burn/debug_track.cpp.o
[5/46] Building CXX object CMakeFiles/retropack-runtime-fbneo.dir/submodules/fbneo/src/burn/cheat.cpp.o
[6/46] Building CXX object CMakeFiles/retropack-runtime-fbneo.dir/submodules/fbneo/src/burn/burn_gun.cpp.o
[7/46] Building CXX object CMakeFiles/retropack-runtime-fbneo.dir/submodules/fbneo/src/burn/burn.cpp.o
[8/46] Building CXX object CMakeFiles/retropack-runtime-fbneo.dir/submodules/fbneo/src/burn/load.cpp.o
[9/46] Building CXX object CMakeFiles/retropack-runtime-fbneo.dir/submodules/fbneo/src/burn/burn_sha1.cpp.o
[10/46] Building CXX object CMakeFiles/retropack-runtime-fbneo.dir/src/main/cpp/fbneo-jni.cpp.o
[11/46] Building CXX object CMakeFiles/retropack-runtime-fbneo.dir/submodules/fbneo/src/burn/hiscore.cpp.o
[12/46] Building CXX object CMakeFiles/retropack-runtime-fbneo.dir/submodules/fbneo/src/burner/statec.cpp.o
[13/46] Building CXX object CMakeFiles/retropack-runtime-fbneo.dir/submodules/fbneo/src/burn/timer.cpp.o
[14/46] Building CXX object CMakeFiles/retropack-runtime-fbneo.dir/submodules/fbneo/src/burner/conc.cpp.o
[15/46] Building CXX object CMakeFiles/retropack-runtime-fbneo.dir/submodules/fbneo/src/burner/nvram.cpp.o
[16/46] Building C object CMakeFiles/retropack-runtime-fbneo.dir/submodules/fbneo/src/burner/ioapi.c.o
[17/46] Building CXX object CMakeFiles/retropack-runtime-fbneo.dir/submodules/fbneo/src/burner/zipfn.cpp.o
[18/46] Building CXX object CMakeFiles/retropack-runtime-fbneo.dir/submodules/fbneo/src/burner/cdlist.cpp.o
[19/46] Building CXX object CMakeFiles/retropack-runtime-fbneo.dir/submodules/fbneo/src/burner/dat.cpp.o
[20/46] Building CXX object CMakeFiles/retropack-runtime-fbneo.dir/submodules/fbneo/src/burn/drv/neogeo/neo_palette.cpp.o
[21/46] Building C object CMakeFiles/retropack-runtime-fbneo.dir/submodules/fbneo/src/burner/unzip.c.o
[22/46] Building CXX object CMakeFiles/retropack-runtime-fbneo.dir/submodules/fbneo/src/burn/drv/neogeo/neo_decrypt.cpp.o
[23/46] Building CXX object CMakeFiles/retropack-runtime-fbneo.dir/submodules/fbneo/src/burn/drv/neogeo/neogeo.cpp.o
[24/46] Building C object CMakeFiles/retropack-runtime-fbneo.dir/submodules/fbneo/src/burn/snd/ymdeltat.c.o
[25/46] Building CXX object CMakeFiles/retropack-runtime-fbneo.dir/submodules/fbneo/src/burn/drv/neogeo/neo_upd4990a.cpp.o
[26/46] Building CXX object CMakeFiles/retropack-runtime-fbneo.dir/submodules/fbneo/src/burn/drv/neogeo/neo_text.cpp.o
[27/46] Building CXX object CMakeFiles/retropack-runtime-fbneo.dir/submodules/fbneo/src/burn/drv/neogeo/neo_run.cpp.o
[28/46] Building C object CMakeFiles/retropack-runtime-fbneo.dir/submodules/fbneo/src/burn/snd/ay8910.c.o
[29/46] Building CXX object CMakeFiles/retropack-runtime-fbneo.dir/submodules/fbneo/src/burn/snd/burn_ym2608.cpp.o
[30/46] Building C object CMakeFiles/retropack-runtime-fbneo.dir/submodules/fbneo/src/burn/snd/fm.c.o
[31/46] Building CXX object CMakeFiles/retropack-runtime-fbneo.dir/submodules/fbneo/src/burn/devices/joyprocess.cpp.o
[32/46] Building CXX object CMakeFiles/retropack-runtime-fbneo.dir/submodules/fbneo/src/burn/snd/burn_ym2203.cpp.o
[33/46] Building CXX object CMakeFiles/retropack-runtime-fbneo.dir/submodules/fbneo/src/burn/snd/burn_ym2612.cpp.o
[34/46] Building CXX object CMakeFiles/retropack-runtime-fbneo.dir/submodules/fbneo/src/burn/snd/burn_ym2610.cpp.o
[35/46] Building CXX object CMakeFiles/retropack-runtime-fbneo.dir/submodules/fbneo/src/burn/devices/resnet.cpp.o
[36/46] Building C object CMakeFiles/retropack-runtime-fbneo.dir/submodules/fbneo/src/cpu/m68k/m68kcpu.c.o
[37/46] Building CXX object CMakeFiles/retropack-runtime-fbneo.dir/submodules/fbneo/src/cpu/z80/z80ctc.cpp.o
[38/46] Building CXX object CMakeFiles/retropack-runtime-fbneo.dir/submodules/fbneo/src/cpu/m68000_intf.cpp.o
[39/46] Building CXX object CMakeFiles/retropack-runtime-fbneo.dir/submodules/fbneo/src/cpu/z80_intf.cpp.o
[40/46] Building CXX object CMakeFiles/retropack-runtime-fbneo.dir/submodules/fbneo/src/cpu/z80/z80daisy.cpp.o
[41/46] Building CXX object CMakeFiles/retropack-runtime-fbneo.dir/submodules/fbneo/src/cpu/z80/z80pio.cpp.o
[42/46] Building CXX object CMakeFiles/retropack-runtime-fbneo.dir/submodules/fbneo/src/burn/drv/neogeo/neo_sprite.cpp.o
[43/46] Building CXX object CMakeFiles/retropack-runtime-fbneo.dir/submodules/fbneo/src/cpu/z80/z80.cpp.o
[44/46] Building C object CMakeFiles/retropack-runtime-fbneo.dir/submodules/fbneo/src/cpu/m68k/m68kops.c.o
[45/46] Building CXX object CMakeFiles/retropack-runtime-fbneo.dir/submodules/fbneo/src/burn/drv/neogeo/d_neogeo.cpp.o
[46/46] Linking CXX shared library ../../../../build/intermediates/cxx/Debug/1b1s4j3o/obj/arm64-v8a/libretropack-runtime-fbneo.so
FAILED: ../../../../build/intermediates/cxx/Debug/1b1s4j3o/obj/arm64-v8a/libretropack-runtime-fbneo.so 
: && /usr/local/lib/android/sdk/ndk/27.0.12077973/toolchains/llvm/prebuilt/linux-x86_64/bin/clang++ --target=aarch64-none-linux-android26 --sysroot=/usr/local/lib/android/sdk/ndk/27.0.12077973/toolchains/llvm/prebuilt/linux-x86_64/sysroot -fPIC -g -DANDROID -fdata-sections -ffunction-sections -funwind-tables -fstack-protector-strong -no-canonical-prefixes -D_FORTIFY_SOURCE=2 -Wformat -Werror=format-security   -fno-limit-debug-info  -static-libstdc++ -Wl,--build-id=sha1 -Wl,--no-rosegment -Wl,--no-undefined-version -Wl,--fatal-warnings -Wl,--no-undefined -Qunused-arguments  -Wl,-z,max-page-size=16384 -Wl,-z,common-page-size=16384   -Wl,-z,max-page-size=16384 -Wl,-z,common-page-size=16384 -Wl,--allow-multiple-definition -Wl,-z,muldefs -shared -Wl,-soname,libretropack-runtime-fbneo.so -o ../../../../build/intermediates/cxx/Debug/1b1s4j3o/obj/arm64-v8a/libretropack-runtime-fbneo.so CMakeFiles/retropack-runtime-fbneo.dir/src/main/cpp/fbneo-jni.cpp.o CMakeFiles/retropack-runtime-fbneo.dir/src/main/cpp/ringbuffer.c.o CMakeFiles/retropack-runtime-fbneo.dir/submodules/fbneo/src/burn/burn.cpp.o CMakeFiles/retropack-runtime-fbneo.dir/submodules/fbneo/src/burn/burn_gun.cpp.o CMakeFiles/retropack-runtime-fbneo.dir/submodules/fbneo/src/burn/burn_memory.cpp.o CMakeFiles/retropack-runtime-fbneo.dir/submodules/fbneo/src/burn/burn_sound.cpp.o CMakeFiles/retropack-runtime-fbneo.dir/submodules/fbneo/src/burn/cheat.cpp.o CMakeFiles/retropack-runtime-fbneo.dir/submodules/fbneo/src/burn/debug_track.cpp.o CMakeFiles/retropack-runtime-fbneo.dir/submodules/fbneo/src/burn/hiscore.cpp.o CMakeFiles/retropack-runtime-fbneo.dir/submodules/fbneo/src/burn/load.cpp.o CMakeFiles/retropack-runtime-fbneo.dir/submodules/fbneo/src/burn/timer.cpp.o CMakeFiles/retropack-runtime-fbneo.dir/submodules/fbneo/src/burn/burn_sha1.cpp.o CMakeFiles/retropack-runtime-fbneo.dir/submodules/fbneo/src/burner/conc.cpp.o CMakeFiles/retropack-runtime-fbneo.dir/submodules/fbneo/src/burner/dat.cpp.o CMakeFiles/retropack-runtime-fbneo.dir/submodules/fbneo/src/burner/statec.cpp.o CMakeFiles/retropack-runtime-fbneo.dir/submodules/fbneo/src/burner/zipfn.cpp.o CMakeFiles/retropack-runtime-fbneo.dir/submodules/fbneo/src/burner/nvram.cpp.o CMakeFiles/retropack-runtime-fbneo.dir/submodules/fbneo/src/burner/cdlist.cpp.o CMakeFiles/retropack-runtime-fbneo.dir/submodules/fbneo/src/burner/ioapi.c.o CMakeFiles/retropack-runtime-fbneo.dir/submodules/fbneo/src/burner/unzip.c.o CMakeFiles/retropack-runtime-fbneo.dir/submodules/fbneo/src/burn/drv/neogeo/d_neogeo.cpp.o CMakeFiles/retropack-runtime-fbneo.dir/submodules/fbneo/src/burn/drv/neogeo/neo_decrypt.cpp.o CMakeFiles/retropack-runtime-fbneo.dir/submodules/fbneo/src/burn/drv/neogeo/neo_palette.cpp.o CMakeFiles/retropack-runtime-fbneo.dir/submodules/fbneo/src/burn/drv/neogeo/neo_run.cpp.o CMakeFiles/retropack-runtime-fbneo.dir/submodules/fbneo/src/burn/drv/neogeo/neo_sprite.cpp.o CMakeFiles/retropack-runtime-fbneo.dir/submodules/fbneo/src/burn/drv/neogeo/neo_text.cpp.o CMakeFiles/retropack-runtime-fbneo.dir/submodules/fbneo/src/burn/drv/neogeo/neo_upd4990a.cpp.o CMakeFiles/retropack-runtime-fbneo.dir/submodules/fbneo/src/burn/drv/neogeo/neogeo.cpp.o CMakeFiles/retropack-runtime-fbneo.dir/submodules/fbneo/src/burn/snd/fm.c.o CMakeFiles/retropack-runtime-fbneo.dir/submodules/fbneo/src/burn/snd/ay8910.c.o CMakeFiles/retropack-runtime-fbneo.dir/submodules/fbneo/src/burn/snd/ymdeltat.c.o CMakeFiles/retropack-runtime-fbneo.dir/submodules/fbneo/src/burn/snd/burn_ym2203.cpp.o CMakeFiles/retropack-runtime-fbneo.dir/submodules/fbneo/src/burn/snd/burn_ym2608.cpp.o CMakeFiles/retropack-runtime-fbneo.dir/submodules/fbneo/src/burn/snd/burn_ym2610.cpp.o CMakeFiles/retropack-runtime-fbneo.dir/submodules/fbneo/src/burn/snd/burn_ym2612.cpp.o CMakeFiles/retropack-runtime-fbneo.dir/submodules/fbneo/src/burn/devices/joyprocess.cpp.o CMakeFiles/retropack-runtime-fbneo.dir/submodules/fbneo/src/burn/devices/resnet.cpp.o CMakeFiles/retropack-runtime-fbneo.dir/submodules/fbneo/src/cpu/m68k/m68kcpu.c.o CMakeFiles/retropack-runtime-fbneo.dir/submodules/fbneo/src/cpu/m68k/m68kops.c.o CMakeFiles/retropack-runtime-fbneo.dir/submodules/fbneo/src/cpu/m68000_intf.cpp.o CMakeFiles/retropack-runtime-fbneo.dir/submodules/fbneo/src/cpu/z80_intf.cpp.o CMakeFiles/retropack-runtime-fbneo.dir/submodules/fbneo/src/cpu/z80/z80.cpp.o CMakeFiles/retropack-runtime-fbneo.dir/submodules/fbneo/src/cpu/z80/z80ctc.cpp.o CMakeFiles/retropack-runtime-fbneo.dir/submodules/fbneo/src/cpu/z80/z80daisy.cpp.o CMakeFiles/retropack-runtime-fbneo.dir/submodules/fbneo/src/cpu/z80/z80pio.cpp.o  -lGLESv2  -lEGL  -lOpenSLES  -landroid  -llog  -lm  -lz  -latomic -lm && :
ld.lld: error: undefined symbol: rfopen
>>> referenced by nvram.cpp:45 (/home/runner/work/retro-manager/retro-manager/runtime/retropack-runtime-fbneo/submodules/fbneo/src/burner/nvram.cpp:45)
>>>               CMakeFiles/retropack-runtime-fbneo.dir/submodules/fbneo/src/burner/nvram.cpp.o:(BurnNvramLoad(char*))
>>> referenced by nvram.cpp:94 (/home/runner/work/retro-manager/retro-manager/runtime/retropack-runtime-fbneo/submodules/fbneo/src/burner/nvram.cpp:94)
>>>               CMakeFiles/retropack-runtime-fbneo.dir/submodules/fbneo/src/burner/nvram.cpp.o:(BurnNvramSave(char*))
>>> referenced by neo_text.cpp:290 (/home/runner/work/retro-manager/retro-manager/runtime/retropack-runtime-fbneo/submodules/fbneo/src/burn/drv/neogeo/neo_text.cpp:290)
>>>               CMakeFiles/retropack-runtime-fbneo.dir/submodules/fbneo/src/burn/drv/neogeo/neo_text.cpp.o:(NeoTextBlendInit(int))
>>> referenced 20 more times
>>> did you mean: fopen
>>> defined in: /usr/local/lib/android/sdk/ndk/27.0.12077973/toolchains/llvm/prebuilt/linux-x86_64/sysroot/usr/lib/aarch64-linux-android/26/libc.so

ld.lld: error: undefined symbol: rfread
>>> referenced by nvram.cpp:52 (/home/runner/work/retro-manager/retro-manager/runtime/retropack-runtime-fbneo/submodules/fbneo/src/burner/nvram.cpp:52)
>>>               CMakeFiles/retropack-runtime-fbneo.dir/submodules/fbneo/src/burner/nvram.cpp.o:(BurnNvramLoad(char*))
>>> referenced by nvram.cpp:68 (/home/runner/work/retro-manager/retro-manager/runtime/retropack-runtime-fbneo/submodules/fbneo/src/burner/nvram.cpp:68)
>>>               CMakeFiles/retropack-runtime-fbneo.dir/submodules/fbneo/src/burner/nvram.cpp.o:(BurnNvramLoad(char*))
>>> referenced by ioapi.c:124 (/home/runner/work/retro-manager/retro-manager/runtime/retropack-runtime-fbneo/submodules/fbneo/src/burner/ioapi.c:124)
>>>               CMakeFiles/retropack-runtime-fbneo.dir/submodules/fbneo/src/burner/ioapi.c.o:(fread_file_func)
>>> referenced 3 more times
>>> did you mean: fread
>>> defined in: /usr/local/lib/android/sdk/ndk/27.0.12077973/toolchains/llvm/prebuilt/linux-x86_64/sysroot/usr/lib/aarch64-linux-android/26/libc.so

ld.lld: error: undefined symbol: rfclose
>>> referenced by nvram.cpp:54 (/home/runner/work/retro-manager/retro-manager/runtime/retropack-runtime-fbneo/submodules/fbneo/src/burner/nvram.cpp:54)
>>>               CMakeFiles/retropack-runtime-fbneo.dir/submodules/fbneo/src/burner/nvram.cpp.o:(BurnNvramLoad(char*))
>>> referenced by nvram.cpp:65 (/home/runner/work/retro-manager/retro-manager/runtime/retropack-runtime-fbneo/submodules/fbneo/src/burner/nvram.cpp:65)
>>>               CMakeFiles/retropack-runtime-fbneo.dir/submodules/fbneo/src/burner/nvram.cpp.o:(BurnNvramLoad(char*))
>>> referenced by nvram.cpp:69 (/home/runner/work/retro-manager/retro-manager/runtime/retropack-runtime-fbneo/submodules/fbneo/src/burner/nvram.cpp:69)
>>>               CMakeFiles/retropack-runtime-fbneo.dir/submodules/fbneo/src/burner/nvram.cpp.o:(BurnNvramLoad(char*))
>>> referenced 16 more times

ld.lld: error: undefined symbol: rfseek
>>> referenced by nvram.cpp:57 (/home/runner/work/retro-manager/retro-manager/runtime/retropack-runtime-fbneo/submodules/fbneo/src/burner/nvram.cpp:57)
>>>               CMakeFiles/retropack-runtime-fbneo.dir/submodules/fbneo/src/burner/nvram.cpp.o:(BurnNvramLoad(char*))
>>> referenced by nvram.cpp:59 (/home/runner/work/retro-manager/retro-manager/runtime/retropack-runtime-fbneo/submodules/fbneo/src/burner/nvram.cpp:59)
>>>               CMakeFiles/retropack-runtime-fbneo.dir/submodules/fbneo/src/burner/nvram.cpp.o:(BurnNvramLoad(char*))
>>> referenced by nvram.cpp:61 (/home/runner/work/retro-manager/retro-manager/runtime/retropack-runtime-fbneo/submodules/fbneo/src/burner/nvram.cpp:61)
>>>               CMakeFiles/retropack-runtime-fbneo.dir/submodules/fbneo/src/burner/nvram.cpp.o:(BurnNvramLoad(char*))
>>> referenced 5 more times

ld.lld: error: undefined symbol: rftell
>>> referenced by nvram.cpp:60 (/home/runner/work/retro-manager/retro-manager/runtime/retropack-runtime-fbneo/submodules/fbneo/src/burner/nvram.cpp:60)
>>>               CMakeFiles/retropack-runtime-fbneo.dir/submodules/fbneo/src/burner/nvram.cpp.o:(BurnNvramLoad(char*))
>>> referenced by ioapi.c:138 (/home/runner/work/retro-manager/retro-manager/runtime/retropack-runtime-fbneo/submodules/fbneo/src/burner/ioapi.c:138)
>>>               CMakeFiles/retropack-runtime-fbneo.dir/submodules/fbneo/src/burner/ioapi.c.o:(ftell_file_func)
>>> referenced by ioapi.c:146 (/home/runner/work/retro-manager/retro-manager/runtime/retropack-runtime-fbneo/submodules/fbneo/src/burner/ioapi.c:146)
>>>               CMakeFiles/retropack-runtime-fbneo.dir/submodules/fbneo/src/burner/ioapi.c.o:(ftell64_file_func)

ld.lld: error: undefined symbol: rfwrite
>>> referenced by nvram.cpp:109 (/home/runner/work/retro-manager/retro-manager/runtime/retropack-runtime-fbneo/submodules/fbneo/src/burner/nvram.cpp:109)
>>>               CMakeFiles/retropack-runtime-fbneo.dir/submodules/fbneo/src/burner/nvram.cpp.o:(BurnNvramSave(char*))
>>> referenced by ioapi.c:131 (/home/runner/work/retro-manager/retro-manager/runtime/retropack-runtime-fbneo/submodules/fbneo/src/burner/ioapi.c:131)
>>>               CMakeFiles/retropack-runtime-fbneo.dir/submodules/fbneo/src/burner/ioapi.c.o:(fwrite_file_func)
>>> referenced by hiscore.cpp:689 (/home/runner/work/retro-manager/retro-manager/runtime/retropack-runtime-fbneo/submodules/fbneo/src/burn/hiscore.cpp:689)
>>>               CMakeFiles/retropack-runtime-fbneo.dir/submodules/fbneo/src/burn/hiscore.cpp.o:(HiscoreExit)
>>> referenced 2 more times

ld.lld: error: undefined symbol: bDoIpsPatch
>>> referenced by neogeo.cpp:97 (/home/runner/work/retro-manager/retro-manager/runtime/retropack-runtime-fbneo/submodules/fbneo/src/burn/drv/neogeo/neogeo.cpp:97)
>>>               CMakeFiles/retropack-runtime-fbneo.dir/submodules/fbneo/src/burn/drv/neogeo/neogeo.cpp.o:(NeoLoadSprites(int, int, unsigned char*, unsigned int))
>>> referenced by neogeo.cpp:97 (/home/runner/work/retro-manager/retro-manager/runtime/retropack-runtime-fbneo/submodules/fbneo/src/burn/drv/neogeo/neogeo.cpp:97)
>>>               CMakeFiles/retropack-runtime-fbneo.dir/submodules/fbneo/src/burn/drv/neogeo/neogeo.cpp.o:(NeoLoadSprites(int, int, unsigned char*, unsigned int))
>>> referenced by neogeo.cpp:156 (/home/runner/work/retro-manager/retro-manager/runtime/retropack-runtime-fbneo/submodules/fbneo/src/burn/drv/neogeo/neogeo.cpp:156)
>>>               CMakeFiles/retropack-runtime-fbneo.dir/submodules/fbneo/src/burn/drv/neogeo/neogeo.cpp.o:(NeoLoadSprites(int, int, unsigned char*, unsigned int))
>>> referenced 45 more times

ld.lld: error: undefined symbol: nIpsMemExpLen
>>> referenced by neogeo.cpp:97 (/home/runner/work/retro-manager/retro-manager/runtime/retropack-runtime-fbneo/submodules/fbneo/src/burn/drv/neogeo/neogeo.cpp:97)
>>>               CMakeFiles/retropack-runtime-fbneo.dir/submodules/fbneo/src/burn/drv/neogeo/neogeo.cpp.o:(NeoLoadSprites(int, int, unsigned char*, unsigned int))
>>> referenced by neogeo.cpp:97 (/home/runner/work/retro-manager/retro-manager/runtime/retropack-runtime-fbneo/submodules/fbneo/src/burn/drv/neogeo/neogeo.cpp:97)
>>>               CMakeFiles/retropack-runtime-fbneo.dir/submodules/fbneo/src/burn/drv/neogeo/neogeo.cpp.o:(NeoLoadSprites(int, int, unsigned char*, unsigned int))
>>> referenced by neo_run.cpp:603 (/home/runner/work/retro-manager/retro-manager/runtime/retropack-runtime-fbneo/submodules/fbneo/src/burn/drv/neogeo/neo_run.cpp:603)
>>>               CMakeFiles/retropack-runtime-fbneo.dir/submodules/fbneo/src/burn/drv/neogeo/neo_run.cpp.o:(LoadRoms())
>>> referenced 31 more times

ld.lld: error: undefined symbol: szAppBlendPath
>>> referenced by neo_text.cpp:288 (/home/runner/work/retro-manager/retro-manager/runtime/retropack-runtime-fbneo/submodules/fbneo/src/burn/drv/neogeo/neo_text.cpp:288)
>>>               CMakeFiles/retropack-runtime-fbneo.dir/submodules/fbneo/src/burn/drv/neogeo/neo_text.cpp.o:(NeoTextBlendInit(int))
>>> referenced by neo_text.cpp:288 (/home/runner/work/retro-manager/retro-manager/runtime/retropack-runtime-fbneo/submodules/fbneo/src/burn/drv/neogeo/neo_text.cpp:288)
>>>               CMakeFiles/retropack-runtime-fbneo.dir/submodules/fbneo/src/burn/drv/neogeo/neo_text.cpp.o:(NeoTextBlendInit(int))
>>> referenced by neo_text.cpp:293 (/home/runner/work/retro-manager/retro-manager/runtime/retropack-runtime-fbneo/submodules/fbneo/src/burn/drv/neogeo/neo_text.cpp:293)
>>>               CMakeFiles/retropack-runtime-fbneo.dir/submodules/fbneo/src/burn/drv/neogeo/neo_text.cpp.o:(NeoTextBlendInit(int))
>>> referenced 5 more times

ld.lld: error: undefined symbol: rfgets
>>> referenced by neo_text.cpp:310 (/home/runner/work/retro-manager/retro-manager/runtime/retropack-runtime-fbneo/submodules/fbneo/src/burn/drv/neogeo/neo_text.cpp:310)
>>>               CMakeFiles/retropack-runtime-fbneo.dir/submodules/fbneo/src/burn/drv/neogeo/neo_text.cpp.o:(NeoTextBlendInit(int))
>>> referenced by neo_sprite.cpp:277 (/home/runner/work/retro-manager/retro-manager/runtime/retropack-runtime-fbneo/submodules/fbneo/src/burn/drv/neogeo/neo_sprite.cpp:277)
>>>               CMakeFiles/retropack-runtime-fbneo.dir/submodules/fbneo/src/burn/drv/neogeo/neo_sprite.cpp.o:(NeoBlendInit(int))
>>> referenced by conc.cpp:963 (/home/runner/work/retro-manager/retro-manager/runtime/retropack-runtime-fbneo/submodules/fbneo/src/burner/conc.cpp:963)
>>>               CMakeFiles/retropack-runtime-fbneo.dir/submodules/fbneo/src/burner/conc.cpp.o:(ConfigParseVCT(char*))
>>> referenced 4 more times

ld.lld: error: undefined symbol: CDEmuScan(int, int*)
>>> referenced by neo_run.cpp:1620 (/home/runner/work/retro-manager/retro-manager/runtime/retropack-runtime-fbneo/submodules/fbneo/src/burn/drv/neogeo/neo_run.cpp:1620)
>>>               CMakeFiles/retropack-runtime-fbneo.dir/submodules/fbneo/src/burn/drv/neogeo/neo_run.cpp.o:(NeoScan(int, int*))

ld.lld: error: undefined symbol: nIpsDrvDefine
>>> referenced by neo_run.cpp:4223 (/home/runner/work/retro-manager/retro-manager/runtime/retropack-runtime-fbneo/submodules/fbneo/src/burn/drv/neogeo/neo_run.cpp:4223)
>>>               CMakeFiles/retropack-runtime-fbneo.dir/submodules/fbneo/src/burn/drv/neogeo/neo_run.cpp.o:(NeoInit())
>>> referenced by neo_run.cpp:4223 (/home/runner/work/retro-manager/retro-manager/runtime/retropack-runtime-fbneo/submodules/fbneo/src/burn/drv/neogeo/neo_run.cpp:4223)
>>>               CMakeFiles/retropack-runtime-fbneo.dir/submodules/fbneo/src/burn/drv/neogeo/neo_run.cpp.o:(NeoInit())
>>> referenced by d_neogeo.cpp:2140 (/home/runner/work/retro-manager/retro-manager/runtime/retropack-runtime-fbneo/submodules/fbneo/src/burn/drv/neogeo/d_neogeo.cpp:2140)
>>>               CMakeFiles/retropack-runtime-fbneo.dir/submodules/fbneo/src/burn/drv/neogeo/d_neogeo.cpp.o:(NeoSMAInit(void (*)(), void (*)(unsigned int, unsigned short), unsigned int, unsigned int))
>>> referenced 5 more times

ld.lld: error: undefined symbol: pDataRomDesc
>>> referenced by neo_run.cpp:4223 (/home/runner/work/retro-manager/retro-manager/runtime/retropack-runtime-fbneo/submodules/fbneo/src/burn/drv/neogeo/neo_run.cpp:4223)
>>>               CMakeFiles/retropack-runtime-fbneo.dir/submodules/fbneo/src/burn/drv/neogeo/neo_run.cpp.o:(NeoInit())
>>> referenced by neo_run.cpp:4223 (/home/runner/work/retro-manager/retro-manager/runtime/retropack-runtime-fbneo/submodules/fbneo/src/burn/drv/neogeo/neo_run.cpp:4223)
>>>               CMakeFiles/retropack-runtime-fbneo.dir/submodules/fbneo/src/burn/drv/neogeo/neo_run.cpp.o:(NeoInit())
>>> referenced by neo_run.cpp:4077 (/home/runner/work/retro-manager/retro-manager/runtime/retropack-runtime-fbneo/submodules/fbneo/src/burn/drv/neogeo/neo_run.cpp:4077)
>>>               CMakeFiles/retropack-runtime-fbneo.dir/submodules/fbneo/src/burn/drv/neogeo/neo_run.cpp.o:(NeoInitCommon())
>>> referenced 2759 more times

ld.lld: error: undefined symbol: pRDI
>>> referenced by neo_run.cpp:4077 (/home/runner/work/retro-manager/retro-manager/runtime/retropack-runtime-fbneo/submodules/fbneo/src/burn/drv/neogeo/neo_run.cpp:4077)
>>>               CMakeFiles/retropack-runtime-fbneo.dir/submodules/fbneo/src/burn/drv/neogeo/neo_run.cpp.o:(NeoInitCommon())
>>> referenced by neo_run.cpp:4077 (/home/runner/work/retro-manager/retro-manager/runtime/retropack-runtime-fbneo/submodules/fbneo/src/burn/drv/neogeo/neo_run.cpp:4077)
>>>               CMakeFiles/retropack-runtime-fbneo.dir/submodules/fbneo/src/burn/drv/neogeo/neo_run.cpp.o:(NeoInitCommon())
>>> referenced by neo_run.cpp:4080 (/home/runner/work/retro-manager/retro-manager/runtime/retropack-runtime-fbneo/submodules/fbneo/src/burn/drv/neogeo/neo_run.cpp:4080)
>>>               CMakeFiles/retropack-runtime-fbneo.dir/submodules/fbneo/src/burn/drv/neogeo/neo_run.cpp.o:(NeoInitCommon())
>>> referenced 2755 more times

ld.lld: error: undefined symbol: CDEmuGetSoundBuffer(short*, int)
>>> referenced by neo_run.cpp:5160 (/home/runner/work/retro-manager/retro-manager/runtime/retropack-runtime-fbneo/submodules/fbneo/src/burn/drv/neogeo/neo_run.cpp:5160)
>>>               CMakeFiles/retropack-runtime-fbneo.dir/submodules/fbneo/src/burn/drv/neogeo/neo_run.cpp.o:(NeoFrame())

ld.lld: error: undefined symbol: CDEmuStop()
>>> referenced by neo_run.cpp:3862 (/home/runner/work/retro-manager/retro-manager/runtime/retropack-runtime-fbneo/submodules/fbneo/src/burn/drv/neogeo/neo_run.cpp:3862)
>>>               CMakeFiles/retropack-runtime-fbneo.dir/submodules/fbneo/src/burn/drv/neogeo/neo_run.cpp.o:(neogeoReset())
>>> referenced by neo_run.cpp:2645 (/home/runner/work/retro-manager/retro-manager/runtime/retropack-runtime-fbneo/submodules/fbneo/src/burn/drv/neogeo/neo_run.cpp:2645)
>>>               CMakeFiles/retropack-runtime-fbneo.dir/submodules/fbneo/src/burn/drv/neogeo/neo_run.cpp.o:(NeoCDProcessCommand())

ld.lld: error: undefined symbol: CDEmuReadQChannel()
>>> referenced by neo_run.cpp:2660 (/home/runner/work/retro-manager/retro-manager/runtime/retropack-runtime-fbneo/submodules/fbneo/src/burn/drv/neogeo/neo_run.cpp:2660)
>>>               CMakeFiles/retropack-runtime-fbneo.dir/submodules/fbneo/src/burn/drv/neogeo/neo_run.cpp.o:(NeoCDProcessCommand())
>>> referenced by neo_run.cpp:2678 (/home/runner/work/retro-manager/retro-manager/runtime/retropack-runtime-fbneo/submodules/fbneo/src/burn/drv/neogeo/neo_run.cpp:2678)
>>>               CMakeFiles/retropack-runtime-fbneo.dir/submodules/fbneo/src/burn/drv/neogeo/neo_run.cpp.o:(NeoCDProcessCommand())
>>> referenced by neo_run.cpp:2694 (/home/runner/work/retro-manager/retro-manager/runtime/retropack-runtime-fbneo/submodules/fbneo/src/burn/drv/neogeo/neo_run.cpp:2694)
>>>               CMakeFiles/retropack-runtime-fbneo.dir/submodules/fbneo/src/burn/drv/neogeo/neo_run.cpp.o:(NeoCDProcessCommand())
>>> referenced 1 more times

ld.lld: error: undefined symbol: CDEmuReadTOC(int)
>>> referenced by neo_run.cpp:2699 (/home/runner/work/retro-manager/retro-manager/runtime/retropack-runtime-fbneo/submodules/fbneo/src/burn/drv/neogeo/neo_run.cpp:2699)
>>>               CMakeFiles/retropack-runtime-fbneo.dir/submodules/fbneo/src/burn/drv/neogeo/neo_run.cpp.o:(NeoCDProcessCommand())
>>> referenced by neo_run.cpp:2708 (/home/runner/work/retro-manager/retro-manager/runtime/retropack-runtime-fbneo/submodules/fbneo/src/burn/drv/neogeo/neo_run.cpp:2708)
>>>               CMakeFiles/retropack-runtime-fbneo.dir/submodules/fbneo/src/burn/drv/neogeo/neo_run.cpp.o:(NeoCDProcessCommand())
>>> referenced by neo_run.cpp:2722 (/home/runner/work/retro-manager/retro-manager/runtime/retropack-runtime-fbneo/submodules/fbneo/src/burn/drv/neogeo/neo_run.cpp:2722)
>>>               CMakeFiles/retropack-runtime-fbneo.dir/submodules/fbneo/src/burn/drv/neogeo/neo_run.cpp.o:(NeoCDProcessCommand())
>>> referenced 1 more times

ld.lld: error: undefined symbol: CDEmuPlay(unsigned char, unsigned char, unsigned char)
>>> referenced by neo_run.cpp:2794 (/home/runner/work/retro-manager/retro-manager/runtime/retropack-runtime-fbneo/submodules/fbneo/src/burn/drv/neogeo/neo_run.cpp:2794)
>>>               CMakeFiles/retropack-runtime-fbneo.dir/submodules/fbneo/src/burn/drv/neogeo/neo_run.cpp.o:(NeoCDProcessCommand())

ld.lld: error: undefined symbol: CDEmuStatus
>>> referenced by cd_interface.h:30 (/home/runner/work/retro-manager/retro-manager/runtime/retropack-runtime-fbneo/submodules/fbneo/src/intf/cd/cd_interface.h:30)
>>>               CMakeFiles/retropack-runtime-fbneo.dir/submodules/fbneo/src/burn/drv/neogeo/neo_run.cpp.o:(CDEmuGetStatus())
>>> referenced by cd_interface.h:30 (/home/runner/work/retro-manager/retro-manager/runtime/retropack-runtime-fbneo/submodules/fbneo/src/intf/cd/cd_interface.h:30)
>>>               CMakeFiles/retropack-runtime-fbneo.dir/submodules/fbneo/src/burn/drv/neogeo/neo_run.cpp.o:(CDEmuGetStatus())
>>> referenced by cd_interface.h:37 (/home/runner/work/retro-manager/retro-manager/runtime/retropack-runtime-fbneo/submodules/fbneo/src/intf/cd/cd_interface.h:37)
>>>               CMakeFiles/retropack-runtime-fbneo.dir/submodules/fbneo/src/burn/drv/neogeo/neo_run.cpp.o:(CDEmuStartRead())
>>> referenced 7 more times

ld.lld: error: too many errors emitted, stopping now (use --error-limit=0 to see all errors)
clang++: error: linker command failed with exit code 1 (use -v to see invocation)
ninja: build stopped: subcommand failed.

C++ build system [build] failed while executing:
    /usr/local/lib/android/sdk/cmake/3.22.1/bin/ninja \
      -C \
      /home/runner/work/retro-manager/retro-manager/runtime/retropack-runtime-fbneo/.cxx/Debug/1b1s4j3o/arm64-v8a \
      retropack-runtime-fbneo
  from /home/runner/work/retro-manager/retro-manager/runtime/retropack-runtime-fbneo
	at com.android.build.gradle.internal.cxx.process.ExecuteProcessKt.execute(ExecuteProcess.kt:288)
	at com.android.build.gradle.internal.cxx.process.ExecuteProcessKt$executeProcess$1.invoke(ExecuteProcess.kt:108)
	at com.android.build.gradle.internal.cxx.process.ExecuteProcessKt$executeProcess$1.invoke(ExecuteProcess.kt:106)
	at com.android.build.gradle.internal.cxx.timing.TimingEnvironmentKt.time(TimingEnvironment.kt:32)
	at com.android.build.gradle.internal.cxx.process.ExecuteProcessKt.executeProcess(ExecuteProcess.kt:106)
	at com.android.build.gradle.internal.cxx.process.ExecuteProcessKt.executeProcess$default(ExecuteProcess.kt:85)
	at com.android.build.gradle.internal.cxx.build.CxxRegularBuilder.executeProcessBatch(CxxRegularBuilder.kt:332)
	at com.android.build.gradle.internal.cxx.build.CxxRegularBuilder.build(CxxRegularBuilder.kt:129)
	at com.android.build.gradle.tasks.ExternalNativeBuildTask.doTaskAction(ExternalNativeBuildTask.kt:72)
	at com.android.build.gradle.internal.tasks.UnsafeOutputsTask$taskAction$$inlined$recordTaskAction$1.invoke(BaseTask.kt:78)
	at com.android.build.gradle.internal.tasks.Blocks.recordSpan(Blocks.java:51)
	at com.android.build.gradle.internal.tasks.UnsafeOutputsTask.taskAction(UnsafeOutputsTask.kt:81)
	at org.gradle.internal.reflect.JavaMethod.invoke(JavaMethod.java:125)
	... 129 more
Caused by: com.android.ide.common.process.ProcessException: Error while executing process /usr/local/lib/android/sdk/cmake/3.22.1/bin/ninja with arguments {-C /home/runner/work/retro-manager/retro-manager/runtime/retropack-runtime-fbneo/.cxx/Debug/1b1s4j3o/arm64-v8a retropack-runtime-fbneo}
	at com.android.build.gradle.internal.process.GradleProcessResult.buildProcessException(GradleProcessResult.java:73)
	at com.android.build.gradle.internal.process.GradleProcessResult.assertNormalExitValue(GradleProcessResult.java:48)
	at com.android.build.gradle.internal.cxx.process.ExecuteProcessKt.execute(ExecuteProcess.kt:277)
	... 141 more
Caused by: org.gradle.process.ProcessExecutionException: Process 'command '/usr/local/lib/android/sdk/cmake/3.22.1/bin/ninja'' finished with non-zero exit value 1
	at org.gradle.process.internal.DefaultExecHandle$ExecResultImpl.assertNormalExitValue(DefaultExecHandle.java:459)
	at com.android.build.gradle.internal.process.GradleProcessResult.assertNormalExitValue(GradleProcessResult.java:46)
	... 142 more


Deprecated Gradle features were used in this build, making it incompatible with Gradle 10.

You can use '--warning-mode all' to show the individual deprecation warnings and determine if they come from your own scripts or plugins.

For more on this, please refer to https://docs.gradle.org/9.5.1/userguide/command_line_interface.html#sec:command_line_warnings in the Gradle documentation.

BUILD FAILED in 4s
2 actionable tasks: 2 executed
