> Task :runtime:retropack-runtime-mupen64:preBuild UP-TO-DATE
> Task :runtime:retropack-runtime-mupen64:preDebugBuild UP-TO-DATE
> Task :runtime:retropack-runtime-mupen64:configureCMakeDebug[arm64-v8a]

> Task :runtime:retropack-runtime-mupen64:buildCMakeDebug[arm64-v8a] FAILED
C/C++: ninja: Entering directory `/home/runner/work/retro-manager/retro-manager/runtime/retropack-runtime-mupen64/.cxx/Debug/1k4d283o/arm64-v8a'
C/C++: /usr/local/lib/android/sdk/ndk/27.0.12077973/toolchains/llvm/prebuilt/linux-x86_64/bin/clang --target=aarch64-none-linux-android26 --sysroot=/usr/local/lib/android/sdk/ndk/27.0.12077973/toolchains/llvm/prebuilt/linux-x86_64/sysroot -DCORE_NAME=\"mupen64plus\" -DHAVE_MUPEN64_CORE=1 -DINLINE=inline -DM64P_CORE_PROTOTYPES=1 -DM64P_STATIC_CORE=1 -DNO_ASM=1 -DNO_MD5=1 -D__LIBRETRO__=1 -Dretropack_runtime_mupen64_EXPORTS -I/home/runner/work/retro-manager/retro-manager/runtime/retropack-runtime-mupen64/src/main/cpp -I/home/runner/work/retro-manager/retro-manager/runtime/retropack-runtime-mupen64/submodules/mupen64plus-next -I/home/runner/work/retro-manager/retro-manager/runtime/retropack-runtime-mupen64/submodules/mupen64plus-next/custom -I/home/runner/work/retro-manager/retro-manager/runtime/retropack-runtime-mupen64/submodules/mupen64plus-next/custom/mupen64plus-core -I/home/runner/work/retro-manager/retro-manager/runtime/retropack-runtime-mupen64/submodules/mupen64plus-next/custom/android/include -I/home/runner/work/retro-manager/retro-manager/runtime/retropack-runtime-mupen64/submodules/mupen64plus-next/mupen64plus-core/src -I/home/runner/work/retro-manager/retro-manager/runtime/retropack-runtime-mupen64/submodules/mupen64plus-next/mupen64plus-core/src/api -I/home/runner/work/retro-manager/retro-manager/runtime/retropack-runtime-mupen64/submodules/mupen64plus-next/mupen64plus-core/src/osal -I/home/runner/work/retro-manager/retro-manager/runtime/retropack-runtime-mupen64/submodules/mupen64plus-next/mupen64plus-core/subprojects/md5 -I/home/runner/work/retro-manager/retro-manager/runtime/retropack-runtime-mupen64/submodules/mupen64plus-next/mupen64plus-core/subprojects/xxhash -I/home/runner/work/retro-manager/retro-manager/runtime/retropack-runtime-mupen64/submodules/mupen64plus-next/mupen64plus-core/subprojects/minizip -I/home/runner/work/retro-manager/retro-manager/runtime/retropack-runtime-mupen64/submodules/mupen64plus-next/xxHash -I/home/runner/work/retro-manager/retro-manager/runtime/retropack-runtime-mupen64/submodules/mupen64plus-next/mupen64plus-rsp-hle/src -I/home/runner/work/retro-manager/retro-manager/runtime/retropack-runtime-mupen64/submodules/mupen64plus-next/mupen64plus-video-angrylion -I/home/runner/work/retro-manager/retro-manager/runtime/retropack-runtime-mupen64/submodules/mupen64plus-next/mupen64plus-video-angrylion/n64video -I/home/runner/work/retro-manager/retro-manager/runtime/retropack-runtime-mupen64/submodules/mupen64plus-next/libretro-common/include -I/home/runner/work/retro-manager/retro-manager/runtime/retropack-runtime-mupen64/submodules/mupen64plus-next/libretro -I/home/runner/work/retro-manager/retro-manager/runtime/retropack-runtime-mupen64/submodules/mupen64plus-next/libretro/include -g -DANDROID -fdata-sections -ffunction-sections -funwind-tables -fstack-protector-strong -no-canonical-prefixes -D_FORTIFY_SOURCE=2 -Wformat -Werror=format-security  -fno-limit-debug-info  -fPIC -w -std=gnu11 -MD -MT CMakeFiles/retropack-runtime-mupen64.dir/submodules/mupen64plus-next/mupen64plus-video-angrylion/n64video.c.o -MF CMakeFiles/retropack-runtime-mupen64.dir/submodules/mupen64plus-next/mupen64plus-video-angrylion/n64video.c.o.d -o CMakeFiles/retropack-runtime-mupen64.dir/submodules/mupen64plus-next/mupen64plus-video-angrylion/n64video.c.o -c /home/runner/work/retro-manager/retro-manager/runtime/retropack-runtime-mupen64/submodules/mupen64plus-next/mupen64plus-video-angrylion/n64video.c
C/C++: In file included from /home/runner/work/retro-manager/retro-manager/runtime/retropack-runtime-mupen64/submodules/mupen64plus-next/mupen64plus-video-angrylion/n64video.c:116:
C/C++: In file included from /home/runner/work/retro-manager/retro-manager/runtime/retropack-runtime-mupen64/submodules/mupen64plus-next/mupen64plus-video-angrylion/n64video/rdp.c:469:
C/C++: /home/runner/work/retro-manager/retro-manager/runtime/retropack-runtime-mupen64/submodules/mupen64plus-next/mupen64plus-video-angrylion/n64video/rdp/tcoord.c:35:61: error: expected ')'
C/C++:    35 | static STRICTINLINE void tcmask_copy(uint32_t wid, int32_t* S, int32_t* S1, int32_t* S2, int32_t* S3, int32_t* T, int32_t num)
C/C++:       |                                                             ^
C/C++: /home/runner/work/retro-manager/retro-manager/runtime/retropack-runtime-mupen64/submodules/mupen64plus-next/mupen64plus-rsp-hle/src/memory.h:37:11: note: expanded from macro 'S'
C/C++:    37 | #define S 1
C/C++:       |           ^
C/C++: /home/runner/work/retro-manager/retro-manager/runtime/retropack-runtime-mupen64/submodules/mupen64plus-next/mupen64plus-video-angrylion/n64video/rdp/tcoord.c:35:37: note: to match this '('
C/C++:    35 | static STRICTINLINE void tcmask_copy(uint32_t wid, int32_t* S, int32_t* S1, int32_t* S2, int32_t* S3, int32_t* T, int32_t num)
C/C++:       |                                     ^
C/C++: /home/runner/work/retro-manager/retro-manager/runtime/retropack-runtime-mupen64/submodules/mupen64plus-next/mupen64plus-video-angrylion/n64video/rdp/tcoord.c:41:25: error: use of undeclared identifier 'num'
C/C++:    41 |     if (state[wid].tile[num].mask_s)
C/C++:       |                         ^
C/C++: /home/runner/work/retro-manager/retro-manager/runtime/retropack-runtime-mupen64/submodules/mupen64plus-next/mupen64plus-video-angrylion/n64video/rdp/tcoord.c:43:29: error: use of undeclared identifier 'num'
C/C++:    43 |         if (state[wid].tile[num].ms)
C/C++:       |                             ^
C/C++: /home/runner/work/retro-manager/retro-manager/runtime/retropack-runtime-mupen64/submodules/mupen64plus-next/mupen64plus-video-angrylion/n64video/rdp/tcoord.c:45:46: error: use of undeclared identifier 'num'
C/C++:    45 |             swrapthreshold = state[wid].tile[num].f.masksclamped;
C/C++:       |                                              ^
C/C++: /home/runner/work/retro-manager/retro-manager/runtime/retropack-runtime-mupen64/submodules/mupen64plus-next/mupen64plus-video-angrylion/n64video/rdp/tcoord.c:47:21: error: indirection requires pointer operand ('int' invalid)
C/C++:    47 |             wrap = (*S >> swrapthreshold) & 1;
C/C++:       |                     ^~
C/C++: /home/runner/work/retro-manager/retro-manager/runtime/retropack-runtime-mupen64/submodules/mupen64plus-next/mupen64plus-video-angrylion/n64video/rdp/tcoord.c:48:13: error: indirection requires pointer operand ('int' invalid)
C/C++:    48 |             *S ^= (-wrap);
C/C++:       |             ^~
C/C++: /home/runner/work/retro-manager/retro-manager/runtime/retropack-runtime-mupen64/submodules/mupen64plus-next/mupen64plus-video-angrylion/n64video/rdp/tcoord.c:50:22: error: use of undeclared identifier 'S1'
C/C++:    50 |             wrap = (*S1 >> swrapthreshold) & 1;
C/C++:       |                      ^
C/C++: /home/runner/work/retro-manager/retro-manager/runtime/retropack-runtime-mupen64/submodules/mupen64plus-next/mupen64plus-video-angrylion/n64video/rdp/tcoord.c:51:14: error: use of undeclared identifier 'S1'
C/C++:    51 |             *S1 ^= (-wrap);
C/C++:       |              ^
C/C++: /home/runner/work/retro-manager/retro-manager/runtime/retropack-runtime-mupen64/submodules/mupen64plus-next/mupen64plus-video-angrylion/n64video/rdp/tcoord.c:53:22: error: use of undeclared identifier 'S2'
C/C++:    53 |             wrap = (*S2 >> swrapthreshold) & 1;
C/C++:       |                      ^
C/C++: /home/runner/work/retro-manager/retro-manager/runtime/retropack-runtime-mupen64/submodules/mupen64plus-next/mupen64plus-video-angrylion/n64video/rdp/tcoord.c:54:14: error: use of undeclared identifier 'S2'
C/C++:    54 |             *S2 ^= (-wrap);
C/C++:       |              ^
C/C++: /home/runner/work/retro-manager/retro-manager/runtime/retropack-runtime-mupen64/submodules/mupen64plus-next/mupen64plus-video-angrylion/n64video/rdp/tcoord.c:56:22: error: use of undeclared identifier 'S3'
C/C++:    56 |             wrap = (*S3 >> swrapthreshold) & 1;
C/C++:       |                      ^
C/C++: /home/runner/work/retro-manager/retro-manager/runtime/retropack-runtime-mupen64/submodules/mupen64plus-next/mupen64plus-video-angrylion/n64video/rdp/tcoord.c:57:14: error: use of undeclared identifier 'S3'
C/C++:    57 |             *S3 ^= (-wrap);
C/C++:       |              ^
C/C++: /home/runner/work/retro-manager/retro-manager/runtime/retropack-runtime-mupen64/submodules/mupen64plus-next/mupen64plus-video-angrylion/n64video/rdp/tcoord.c:60:53: error: use of undeclared identifier 'num'
C/C++:    60 |         maskbits_s = maskbits_table[state[wid].tile[num].mask_s];
C/C++:       |                                                     ^
C/C++: /home/runner/work/retro-manager/retro-manager/runtime/retropack-runtime-mupen64/submodules/mupen64plus-next/mupen64plus-video-angrylion/n64video/rdp/tcoord.c:61:9: error: indirection requires pointer operand ('int' invalid)
C/C++:    61 |         *S &= maskbits_s;
C/C++:       |         ^~
C/C++: /home/runner/work/retro-manager/retro-manager/runtime/retropack-runtime-mupen64/submodules/mupen64plus-next/mupen64plus-video-angrylion/n64video/rdp/tcoord.c:62:10: error: use of undeclared identifier 'S1'
C/C++:    62 |         *S1 &= maskbits_s;
C/C++:       |          ^
C/C++: /home/runner/work/retro-manager/retro-manager/runtime/retropack-runtime-mupen64/submodules/mupen64plus-next/mupen64plus-video-angrylion/n64video/rdp/tcoord.c:63:10: error: use of undeclared identifier 'S2'
C/C++:    63 |         *S2 &= maskbits_s;
C/C++:       |          ^
C/C++: /home/runner/work/retro-manager/retro-manager/runtime/retropack-runtime-mupen64/submodules/mupen64plus-next/mupen64plus-video-angrylion/n64video/rdp/tcoord.c:64:10: error: use of undeclared identifier 'S3'
C/C++:    64 |         *S3 &= maskbits_s;
C/C++:       |          ^
C/C++: /home/runner/work/retro-manager/retro-manager/runtime/retropack-runtime-mupen64/submodules/mupen64plus-next/mupen64plus-video-angrylion/n64video/rdp/tcoord.c:67:25: error: use of undeclared identifier 'num'
C/C++:    67 |     if (state[wid].tile[num].mask_t)
C/C++:       |                         ^
C/C++: /home/runner/work/retro-manager/retro-manager/runtime/retropack-runtime-mupen64/submodules/mupen64plus-next/mupen64plus-video-angrylion/n64video/rdp/tcoord.c:69:29: error: use of undeclared identifier 'num'
C/C++:    69 |         if (state[wid].tile[num].mt)
C/C++:       |                             ^
C/C++: fatal error: too many errors emitted, stopping now [-ferror-limit=]
C/C++: 20 errors generated.
gradle/actions: Writing build results to /home/runner/work/_temp/.gradle-actions/build-results/__run_4-1790592322301.json

[Incubating] Problems report is available at: file:///home/runner/work/retro-manager/retro-manager/build/reports/problems/problems-report.html

FAILURE: Build failed with an exception.

* What went wrong:
Execution failed for task ':runtime:retropack-runtime-mupen64:buildCMakeDebug[arm64-v8a]' (registered by plugin 'com.android.internal.library').
> com.android.ide.common.process.ProcessException: ninja: Entering directory `/home/runner/work/retro-manager/retro-manager/runtime/retropack-runtime-mupen64/.cxx/Debug/1k4d283o/arm64-v8a'
  [1/86] Building C object CMakeFiles/retropack-runtime-mupen64.dir/src/main/cpp/ringbuffer.c.o
  [2/86] Building C object CMakeFiles/retropack-runtime-mupen64.dir/submodules/mupen64plus-next/mupen64plus-core/src/api/callbacks.c.o
  [3/86] Building C object CMakeFiles/retropack-runtime-mupen64.dir/src/main/cpp/mupen64-jni.c.o
  [4/86] Building C object CMakeFiles/retropack-runtime-mupen64.dir/submodules/mupen64plus-next/mupen64plus-core/src/api/frontend.c.o
  [5/86] Building C object CMakeFiles/retropack-runtime-mupen64.dir/submodules/mupen64plus-next/mupen64plus-core/src/api/debugger.c.o
  [6/86] Building C object CMakeFiles/retropack-runtime-mupen64.dir/submodules/mupen64plus-next/mupen64plus-core/src/backends/api/video_capture_backend.c.o
  [7/86] Building C object CMakeFiles/retropack-runtime-mupen64.dir/submodules/mupen64plus-next/mupen64plus-core/src/backends/clock_ctime_plus_delta.c.o
  [8/86] Building C object CMakeFiles/retropack-runtime-mupen64.dir/submodules/mupen64plus-next/custom/mupen64plus-core/api/config.c.o
  [9/86] Building C object CMakeFiles/retropack-runtime-mupen64.dir/submodules/mupen64plus-next/mupen64plus-core/src/backends/plugins_compat/audio_plugin_compat.c.o
  [10/86] Building C object CMakeFiles/retropack-runtime-mupen64.dir/submodules/mupen64plus-next/mupen64plus-core/src/backends/plugins_compat/input_plugin_compat.c.o
  [11/86] Building C object CMakeFiles/retropack-runtime-mupen64.dir/submodules/mupen64plus-next/mupen64plus-core/src/backends/dummy_video_capture.c.o
  [12/86] Building C object CMakeFiles/retropack-runtime-mupen64.dir/submodules/mupen64plus-next/mupen64plus-core/src/device/cart/af_rtc.c.o
  [13/86] Building C object CMakeFiles/retropack-runtime-mupen64.dir/submodules/mupen64plus-next/mupen64plus-core/src/device/cart/eeprom.c.o
  [14/86] Building C object CMakeFiles/retropack-runtime-mupen64.dir/submodules/mupen64plus-next/mupen64plus-core/src/backends/file_storage.c.o
  [15/86] Building C object CMakeFiles/retropack-runtime-mupen64.dir/submodules/mupen64plus-next/mupen64plus-core/src/device/cart/cart_rom.c.o
  [16/86] Building C object CMakeFiles/retropack-runtime-mupen64.dir/submodules/mupen64plus-next/mupen64plus-core/src/device/cart/cart.c.o
  [17/86] Building C object CMakeFiles/retropack-runtime-mupen64.dir/submodules/mupen64plus-next/mupen64plus-core/src/device/cart/is_viewer.c.o
  [18/86] Building C object CMakeFiles/retropack-runtime-mupen64.dir/submodules/mupen64plus-next/mupen64plus-core/src/device/cart/sram.c.o
  [19/86] Building C object CMakeFiles/retropack-runtime-mupen64.dir/submodules/mupen64plus-next/mupen64plus-core/src/device/cart/flashram.c.o
  [20/86] Building C object CMakeFiles/retropack-runtime-mupen64.dir/submodules/mupen64plus-next/mupen64plus-core/src/device/controllers/game_controller.c.o
  [21/86] Building C object CMakeFiles/retropack-runtime-mupen64.dir/submodules/mupen64plus-next/mupen64plus-core/src/device/controllers/paks/biopak.c.o
  [22/86] Building C object CMakeFiles/retropack-runtime-mupen64.dir/submodules/mupen64plus-next/mupen64plus-core/src/device/controllers/paks/transferpak.c.o
  [23/86] Building C object CMakeFiles/retropack-runtime-mupen64.dir/submodules/mupen64plus-next/mupen64plus-core/src/device/controllers/vru_controller.c.o
  [24/86] Building C object CMakeFiles/retropack-runtime-mupen64.dir/submodules/mupen64plus-next/mupen64plus-core/src/device/controllers/paks/rumblepak.c.o
  [25/86] Building C object CMakeFiles/retropack-runtime-mupen64.dir/submodules/mupen64plus-next/mupen64plus-core/src/device/controllers/paks/mempak.c.o
  [26/86] Building C object CMakeFiles/retropack-runtime-mupen64.dir/submodules/mupen64plus-next/mupen64plus-core/src/device/device.c.o
  [27/86] Building C object CMakeFiles/retropack-runtime-mupen64.dir/submodules/mupen64plus-next/mupen64plus-core/src/device/gb/gb_cart.c.o
  [28/86] Building C object CMakeFiles/retropack-runtime-mupen64.dir/submodules/mupen64plus-next/mupen64plus-core/src/device/gb/mbc3_rtc.c.o
  [29/86] Building C object CMakeFiles/retropack-runtime-mupen64.dir/submodules/mupen64plus-next/mupen64plus-core/src/device/gb/m64282fp.c.o
  [30/86] Building C object CMakeFiles/retropack-runtime-mupen64.dir/submodules/mupen64plus-next/mupen64plus-core/src/device/pif/n64_cic_nus_6105.c.o
  [31/86] Building C object CMakeFiles/retropack-runtime-mupen64.dir/submodules/mupen64plus-next/mupen64plus-core/src/device/dd/dd_controller.c.o
  [32/86] Building C object CMakeFiles/retropack-runtime-mupen64.dir/submodules/mupen64plus-next/mupen64plus-core/src/device/dd/disk.c.o
  [33/86] Building C object CMakeFiles/retropack-runtime-mupen64.dir/submodules/mupen64plus-next/mupen64plus-core/src/device/pif/bootrom_hle.c.o
  [34/86] Building C object CMakeFiles/retropack-runtime-mupen64.dir/submodules/mupen64plus-next/mupen64plus-core/src/device/pif/cic.c.o
  [35/86] Building C object CMakeFiles/retropack-runtime-mupen64.dir/submodules/mupen64plus-next/mupen64plus-core/src/device/memory/memory.c.o
  [36/86] Building C object CMakeFiles/retropack-runtime-mupen64.dir/submodules/mupen64plus-next/mupen64plus-core/src/device/r4300/cp1.c.o
  [37/86] Building C object CMakeFiles/retropack-runtime-mupen64.dir/submodules/mupen64plus-next/mupen64plus-core/src/device/r4300/cp0.c.o
  [38/86] Building C object CMakeFiles/retropack-runtime-mupen64.dir/submodules/mupen64plus-next/mupen64plus-core/src/device/r4300/cp2.c.o
  [39/86] Building C object CMakeFiles/retropack-runtime-mupen64.dir/submodules/mupen64plus-next/mupen64plus-core/src/device/pif/pif.c.o
  [40/86] Building C object CMakeFiles/retropack-runtime-mupen64.dir/submodules/mupen64plus-next/mupen64plus-core/src/device/r4300/idec.c.o
  [41/86] Building C object CMakeFiles/retropack-runtime-mupen64.dir/submodules/mupen64plus-next/mupen64plus-core/src/device/r4300/interrupt.c.o
  [42/86] Building C object CMakeFiles/retropack-runtime-mupen64.dir/submodules/mupen64plus-next/mupen64plus-core/src/device/r4300/tlb.c.o
  [43/86] Building C object CMakeFiles/retropack-runtime-mupen64.dir/submodules/mupen64plus-next/mupen64plus-core/src/device/rcp/ai/ai_controller.c.o
  [44/86] Building C object CMakeFiles/retropack-runtime-mupen64.dir/submodules/mupen64plus-next/mupen64plus-core/src/device/r4300/r4300_core.c.o
  [45/86] Building C object CMakeFiles/retropack-runtime-mupen64.dir/submodules/mupen64plus-next/mupen64plus-core/src/device/rcp/mi/mi_controller.c.o
  [46/86] Building C object CMakeFiles/retropack-runtime-mupen64.dir/submodules/mupen64plus-next/mupen64plus-core/src/device/rcp/pi/pi_controller.c.o
  [47/86] Building C object CMakeFiles/retropack-runtime-mupen64.dir/submodules/mupen64plus-next/mupen64plus-core/src/device/rcp/ri/ri_controller.c.o
  [48/86] Building C object CMakeFiles/retropack-runtime-mupen64.dir/submodules/mupen64plus-next/mupen64plus-core/src/device/rcp/rdp/rdp_core.c.o
  [49/86] Building C object CMakeFiles/retropack-runtime-mupen64.dir/submodules/mupen64plus-next/mupen64plus-core/src/device/rcp/rdp/fb.c.o
  [50/86] Building C object CMakeFiles/retropack-runtime-mupen64.dir/submodules/mupen64plus-next/mupen64plus-core/src/device/rcp/si/si_controller.c.o
  [51/86] Building C object CMakeFiles/retropack-runtime-mupen64.dir/submodules/mupen64plus-next/mupen64plus-core/src/device/rdram/rdram.c.o
  [52/86] Building C object CMakeFiles/retropack-runtime-mupen64.dir/submodules/mupen64plus-next/mupen64plus-core/src/device/rcp/rsp/rsp_core.c.o
  [53/86] Building C object CMakeFiles/retropack-runtime-mupen64.dir/submodules/mupen64plus-next/mupen64plus-core/src/device/rcp/vi/vi_controller.c.o
  [54/86] Building C object CMakeFiles/retropack-runtime-mupen64.dir/submodules/mupen64plus-next/mupen64plus-core/src/main/cheat.c.o
  [55/86] Building C object CMakeFiles/retropack-runtime-mupen64.dir/submodules/mupen64plus-next/mupen64plus-core/src/main/rom.c.o
  [56/86] Building C object CMakeFiles/retropack-runtime-mupen64.dir/submodules/mupen64plus-next/mupen64plus-core/src/main/util.c.o
  [57/86] Building C object CMakeFiles/retropack-runtime-mupen64.dir/submodules/mupen64plus-next/mupen64plus-core/src/device/r4300/pure_interp.c.o
  [58/86] Building C object CMakeFiles/retropack-runtime-mupen64.dir/submodules/mupen64plus-next/mupen64plus-core/src/plugin/dummy_audio.c.o
  [59/86] Building C object CMakeFiles/retropack-runtime-mupen64.dir/submodules/mupen64plus-next/mupen64plus-core/src/main/main.c.o
  [60/86] Building C object CMakeFiles/retropack-runtime-mupen64.dir/submodules/mupen64plus-next/mupen64plus-core/src/plugin/dummy_input.c.o
  [61/86] Building C object CMakeFiles/retropack-runtime-mupen64.dir/submodules/mupen64plus-next/mupen64plus-core/src/osal/files_unix.c.o
  [62/86] Building C object CMakeFiles/retropack-runtime-mupen64.dir/submodules/mupen64plus-next/mupen64plus-core/src/plugin/plugin.c.o
  [63/86] Building C object CMakeFiles/retropack-runtime-mupen64.dir/submodules/mupen64plus-next/mupen64plus-core/src/osal/dynamiclib_unix.c.o
  [64/86] Building C object CMakeFiles/retropack-runtime-mupen64.dir/submodules/mupen64plus-next/mupen64plus-core/subprojects/md5/md5.c.o
  [65/86] Building C object CMakeFiles/retropack-runtime-mupen64.dir/submodules/mupen64plus-next/mupen64plus-core/subprojects/minizip/ioapi.c.o
  [66/86] Building C object CMakeFiles/retropack-runtime-mupen64.dir/submodules/mupen64plus-next/mupen64plus-rsp-hle/src/alist_audio.c.o
  [67/86] Building C object CMakeFiles/retropack-runtime-mupen64.dir/submodules/mupen64plus-next/mupen64plus-core/src/device/r4300/cached_interp.c.o
  [68/86] Building C object CMakeFiles/retropack-runtime-mupen64.dir/submodules/mupen64plus-next/mupen64plus-rsp-hle/src/alist.c.o
  [69/86] Building C object CMakeFiles/retropack-runtime-mupen64.dir/submodules/mupen64plus-next/mupen64plus-rsp-hle/src/alist_naudio.c.o
  [70/86] Building C object CMakeFiles/retropack-runtime-mupen64.dir/submodules/mupen64plus-next/mupen64plus-rsp-hle/src/alist_nead.c.o
  [71/86] Building C object CMakeFiles/retropack-runtime-mupen64.dir/submodules/mupen64plus-next/mupen64plus-rsp-hle/src/audio.c.o
  [72/86] Building C object CMakeFiles/retropack-runtime-mupen64.dir/submodules/mupen64plus-next/mupen64plus-rsp-hle/src/cicx105.c.o
  [73/86] Building C object CMakeFiles/retropack-runtime-mupen64.dir/submodules/mupen64plus-next/mupen64plus-core/subprojects/minizip/unzip.c.o
  [74/86] Building C object CMakeFiles/retropack-runtime-mupen64.dir/submodules/mupen64plus-next/mupen64plus-rsp-hle/src/hle.c.o
  [75/86] Building C object CMakeFiles/retropack-runtime-mupen64.dir/submodules/mupen64plus-next/mupen64plus-core/subprojects/minizip/zip.c.o
  [76/86] Building C object CMakeFiles/retropack-runtime-mupen64.dir/submodules/mupen64plus-next/mupen64plus-rsp-hle/src/hvqm.c.o
  [77/86] Building C object CMakeFiles/retropack-runtime-mupen64.dir/submodules/mupen64plus-next/mupen64plus-rsp-hle/src/memory.c.o
  [78/86] Building C object CMakeFiles/retropack-runtime-mupen64.dir/submodules/mupen64plus-next/mupen64plus-rsp-hle/src/plugin.c.o
  [79/86] Building C object CMakeFiles/retropack-runtime-mupen64.dir/submodules/mupen64plus-next/mupen64plus-core/src/main/savestates.c.o
  [80/86] Building C object CMakeFiles/retropack-runtime-mupen64.dir/submodules/mupen64plus-next/mupen64plus-rsp-hle/src/jpeg.c.o
  [81/86] Building C object CMakeFiles/retropack-runtime-mupen64.dir/submodules/mupen64plus-next/mupen64plus-rsp-hle/src/re2.c.o
  [82/86] Building C object CMakeFiles/retropack-runtime-mupen64.dir/submodules/mupen64plus-next/mupen64plus-rsp-hle/src/mp3.c.o
  [83/86] Building C object CMakeFiles/retropack-runtime-mupen64.dir/submodules/mupen64plus-next/mupen64plus-rsp-hle/src/musyx.c.o
  [84/86] Building C object CMakeFiles/retropack-runtime-mupen64.dir/submodules/mupen64plus-next/mupen64plus-video-angrylion/interface.c.o
  [85/86] Building C object CMakeFiles/retropack-runtime-mupen64.dir/submodules/mupen64plus-next/mupen64plus-video-angrylion/n64video.c.o
  FAILED: CMakeFiles/retropack-runtime-mupen64.dir/submodules/mupen64plus-next/mupen64plus-video-angrylion/n64video.c.o 
  /usr/local/lib/android/sdk/ndk/27.0.12077973/toolchains/llvm/prebuilt/linux-x86_64/bin/clang --target=aarch64-none-linux-android26 --sysroot=/usr/local/lib/android/sdk/ndk/27.0.12077973/toolchains/llvm/prebuilt/linux-x86_64/sysroot -DCORE_NAME=\"mupen64plus\" -DHAVE_MUPEN64_CORE=1 -DINLINE=inline -DM64P_CORE_PROTOTYPES=1 -DM64P_STATIC_CORE=1 -DNO_ASM=1 -DNO_MD5=1 -D__LIBRETRO__=1 -Dretropack_runtime_mupen64_EXPORTS -I/home/runner/work/retro-manager/retro-manager/runtime/retropack-runtime-mupen64/src/main/cpp -I/home/runner/work/retro-manager/retro-manager/runtime/retropack-runtime-mupen64/submodules/mupen64plus-next -I/home/runner/work/retro-manager/retro-manager/runtime/retropack-runtime-mupen64/submodules/mupen64plus-next/custom -I/home/runner/work/retro-manager/retro-manager/runtime/retropack-runtime-mupen64/submodules/mupen64plus-next/custom/mupen64plus-core -I/home/runner/work/retro-manager/retro-manager/runtime/retropack-runtime-mupen64/submodules/mupen64plus-next/custom/android/include -I/home/runner/work/retro-manager/retro-manager/runtime/retropack-runtime-mupen64/submodules/mupen64plus-next/mupen64plus-core/src -I/home/runner/work/retro-manager/retro-manager/runtime/retropack-runtime-mupen64/submodules/mupen64plus-next/mupen64plus-core/src/api -I/home/runner/work/retro-manager/retro-manager/runtime/retropack-runtime-mupen64/submodules/mupen64plus-next/mupen64plus-core/src/osal -I/home/runner/work/retro-manager/retro-manager/runtime/retropack-runtime-mupen64/submodules/mupen64plus-next/mupen64plus-core/subprojects/md5 -I/home/runner/work/retro-manager/retro-manager/runtime/retropack-runtime-mupen64/submodules/mupen64plus-next/mupen64plus-core/subprojects/xxhash -I/home/runner/work/retro-manager/retro-manager/runtime/retropack-runtime-mupen64/submodules/mupen64plus-next/mupen64plus-core/subprojects/minizip -I/home/runner/work/retro-manager/retro-manager/runtime/retropack-runtime-mupen64/submodules/mupen64plus-next/xxHash -I/home/runner/work/retro-manager/retro-manager/runtime/retropack-runtime-mupen64/submodules/mupen64plus-next/mupen64plus-rsp-hle/src -I/home/runner/work/retro-manager/retro-manager/runtime/retropack-runtime-mupen64/submodules/mupen64plus-next/mupen64plus-video-angrylion -I/home/runner/work/retro-manager/retro-manager/runtime/retropack-runtime-mupen64/submodules/mupen64plus-next/mupen64plus-video-angrylion/n64video -I/home/runner/work/retro-manager/retro-manager/runtime/retropack-runtime-mupen64/submodules/mupen64plus-next/libretro-common/include -I/home/runner/work/retro-manager/retro-manager/runtime/retropack-runtime-mupen64/submodules/mupen64plus-next/libretro -I/home/runner/work/retro-manager/retro-manager/runtime/retropack-runtime-mupen64/submodules/mupen64plus-next/libretro/include -g -DANDROID -fdata-sections -ffunction-sections -funwind-tables -fstack-protector-strong -no-canonical-prefixes -D_FORTIFY_SOURCE=2 -Wformat -Werror=format-security  -fno-limit-debug-info  -fPIC -w -std=gnu11 -MD -MT CMakeFiles/retropack-runtime-mupen64.dir/submodules/mupen64plus-next/mupen64plus-video-angrylion/n64video.c.o -MF CMakeFiles/retropack-runtime-mupen64.dir/submodules/mupen64plus-next/mupen64plus-video-angrylion/n64video.c.o.d -o CMakeFiles/retropack-runtime-mupen64.dir/submodules/mupen64plus-next/mupen64plus-video-angrylion/n64video.c.o -c /home/runner/work/retro-manager/retro-manager/runtime/retropack-runtime-mupen64/submodules/mupen64plus-next/mupen64plus-video-angrylion/n64video.c
  In file included from /home/runner/work/retro-manager/retro-manager/runtime/retropack-runtime-mupen64/submodules/mupen64plus-next/mupen64plus-video-angrylion/n64video.c:116:
  In file included from /home/runner/work/retro-manager/retro-manager/runtime/retropack-runtime-mupen64/submodules/mupen64plus-next/mupen64plus-video-angrylion/n64video/rdp.c:469:
  /home/runner/work/retro-manager/retro-manager/runtime/retropack-runtime-mupen64/submodules/mupen64plus-next/mupen64plus-video-angrylion/n64video/rdp/tcoord.c:35:61: error: expected ')'
     35 | static STRICTINLINE void tcmask_copy(uint32_t wid, int32_t* S, int32_t* S1, int32_t* S2, int32_t* S3, int32_t* T, int32_t num)
        |                                                             ^
  /home/runner/work/retro-manager/retro-manager/runtime/retropack-runtime-mupen64/submodules/mupen64plus-next/mupen64plus-rsp-hle/src/memory.h:37:11: note: expanded from macro 'S'
     37 | #define S 1
        |           ^
  /home/runner/work/retro-manager/retro-manager/runtime/retropack-runtime-mupen64/submodules/mupen64plus-next/mupen64plus-video-angrylion/n64video/rdp/tcoord.c:35:37: note: to match this '('
     35 | static STRICTINLINE void tcmask_copy(uint32_t wid, int32_t* S, int32_t* S1, int32_t* S2, int32_t* S3, int32_t* T, int32_t num)
        |                                     ^
  /home/runner/work/retro-manager/retro-manager/runtime/retropack-runtime-mupen64/submodules/mupen64plus-next/mupen64plus-video-angrylion/n64video/rdp/tcoord.c:41:25: error: use of undeclared identifier 'num'
     41 |     if (state[wid].tile[num].mask_s)
        |                         ^
  /home/runner/work/retro-manager/retro-manager/runtime/retropack-runtime-mupen64/submodules/mupen64plus-next/mupen64plus-video-angrylion/n64video/rdp/tcoord.c:43:29: error: use of undeclared identifier 'num'
     43 |         if (state[wid].tile[num].ms)
        |                             ^
  /home/runner/work/retro-manager/retro-manager/runtime/retropack-runtime-mupen64/submodules/mupen64plus-next/mupen64plus-video-angrylion/n64video/rdp/tcoord.c:45:46: error: use of undeclared identifier 'num'
     45 |             swrapthreshold = state[wid].tile[num].f.masksclamped;
        |                                              ^
  /home/runner/work/retro-manager/retro-manager/runtime/retropack-runtime-mupen64/submodules/mupen64plus-next/mupen64plus-video-angrylion/n64video/rdp/tcoord.c:47:21: error: indirection requires pointer operand ('int' invalid)
     47 |             wrap = (*S >> swrapthreshold) & 1;
        |                     ^~
  /home/runner/work/retro-manager/retro-manager/runtime/retropack-runtime-mupen64/submodules/mupen64plus-next/mupen64plus-video-angrylion/n64video/rdp/tcoord.c:48:13: error: indirection requires pointer operand ('int' invalid)
     48 |             *S ^= (-wrap);
        |             ^~
  /home/runner/work/retro-manager/retro-manager/runtime/retropack-runtime-mupen64/submodules/mupen64plus-next/mupen64plus-video-angrylion/n64video/rdp/tcoord.c:50:22: error: use of undeclared identifier 'S1'
     50 |             wrap = (*S1 >> swrapthreshold) & 1;
        |                      ^
  /home/runner/work/retro-manager/retro-manager/runtime/retropack-runtime-mupen64/submodules/mupen64plus-next/mupen64plus-video-angrylion/n64video/rdp/tcoord.c:51:14: error: use of undeclared identifier 'S1'
     51 |             *S1 ^= (-wrap);
        |              ^
  /home/runner/work/retro-manager/retro-manager/runtime/retropack-runtime-mupen64/submodules/mupen64plus-next/mupen64plus-video-angrylion/n64video/rdp/tcoord.c:53:22: error: use of undeclared identifier 'S2'
     53 |             wrap = (*S2 >> swrapthreshold) & 1;
        |                      ^
  /home/runner/work/retro-manager/retro-manager/runtime/retropack-runtime-mupen64/submodules/mupen64plus-next/mupen64plus-video-angrylion/n64video/rdp/tcoord.c:54:14: error: use of undeclared identifier 'S2'
     54 |             *S2 ^= (-wrap);
        |              ^
  /home/runner/work/retro-manager/retro-manager/runtime/retropack-runtime-mupen64/submodules/mupen64plus-next/mupen64plus-video-angrylion/n64video/rdp/tcoord.c:56:22: error: use of undeclared identifier 'S3'
     56 |             wrap = (*S3 >> swrapthreshold) & 1;
        |                      ^
  /home/runner/work/retro-manager/retro-manager/runtime/retropack-runtime-mupen64/submodules/mupen64plus-next/mupen64plus-video-angrylion/n64video/rdp/tcoord.c:57:14: error: use of undeclared identifier 'S3'
     57 |             *S3 ^= (-wrap);
        |              ^
  /home/runner/work/retro-manager/retro-manager/runtime/retropack-runtime-mupen64/submodules/mupen64plus-next/mupen64plus-video-angrylion/n64video/rdp/tcoord.c:60:53: error: use of undeclared identifier 'num'
     60 |         maskbits_s = maskbits_table[state[wid].tile[num].mask_s];
        |                                                     ^
  /home/runner/work/retro-manager/retro-manager/runtime/retropack-runtime-mupen64/submodules/mupen64plus-next/mupen64plus-video-angrylion/n64video/rdp/tcoord.c:61:9: error: indirection requires pointer operand ('int' invalid)
     61 |         *S &= maskbits_s;
        |         ^~
  /home/runner/work/retro-manager/retro-manager/runtime/retropack-runtime-mupen64/submodules/mupen64plus-next/mupen64plus-video-angrylion/n64video/rdp/tcoord.c:62:10: error: use of undeclared identifier 'S1'
     62 |         *S1 &= maskbits_s;
        |          ^
  /home/runner/work/retro-manager/retro-manager/runtime/retropack-runtime-mupen64/submodules/mupen64plus-next/mupen64plus-video-angrylion/n64video/rdp/tcoord.c:63:10: error: use of undeclared identifier 'S2'
     63 |         *S2 &= maskbits_s;
        |          ^
  /home/runner/work/retro-manager/retro-manager/runtime/retropack-runtime-mupen64/submodules/mupen64plus-next/mupen64plus-video-angrylion/n64video/rdp/tcoord.c:64:10: error: use of undeclared identifier 'S3'
     64 |         *S3 &= maskbits_s;
        |          ^
  /home/runner/work/retro-manager/retro-manager/runtime/retropack-runtime-mupen64/submodules/mupen64plus-next/mupen64plus-video-angrylion/n64video/rdp/tcoord.c:67:25: error: use of undeclared identifier 'num'
     67 |     if (state[wid].tile[num].mask_t)
        |                         ^
  /home/runner/work/retro-manager/retro-manager/runtime/retropack-runtime-mupen64/submodules/mupen64plus-next/mupen64plus-video-angrylion/n64video/rdp/tcoord.c:69:29: error: use of undeclared identifier 'num'
     69 |         if (state[wid].tile[num].mt)
        |                             ^
  fatal error: too many errors emitted, stopping now [-ferror-limit=]
  20 errors generated.
  ninja: build stopped: subcommand failed.
  
  C++ build system [build] failed while executing:
      /usr/local/lib/android/sdk/cmake/3.22.1/bin/ninja \
        -C \
        /home/runner/work/retro-manager/retro-manager/runtime/retropack-runtime-mupen64/.cxx/Debug/1k4d283o/arm64-v8a \
        retropack-runtime-mupen64
    from /home/runner/work/retro-manager/retro-manager/runtime/retropack-runtime-mupen64

* Try:
> Run with --info or --debug option to get more log output.
> Run with --scan to get full insights from a Build Scan (powered by Develocity).
> Get more help at https://help.gradle.org.

* Exception is:
org.gradle.api.tasks.TaskExecutionException: Execution failed for task ':runtime:retropack-runtime-mupen64:buildCMakeDebug[arm64-v8a]' (registered by plugin 'com.android.internal.library').
	at org.gradle.api.internal.tasks.execution.ExecuteActionsTaskExecuter.lambda$executeIfValid$1(ExecuteActionsTaskExecuter.java:135)
	at org.gradle.internal.Try$Failure.ifSuccessfulOrElse(Try.java:288)
	at org.gradle.api.internal.tasks.execution.ExecuteActionsTaskExecuter.executeIfValid(ExecuteActionsTaskExecuter.java:133)
	at org.gradle.api.internal.tasks.execution.ExecuteActionsTaskExecuter.execute(ExecuteActionsTaskExecuter.java:121)
	at org.gradle.api.internal.tasks.execution.ProblemsTaskPathTrackingTaskExecuter.execute(ProblemsTaskPathTrackingTaskExecuter.java:41)
	at org.gradle.api.internal.tasks.execution.ResolveTaskExecutionModeExecuter.execute(ResolveTaskExecutionModeExecuter.java:51)
	at org.gradle.api.internal.tasks.execution.FinalizePropertiesTaskExecuter.execute(FinalizePropertiesTaskExecuter.java:46)
	at org.gradle.api.internal.tasks.execution.SkipTaskWithNoActionsExecuter.execute(SkipTaskWithNoActionsExecuter.java:57)
	at org.gradle.api.internal.tasks.execution.SkipOnlyIfTaskExecuter.execute(SkipOnlyIfTaskExecuter.java:74)
	at org.gradle.api.internal.tasks.execution.CatchExceptionTaskExecuter.execute(CatchExceptionTaskExecuter.java:36)
	at org.gradle.api.internal.tasks.execution.EventFiringTaskExecuter$1.executeTask(EventFiringTaskExecuter.java:77)
	at org.gradle.api.internal.tasks.execution.EventFiringTaskExecuter$1.call(EventFiringTaskExecuter.java:55)
	at org.gradle.api.internal.tasks.execution.EventFiringTaskExecuter$1.call(EventFiringTaskExecuter.java:52)
	at org.gradle.internal.operations.DefaultBuildOperationRunner$CallableBuildOperationWorker.execute(DefaultBuildOperationRunner.java:210)
	at org.gradle.internal.operations.DefaultBuildOperationRunner$CallableBuildOperationWorker.execute(DefaultBuildOperationRunner.java:205)
	at org.gradle.internal.operations.DefaultBuildOperationRunner$2.execute(DefaultBuildOperationRunner.java:67)
	at org.gradle.internal.operations.DefaultBuildOperationRunner$2.execute(DefaultBuildOperationRunner.java:60)
	at org.gradle.internal.operations.DefaultBuildOperationRunner.execute(DefaultBuildOperationRunner.java:167)
	at org.gradle.internal.operations.DefaultBuildOperationRunner.execute(DefaultBuildOperationRunner.java:60)
	at org.gradle.internal.operations.DefaultBuildOperationRunner.call(DefaultBuildOperationRunner.java:54)
	at org.gradle.api.internal.tasks.execution.EventFiringTaskExecuter.execute(EventFiringTaskExecuter.java:52)
	at org.gradle.execution.plan.DefaultNodeExecutor.executeLocalTaskNode(DefaultNodeExecutor.java:55)
	at org.gradle.execution.plan.DefaultNodeExecutor.execute(DefaultNodeExecutor.java:34)
	at org.gradle.execution.taskgraph.DefaultTaskExecutionGraph$InvokeNodeExecutorsAction.execute(DefaultTaskExecutionGraph.java:355)
	at org.gradle.execution.taskgraph.DefaultTaskExecutionGraph$InvokeNodeExecutorsAction.execute(DefaultTaskExecutionGraph.java:343)
	at org.gradle.execution.taskgraph.DefaultTaskExecutionGraph$BuildOperationAwareExecutionAction.lambda$execute$0(DefaultTaskExecutionGraph.java:339)
	at org.gradle.internal.operations.CurrentBuildOperationRef.with(CurrentBuildOperationRef.java:84)
	at org.gradle.execution.taskgraph.DefaultTaskExecutionGraph$BuildOperationAwareExecutionAction.execute(DefaultTaskExecutionGraph.java:339)
	at org.gradle.execution.taskgraph.DefaultTaskExecutionGraph$BuildOperationAwareExecutionAction.execute(DefaultTaskExecutionGraph.java:328)
	at org.gradle.execution.plan.DefaultPlanExecutor$ExecutorWorker.execute(DefaultPlanExecutor.java:459)
	at org.gradle.execution.plan.DefaultPlanExecutor$ExecutorWorker.run(DefaultPlanExecutor.java:376)
	at org.gradle.execution.plan.DefaultPlanExecutor.process(DefaultPlanExecutor.java:111)
	at org.gradle.execution.taskgraph.DefaultTaskExecutionGraph.executeWithServices(DefaultTaskExecutionGraph.java:146)
	at org.gradle.execution.taskgraph.DefaultTaskExecutionGraph.execute(DefaultTaskExecutionGraph.java:131)
	at org.gradle.execution.SelectedTaskExecutionAction.execute(SelectedTaskExecutionAction.java:35)
	at org.gradle.execution.BuildOperationFiringBuildWorkerExecutor$ExecuteTasks.call(BuildOperationFiringBuildWorkerExecutor.java:54)
	at org.gradle.execution.BuildOperationFiringBuildWorkerExecutor$ExecuteTasks.call(BuildOperationFiringBuildWorkerExecutor.java:43)
	at org.gradle.internal.operations.DefaultBuildOperationRunner$CallableBuildOperationWorker.execute(DefaultBuildOperationRunner.java:210)
	at org.gradle.internal.operations.DefaultBuildOperationRunner$CallableBuildOperationWorker.execute(DefaultBuildOperationRunner.java:205)
	at org.gradle.internal.operations.DefaultBuildOperationRunner$2.execute(DefaultBuildOperationRunner.java:67)
	at org.gradle.internal.operations.DefaultBuildOperationRunner$2.execute(DefaultBuildOperationRunner.java:60)
	at org.gradle.internal.operations.DefaultBuildOperationRunner.execute(DefaultBuildOperationRunner.java:167)
	at org.gradle.internal.operations.DefaultBuildOperationRunner.execute(DefaultBuildOperationRunner.java:60)
	at org.gradle.internal.operations.DefaultBuildOperationRunner.call(DefaultBuildOperationRunner.java:54)
	at org.gradle.execution.BuildOperationFiringBuildWorkerExecutor.execute(BuildOperationFiringBuildWorkerExecutor.java:40)
	at org.gradle.internal.build.DefaultBuildLifecycleController.lambda$executeTasks$11(DefaultBuildLifecycleController.java:323)
	at org.gradle.internal.model.StateTransitionController.doTransition(StateTransitionController.java:304)
	at org.gradle.internal.model.StateTransitionController.lambda$tryTransition$9(StateTransitionController.java:215)
	at org.gradle.internal.work.DefaultSynchronizer.withLock(DefaultSynchronizer.java:45)
	at org.gradle.internal.model.StateTransitionController.tryTransition(StateTransitionController.java:215)
	at org.gradle.internal.build.DefaultBuildLifecycleController.executeTasks(DefaultBuildLifecycleController.java:314)
	at org.gradle.internal.build.DefaultBuildWorkGraphController$DefaultBuildWorkGraph.runWork(DefaultBuildWorkGraphController.java:220)
	at org.gradle.internal.work.DefaultWorkerLeaseService.lambda$runAndReleaseLocks$0(DefaultWorkerLeaseService.java:300)
	at org.gradle.internal.work.ResourceLockStatistics$1.measure(ResourceLockStatistics.java:43)
	at org.gradle.internal.work.DefaultWorkerLeaseService.runAndReleaseLocks(DefaultWorkerLeaseService.java:298)
	at org.gradle.internal.work.DefaultWorkerLeaseService.withLocksAcquired(DefaultWorkerLeaseService.java:294)
	at org.gradle.internal.work.DefaultWorkerLeaseService.withLocks(DefaultWorkerLeaseService.java:286)
	at org.gradle.internal.work.DefaultWorkerLeaseService.runAsWorkerThread(DefaultWorkerLeaseService.java:130)
	at org.gradle.composite.internal.DefaultBuildController.doRun(DefaultBuildController.java:182)
	at org.gradle.composite.internal.DefaultBuildController$BuildOpRunnable.lambda$run$0(DefaultBuildController.java:199)
	at org.gradle.internal.operations.CurrentBuildOperationRef.with(CurrentBuildOperationRef.java:84)
	at org.gradle.composite.internal.DefaultBuildController$BuildOpRunnable.run(DefaultBuildController.java:199)
	at org.gradle.internal.concurrent.ExecutorPolicy$CatchAndRecordFailures.onExecute(ExecutorPolicy.java:64)
	at org.gradle.internal.concurrent.AbstractManagedExecutor$1.run(AbstractManagedExecutor.java:47)
Caused by: org.gradle.internal.UncheckedException: com.android.ide.common.process.ProcessException: ninja: Entering directory `/home/runner/work/retro-manager/retro-manager/runtime/retropack-runtime-mupen64/.cxx/Debug/1k4d283o/arm64-v8a'
[1/86] Building C object CMakeFiles/retropack-runtime-mupen64.dir/src/main/cpp/ringbuffer.c.o
[2/86] Building C object CMakeFiles/retropack-runtime-mupen64.dir/submodules/mupen64plus-next/mupen64plus-core/src/api/callbacks.c.o
[3/86] Building C object CMakeFiles/retropack-runtime-mupen64.dir/src/main/cpp/mupen64-jni.c.o
[4/86] Building C object CMakeFiles/retropack-runtime-mupen64.dir/submodules/mupen64plus-next/mupen64plus-core/src/api/frontend.c.o
[5/86] Building C object CMakeFiles/retropack-runtime-mupen64.dir/submodules/mupen64plus-next/mupen64plus-core/src/api/debugger.c.o
[6/86] Building C object CMakeFiles/retropack-runtime-mupen64.dir/submodules/mupen64plus-next/mupen64plus-core/src/backends/api/video_capture_backend.c.o
[7/86] Building C object CMakeFiles/retropack-runtime-mupen64.dir/submodules/mupen64plus-next/mupen64plus-core/src/backends/clock_ctime_plus_delta.c.o
[8/86] Building C object CMakeFiles/retropack-runtime-mupen64.dir/submodules/mupen64plus-next/custom/mupen64plus-core/api/config.c.o
[9/86] Building C object CMakeFiles/retropack-runtime-mupen64.dir/submodules/mupen64plus-next/mupen64plus-core/src/backends/plugins_compat/audio_plugin_compat.c.o
[10/86] Building C object CMakeFiles/retropack-runtime-mupen64.dir/submodules/mupen64plus-next/mupen64plus-core/src/backends/plugins_compat/input_plugin_compat.c.o
[11/86] Building C object CMakeFiles/retropack-runtime-mupen64.dir/submodules/mupen64plus-next/mupen64plus-core/src/backends/dummy_video_capture.c.o
[12/86] Building C object CMakeFiles/retropack-runtime-mupen64.dir/submodules/mupen64plus-next/mupen64plus-core/src/device/cart/af_rtc.c.o
[13/86] Building C object CMakeFiles/retropack-runtime-mupen64.dir/submodules/mupen64plus-next/mupen64plus-core/src/device/cart/eeprom.c.o
[14/86] Building C object CMakeFiles/retropack-runtime-mupen64.dir/submodules/mupen64plus-next/mupen64plus-core/src/backends/file_storage.c.o
[15/86] Building C object CMakeFiles/retropack-runtime-mupen64.dir/submodules/mupen64plus-next/mupen64plus-core/src/device/cart/cart_rom.c.o
[16/86] Building C object CMakeFiles/retropack-runtime-mupen64.dir/submodules/mupen64plus-next/mupen64plus-core/src/device/cart/cart.c.o
[17/86] Building C object CMakeFiles/retropack-runtime-mupen64.dir/submodules/mupen64plus-next/mupen64plus-core/src/device/cart/is_viewer.c.o
[18/86] Building C object CMakeFiles/retropack-runtime-mupen64.dir/submodules/mupen64plus-next/mupen64plus-core/src/device/cart/sram.c.o
[19/86] Building C object CMakeFiles/retropack-runtime-mupen64.dir/submodules/mupen64plus-next/mupen64plus-core/src/device/cart/flashram.c.o
[20/86] Building C object CMakeFiles/retropack-runtime-mupen64.dir/submodules/mupen64plus-next/mupen64plus-core/src/device/controllers/game_controller.c.o
[21/86] Building C object CMakeFiles/retropack-runtime-mupen64.dir/submodules/mupen64plus-next/mupen64plus-core/src/device/controllers/paks/biopak.c.o
[22/86] Building C object CMakeFiles/retropack-runtime-mupen64.dir/submodules/mupen64plus-next/mupen64plus-core/src/device/controllers/paks/transferpak.c.o
[23/86] Building C object CMakeFiles/retropack-runtime-mupen64.dir/submodules/mupen64plus-next/mupen64plus-core/src/device/controllers/vru_controller.c.o
[24/86] Building C object CMakeFiles/retropack-runtime-mupen64.dir/submodules/mupen64plus-next/mupen64plus-core/src/device/controllers/paks/rumblepak.c.o
[25/86] Building C object CMakeFiles/retropack-runtime-mupen64.dir/submodules/mupen64plus-next/mupen64plus-core/src/device/controllers/paks/mempak.c.o
[26/86] Building C object CMakeFiles/retropack-runtime-mupen64.dir/submodules/mupen64plus-next/mupen64plus-core/src/device/device.c.o
[27/86] Building C object CMakeFiles/retropack-runtime-mupen64.dir/submodules/mupen64plus-next/mupen64plus-core/src/device/gb/gb_cart.c.o
[28/86] Building C object CMakeFiles/retropack-runtime-mupen64.dir/submodules/mupen64plus-next/mupen64plus-core/src/device/gb/mbc3_rtc.c.o
[29/86] Building C object CMakeFiles/retropack-runtime-mupen64.dir/submodules/mupen64plus-next/mupen64plus-core/src/device/gb/m64282fp.c.o
[30/86] Building C object CMakeFiles/retropack-runtime-mupen64.dir/submodules/mupen64plus-next/mupen64plus-core/src/device/pif/n64_cic_nus_6105.c.o
[31/86] Building C object CMakeFiles/retropack-runtime-mupen64.dir/submodules/mupen64plus-next/mupen64plus-core/src/device/dd/dd_controller.c.o
[32/86] Building C object CMakeFiles/retropack-runtime-mupen64.dir/submodules/mupen64plus-next/mupen64plus-core/src/device/dd/disk.c.o
[33/86] Building C object CMakeFiles/retropack-runtime-mupen64.dir/submodules/mupen64plus-next/mupen64plus-core/src/device/pif/bootrom_hle.c.o
[34/86] Building C object CMakeFiles/retropack-runtime-mupen64.dir/submodules/mupen64plus-next/mupen64plus-core/src/device/pif/cic.c.o
[35/86] Building C object CMakeFiles/retropack-runtime-mupen64.dir/submodules/mupen64plus-next/mupen64plus-core/src/device/memory/memory.c.o
[36/86] Building C object CMakeFiles/retropack-runtime-mupen64.dir/submodules/mupen64plus-next/mupen64plus-core/src/device/r4300/cp1.c.o
[37/86] Building C object CMakeFiles/retropack-runtime-mupen64.dir/submodules/mupen64plus-next/mupen64plus-core/src/device/r4300/cp0.c.o
[38/86] Building C object CMakeFiles/retropack-runtime-mupen64.dir/submodules/mupen64plus-next/mupen64plus-core/src/device/r4300/cp2.c.o
[39/86] Building C object CMakeFiles/retropack-runtime-mupen64.dir/submodules/mupen64plus-next/mupen64plus-core/src/device/pif/pif.c.o
[40/86] Building C object CMakeFiles/retropack-runtime-mupen64.dir/submodules/mupen64plus-next/mupen64plus-core/src/device/r4300/idec.c.o
[41/86] Building C object CMakeFiles/retropack-runtime-mupen64.dir/submodules/mupen64plus-next/mupen64plus-core/src/device/r4300/interrupt.c.o
[42/86] Building C object CMakeFiles/retropack-runtime-mupen64.dir/submodules/mupen64plus-next/mupen64plus-core/src/device/r4300/tlb.c.o
[43/86] Building C object CMakeFiles/retropack-runtime-mupen64.dir/submodules/mupen64plus-next/mupen64plus-core/src/device/rcp/ai/ai_controller.c.o
[44/86] Building C object CMakeFiles/retropack-runtime-mupen64.dir/submodules/mupen64plus-next/mupen64plus-core/src/device/r4300/r4300_core.c.o
[45/86] Building C object CMakeFiles/retropack-runtime-mupen64.dir/submodules/mupen64plus-next/mupen64plus-core/src/device/rcp/mi/mi_controller.c.o
[46/86] Building C object CMakeFiles/retropack-runtime-mupen64.dir/submodules/mupen64plus-next/mupen64plus-core/src/device/rcp/pi/pi_controller.c.o
[47/86] Building C object CMakeFiles/retropack-runtime-mupen64.dir/submodules/mupen64plus-next/mupen64plus-core/src/device/rcp/ri/ri_controller.c.o
[48/86] Building C object CMakeFiles/retropack-runtime-mupen64.dir/submodules/mupen64plus-next/mupen64plus-core/src/device/rcp/rdp/rdp_core.c.o
[49/86] Building C object CMakeFiles/retropack-runtime-mupen64.dir/submodules/mupen64plus-next/mupen64plus-core/src/device/rcp/rdp/fb.c.o
[50/86] Building C object CMakeFiles/retropack-runtime-mupen64.dir/submodules/mupen64plus-next/mupen64plus-core/src/device/rcp/si/si_controller.c.o
[51/86] Building C object CMakeFiles/retropack-runtime-mupen64.dir/submodules/mupen64plus-next/mupen64plus-core/src/device/rdram/rdram.c.o
[52/86] Building C object CMakeFiles/retropack-runtime-mupen64.dir/submodules/mupen64plus-next/mupen64plus-core/src/device/rcp/rsp/rsp_core.c.o
[53/86] Building C object CMakeFiles/retropack-runtime-mupen64.dir/submodules/mupen64plus-next/mupen64plus-core/src/device/rcp/vi/vi_controller.c.o
[54/86] Building C object CMakeFiles/retropack-runtime-mupen64.dir/submodules/mupen64plus-next/mupen64plus-core/src/main/cheat.c.o
[55/86] Building C object CMakeFiles/retropack-runtime-mupen64.dir/submodules/mupen64plus-next/mupen64plus-core/src/main/rom.c.o
[56/86] Building C object CMakeFiles/retropack-runtime-mupen64.dir/submodules/mupen64plus-next/mupen64plus-core/src/main/util.c.o
[57/86] Building C object CMakeFiles/retropack-runtime-mupen64.dir/submodules/mupen64plus-next/mupen64plus-core/src/device/r4300/pure_interp.c.o
[58/86] Building C object CMakeFiles/retropack-runtime-mupen64.dir/submodules/mupen64plus-next/mupen64plus-core/src/plugin/dummy_audio.c.o
[59/86] Building C object CMakeFiles/retropack-runtime-mupen64.dir/submodules/mupen64plus-next/mupen64plus-core/src/main/main.c.o
[60/86] Building C object CMakeFiles/retropack-runtime-mupen64.dir/submodules/mupen64plus-next/mupen64plus-core/src/plugin/dummy_input.c.o
[61/86] Building C object CMakeFiles/retropack-runtime-mupen64.dir/submodules/mupen64plus-next/mupen64plus-core/src/osal/files_unix.c.o
[62/86] Building C object CMakeFiles/retropack-runtime-mupen64.dir/submodules/mupen64plus-next/mupen64plus-core/src/plugin/plugin.c.o
[63/86] Building C object CMakeFiles/retropack-runtime-mupen64.dir/submodules/mupen64plus-next/mupen64plus-core/src/osal/dynamiclib_unix.c.o
[64/86] Building C object CMakeFiles/retropack-runtime-mupen64.dir/submodules/mupen64plus-next/mupen64plus-core/subprojects/md5/md5.c.o
[65/86] Building C object CMakeFiles/retropack-runtime-mupen64.dir/submodules/mupen64plus-next/mupen64plus-core/subprojects/minizip/ioapi.c.o
[66/86] Building C object CMakeFiles/retropack-runtime-mupen64.dir/submodules/mupen64plus-next/mupen64plus-rsp-hle/src/alist_audio.c.o
[67/86] Building C object CMakeFiles/retropack-runtime-mupen64.dir/submodules/mupen64plus-next/mupen64plus-core/src/device/r4300/cached_interp.c.o
[68/86] Building C object CMakeFiles/retropack-runtime-mupen64.dir/submodules/mupen64plus-next/mupen64plus-rsp-hle/src/alist.c.o
[69/86] Building C object CMakeFiles/retropack-runtime-mupen64.dir/submodules/mupen64plus-next/mupen64plus-rsp-hle/src/alist_naudio.c.o
[70/86] Building C object CMakeFiles/retropack-runtime-mupen64.dir/submodules/mupen64plus-next/mupen64plus-rsp-hle/src/alist_nead.c.o
[71/86] Building C object CMakeFiles/retropack-runtime-mupen64.dir/submodules/mupen64plus-next/mupen64plus-rsp-hle/src/audio.c.o
[72/86] Building C object CMakeFiles/retropack-runtime-mupen64.dir/submodules/mupen64plus-next/mupen64plus-rsp-hle/src/cicx105.c.o
[73/86] Building C object CMakeFiles/retropack-runtime-mupen64.dir/submodules/mupen64plus-next/mupen64plus-core/subprojects/minizip/unzip.c.o
[74/86] Building C object CMakeFiles/retropack-runtime-mupen64.dir/submodules/mupen64plus-next/mupen64plus-rsp-hle/src/hle.c.o
[75/86] Building C object CMakeFiles/retropack-runtime-mupen64.dir/submodules/mupen64plus-next/mupen64plus-core/subprojects/minizip/zip.c.o
[76/86] Building C object CMakeFiles/retropack-runtime-mupen64.dir/submodules/mupen64plus-next/mupen64plus-rsp-hle/src/hvqm.c.o
[77/86] Building C object CMakeFiles/retropack-runtime-mupen64.dir/submodules/mupen64plus-next/mupen64plus-rsp-hle/src/memory.c.o
[78/86] Building C object CMakeFiles/retropack-runtime-mupen64.dir/submodules/mupen64plus-next/mupen64plus-rsp-hle/src/plugin.c.o
[79/86] Building C object CMakeFiles/retropack-runtime-mupen64.dir/submodules/mupen64plus-next/mupen64plus-core/src/main/savestates.c.o
[80/86] Building C object CMakeFiles/retropack-runtime-mupen64.dir/submodules/mupen64plus-next/mupen64plus-rsp-hle/src/jpeg.c.o
[81/86] Building C object CMakeFiles/retropack-runtime-mupen64.dir/submodules/mupen64plus-next/mupen64plus-rsp-hle/src/re2.c.o
[82/86] Building C object CMakeFiles/retropack-runtime-mupen64.dir/submodules/mupen64plus-next/mupen64plus-rsp-hle/src/mp3.c.o
[83/86] Building C object CMakeFiles/retropack-runtime-mupen64.dir/submodules/mupen64plus-next/mupen64plus-rsp-hle/src/musyx.c.o
[84/86] Building C object CMakeFiles/retropack-runtime-mupen64.dir/submodules/mupen64plus-next/mupen64plus-video-angrylion/interface.c.o
[85/86] Building C object CMakeFiles/retropack-runtime-mupen64.dir/submodules/mupen64plus-next/mupen64plus-video-angrylion/n64video.c.o
FAILED: CMakeFiles/retropack-runtime-mupen64.dir/submodules/mupen64plus-next/mupen64plus-video-angrylion/n64video.c.o 
/usr/local/lib/android/sdk/ndk/27.0.12077973/toolchains/llvm/prebuilt/linux-x86_64/bin/clang --target=aarch64-none-linux-android26 --sysroot=/usr/local/lib/android/sdk/ndk/27.0.12077973/toolchains/llvm/prebuilt/linux-x86_64/sysroot -DCORE_NAME=\"mupen64plus\" -DHAVE_MUPEN64_CORE=1 -DINLINE=inline -DM64P_CORE_PROTOTYPES=1 -DM64P_STATIC_CORE=1 -DNO_ASM=1 -DNO_MD5=1 -D__LIBRETRO__=1 -Dretropack_runtime_mupen64_EXPORTS -I/home/runner/work/retro-manager/retro-manager/runtime/retropack-runtime-mupen64/src/main/cpp -I/home/runner/work/retro-manager/retro-manager/runtime/retropack-runtime-mupen64/submodules/mupen64plus-next -I/home/runner/work/retro-manager/retro-manager/runtime/retropack-runtime-mupen64/submodules/mupen64plus-next/custom -I/home/runner/work/retro-manager/retro-manager/runtime/retropack-runtime-mupen64/submodules/mupen64plus-next/custom/mupen64plus-core -I/home/runner/work/retro-manager/retro-manager/runtime/retropack-runtime-mupen64/submodules/mupen64plus-next/custom/android/include -I/home/runner/work/retro-manager/retro-manager/runtime/retropack-runtime-mupen64/submodules/mupen64plus-next/mupen64plus-core/src -I/home/runner/work/retro-manager/retro-manager/runtime/retropack-runtime-mupen64/submodules/mupen64plus-next/mupen64plus-core/src/api -I/home/runner/work/retro-manager/retro-manager/runtime/retropack-runtime-mupen64/submodules/mupen64plus-next/mupen64plus-core/src/osal -I/home/runner/work/retro-manager/retro-manager/runtime/retropack-runtime-mupen64/submodules/mupen64plus-next/mupen64plus-core/subprojects/md5 -I/home/runner/work/retro-manager/retro-manager/runtime/retropack-runtime-mupen64/submodules/mupen64plus-next/mupen64plus-core/subprojects/xxhash -I/home/runner/work/retro-manager/retro-manager/runtime/retropack-runtime-mupen64/submodules/mupen64plus-next/mupen64plus-core/subprojects/minizip -I/home/runner/work/retro-manager/retro-manager/runtime/retropack-runtime-mupen64/submodules/mupen64plus-next/xxHash -I/home/runner/work/retro-manager/retro-manager/runtime/retropack-runtime-mupen64/submodules/mupen64plus-next/mupen64plus-rsp-hle/src -I/home/runner/work/retro-manager/retro-manager/runtime/retropack-runtime-mupen64/submodules/mupen64plus-next/mupen64plus-video-angrylion -I/home/runner/work/retro-manager/retro-manager/runtime/retropack-runtime-mupen64/submodules/mupen64plus-next/mupen64plus-video-angrylion/n64video -I/home/runner/work/retro-manager/retro-manager/runtime/retropack-runtime-mupen64/submodules/mupen64plus-next/libretro-common/include -I/home/runner/work/retro-manager/retro-manager/runtime/retropack-runtime-mupen64/submodules/mupen64plus-next/libretro -I/home/runner/work/retro-manager/retro-manager/runtime/retropack-runtime-mupen64/submodules/mupen64plus-next/libretro/include -g -DANDROID -fdata-sections -ffunction-sections -funwind-tables -fstack-protector-strong -no-canonical-prefixes -D_FORTIFY_SOURCE=2 -Wformat -Werror=format-security  -fno-limit-debug-info  -fPIC -w -std=gnu11 -MD -MT CMakeFiles/retropack-runtime-mupen64.dir/submodules/mupen64plus-next/mupen64plus-video-angrylion/n64video.c.o -MF CMakeFiles/retropack-runtime-mupen64.dir/submodules/mupen64plus-next/mupen64plus-video-angrylion/n64video.c.o.d -o CMakeFiles/retropack-runtime-mupen64.dir/submodules/mupen64plus-next/mupen64plus-video-angrylion/n64video.c.o -c /home/runner/work/retro-manager/retro-manager/runtime/retropack-runtime-mupen64/submodules/mupen64plus-next/mupen64plus-video-angrylion/n64video.c
In file included from /home/runner/work/retro-manager/retro-manager/runtime/retropack-runtime-mupen64/submodules/mupen64plus-next/mupen64plus-video-angrylion/n64video.c:116:
In file included from /home/runner/work/retro-manager/retro-manager/runtime/retropack-runtime-mupen64/submodules/mupen64plus-next/mupen64plus-video-angrylion/n64video/rdp.c:469:
/home/runner/work/retro-manager/retro-manager/runtime/retropack-runtime-mupen64/submodules/mupen64plus-next/mupen64plus-video-angrylion/n64video/rdp/tcoord.c:35:61: error: expected ')'
   35 | static STRICTINLINE void tcmask_copy(uint32_t wid, int32_t* S, int32_t* S1, int32_t* S2, int32_t* S3, int32_t* T, int32_t num)
      |                                                             ^
/home/runner/work/retro-manager/retro-manager/runtime/retropack-runtime-mupen64/submodules/mupen64plus-next/mupen64plus-rsp-hle/src/memory.h:37:11: note: expanded from macro 'S'
   37 | #define S 1
      |           ^
/home/runner/work/retro-manager/retro-manager/runtime/retropack-runtime-mupen64/submodules/mupen64plus-next/mupen64plus-video-angrylion/n64video/rdp/tcoord.c:35:37: note: to match this '('
   35 | static STRICTINLINE void tcmask_copy(uint32_t wid, int32_t* S, int32_t* S1, int32_t* S2, int32_t* S3, int32_t* T, int32_t num)
      |                                     ^
/home/runner/work/retro-manager/retro-manager/runtime/retropack-runtime-mupen64/submodules/mupen64plus-next/mupen64plus-video-angrylion/n64video/rdp/tcoord.c:41:25: error: use of undeclared identifier 'num'
   41 |     if (state[wid].tile[num].mask_s)
      |                         ^
/home/runner/work/retro-manager/retro-manager/runtime/retropack-runtime-mupen64/submodules/mupen64plus-next/mupen64plus-video-angrylion/n64video/rdp/tcoord.c:43:29: error: use of undeclared identifier 'num'
   43 |         if (state[wid].tile[num].ms)
      |                             ^
/home/runner/work/retro-manager/retro-manager/runtime/retropack-runtime-mupen64/submodules/mupen64plus-next/mupen64plus-video-angrylion/n64video/rdp/tcoord.c:45:46: error: use of undeclared identifier 'num'
   45 |             swrapthreshold = state[wid].tile[num].f.masksclamped;
      |                                              ^
/home/runner/work/retro-manager/retro-manager/runtime/retropack-runtime-mupen64/submodules/mupen64plus-next/mupen64plus-video-angrylion/n64video/rdp/tcoord.c:47:21: error: indirection requires pointer operand ('int' invalid)
   47 |             wrap = (*S >> swrapthreshold) & 1;
      |                     ^~
/home/runner/work/retro-manager/retro-manager/runtime/retropack-runtime-mupen64/submodules/mupen64plus-next/mupen64plus-video-angrylion/n64video/rdp/tcoord.c:48:13: error: indirection requires pointer operand ('int' invalid)
   48 |             *S ^= (-wrap);
      |             ^~
/home/runner/work/retro-manager/retro-manager/runtime/retropack-runtime-mupen64/submodules/mupen64plus-next/mupen64plus-video-angrylion/n64video/rdp/tcoord.c:50:22: error: use of undeclared identifier 'S1'
   50 |             wrap = (*S1 >> swrapthreshold) & 1;
      |                      ^
/home/runner/work/retro-manager/retro-manager/runtime/retropack-runtime-mupen64/submodules/mupen64plus-next/mupen64plus-video-angrylion/n64video/rdp/tcoord.c:51:14: error: use of undeclared identifier 'S1'
   51 |             *S1 ^= (-wrap);
      |              ^
/home/runner/work/retro-manager/retro-manager/runtime/retropack-runtime-mupen64/submodules/mupen64plus-next/mupen64plus-video-angrylion/n64video/rdp/tcoord.c:53:22: error: use of undeclared identifier 'S2'
   53 |             wrap = (*S2 >> swrapthreshold) & 1;
      |                      ^
/home/runner/work/retro-manager/retro-manager/runtime/retropack-runtime-mupen64/submodules/mupen64plus-next/mupen64plus-video-angrylion/n64video/rdp/tcoord.c:54:14: error: use of undeclared identifier 'S2'
   54 |             *S2 ^= (-wrap);
      |              ^
/home/runner/work/retro-manager/retro-manager/runtime/retropack-runtime-mupen64/submodules/mupen64plus-next/mupen64plus-video-angrylion/n64video/rdp/tcoord.c:56:22: error: use of undeclared identifier 'S3'
   56 |             wrap = (*S3 >> swrapthreshold) & 1;
      |                      ^
/home/runner/work/retro-manager/retro-manager/runtime/retropack-runtime-mupen64/submodules/mupen64plus-next/mupen64plus-video-angrylion/n64video/rdp/tcoord.c:57:14: error: use of undeclared identifier 'S3'
   57 |             *S3 ^= (-wrap);
      |              ^
/home/runner/work/retro-manager/retro-manager/runtime/retropack-runtime-mupen64/submodules/mupen64plus-next/mupen64plus-video-angrylion/n64video/rdp/tcoord.c:60:53: error: use of undeclared identifier 'num'
   60 |         maskbits_s = maskbits_table[state[wid].tile[num].mask_s];
      |                                                     ^
/home/runner/work/retro-manager/retro-manager/runtime/retropack-runtime-mupen64/submodules/mupen64plus-next/mupen64plus-video-angrylion/n64video/rdp/tcoord.c:61:9: error: indirection requires pointer operand ('int' invalid)
   61 |         *S &= maskbits_s;
      |         ^~
/home/runner/work/retro-manager/retro-manager/runtime/retropack-runtime-mupen64/submodules/mupen64plus-next/mupen64plus-video-angrylion/n64video/rdp/tcoord.c:62:10: error: use of undeclared identifier 'S1'
   62 |         *S1 &= maskbits_s;
      |          ^
/home/runner/work/retro-manager/retro-manager/runtime/retropack-runtime-mupen64/submodules/mupen64plus-next/mupen64plus-video-angrylion/n64video/rdp/tcoord.c:63:10: error: use of undeclared identifier 'S2'
   63 |         *S2 &= maskbits_s;
      |          ^
/home/runner/work/retro-manager/retro-manager/runtime/retropack-runtime-mupen64/submodules/mupen64plus-next/mupen64plus-video-angrylion/n64video/rdp/tcoord.c:64:10: error: use of undeclared identifier 'S3'
   64 |         *S3 &= maskbits_s;
      |          ^
/home/runner/work/retro-manager/retro-manager/runtime/retropack-runtime-mupen64/submodules/mupen64plus-next/mupen64plus-video-angrylion/n64video/rdp/tcoord.c:67:25: error: use of undeclared identifier 'num'
   67 |     if (state[wid].tile[num].mask_t)
      |                         ^
/home/runner/work/retro-manager/retro-manager/runtime/retropack-runtime-mupen64/submodules/mupen64plus-next/mupen64plus-video-angrylion/n64video/rdp/tcoord.c:69:29: error: use of undeclared identifier 'num'
   69 |         if (state[wid].tile[num].mt)
      |                             ^
fatal error: too many errors emitted, stopping now [-ferror-limit=]
20 errors generated.
ninja: build stopped: subcommand failed.

C++ build system [build] failed while executing:
    /usr/local/lib/android/sdk/cmake/3.22.1/bin/ninja \
      -C \
      /home/runner/work/retro-manager/retro-manager/runtime/retropack-runtime-mupen64/.cxx/Debug/1k4d283o/arm64-v8a \
      retropack-runtime-mupen64
  from /home/runner/work/retro-manager/retro-manager/runtime/retropack-runtime-mupen64
	at org.gradle.internal.UncheckedException.throwAsUncheckedException(UncheckedException.java:69)
	at org.gradle.internal.UncheckedException.throwAsUncheckedException(UncheckedException.java:42)
	at org.gradle.internal.reflect.JavaMethod.invoke(JavaMethod.java:129)
	at org.gradle.api.internal.project.taskfactory.StandardTaskAction.doExecute(StandardTaskAction.java:58)
	at org.gradle.api.internal.project.taskfactory.StandardTaskAction.execute(StandardTaskAction.java:51)
	at org.gradle.api.internal.project.taskfactory.StandardTaskAction.execute(StandardTaskAction.java:29)
	at org.gradle.api.internal.tasks.execution.TaskExecution$3.run(TaskExecution.java:259)
	at org.gradle.internal.operations.DefaultBuildOperationRunner$1.execute(DefaultBuildOperationRunner.java:30)
	at org.gradle.internal.operations.DefaultBuildOperationRunner$1.execute(DefaultBuildOperationRunner.java:27)
	at org.gradle.internal.operations.DefaultBuildOperationRunner$2.execute(DefaultBuildOperationRunner.java:67)
	at org.gradle.internal.operations.DefaultBuildOperationRunner$2.execute(DefaultBuildOperationRunner.java:60)
	at org.gradle.internal.operations.DefaultBuildOperationRunner.execute(DefaultBuildOperationRunner.java:167)
	at org.gradle.internal.operations.DefaultBuildOperationRunner.execute(DefaultBuildOperationRunner.java:60)
	at org.gradle.internal.operations.DefaultBuildOperationRunner.run(DefaultBuildOperationRunner.java:48)
	at org.gradle.api.internal.tasks.execution.TaskExecution.executeAction(TaskExecution.java:244)
	at org.gradle.api.internal.tasks.execution.TaskExecution.executeActions(TaskExecution.java:227)
	at org.gradle.api.internal.tasks.execution.TaskExecution.executeWithPreviousOutputFiles(TaskExecution.java:210)
	at org.gradle.api.internal.tasks.execution.TaskExecution.execute(TaskExecution.java:176)
	at org.gradle.internal.execution.steps.ExecuteStep.executeInternal(ExecuteStep.java:167)
	at org.gradle.internal.execution.steps.ExecuteStep.access$000(ExecuteStep.java:47)
	at org.gradle.internal.execution.steps.ExecuteStep$1.call(ExecuteStep.java:137)
	at org.gradle.internal.execution.steps.ExecuteStep$1.call(ExecuteStep.java:134)
	at org.gradle.internal.operations.DefaultBuildOperationRunner$CallableBuildOperationWorker.execute(DefaultBuildOperationRunner.java:210)
	at org.gradle.internal.operations.DefaultBuildOperationRunner$CallableBuildOperationWorker.execute(DefaultBuildOperationRunner.java:205)
	at org.gradle.internal.operations.DefaultBuildOperationRunner$2.execute(DefaultBuildOperationRunner.java:67)
	at org.gradle.internal.operations.DefaultBuildOperationRunner$2.execute(DefaultBuildOperationRunner.java:60)
	at org.gradle.internal.operations.DefaultBuildOperationRunner.execute(DefaultBuildOperationRunner.java:167)
	at org.gradle.internal.operations.DefaultBuildOperationRunner.execute(DefaultBuildOperationRunner.java:60)
	at org.gradle.internal.operations.DefaultBuildOperationRunner.call(DefaultBuildOperationRunner.java:54)
	at org.gradle.internal.execution.steps.ExecuteStep.execute(ExecuteStep.java:134)
	at org.gradle.internal.execution.steps.ExecuteStep$Mutable.execute(ExecuteStep.java:80)
	at org.gradle.internal.execution.steps.CancelExecutionStep.execute(CancelExecutionStep.java:42)
	at org.gradle.internal.execution.steps.TimeoutStep.executeWithoutTimeout(TimeoutStep.java:75)
	at org.gradle.internal.execution.steps.TimeoutStep.execute(TimeoutStep.java:55)
	at org.gradle.internal.execution.steps.PreCreateOutputParentsStep.execute(PreCreateOutputParentsStep.java:51)
	at org.gradle.internal.execution.steps.PreCreateOutputParentsStep.execute(PreCreateOutputParentsStep.java:29)
	at org.gradle.internal.execution.steps.RemovePreviousOutputsStep.executeMutable(RemovePreviousOutputsStep.java:67)
	at org.gradle.internal.execution.steps.RemovePreviousOutputsStep.executeMutable(RemovePreviousOutputsStep.java:39)
	at org.gradle.internal.execution.steps.MutableStep.execute(MutableStep.java:26)
	at org.gradle.internal.execution.steps.BroadcastChangingOutputsStep.execute(BroadcastChangingOutputsStep.java:42)
	at org.gradle.internal.execution.steps.BroadcastChangingOutputsStep.execute(BroadcastChangingOutputsStep.java:24)
	at org.gradle.internal.execution.steps.CaptureOutputsAfterExecutionStep.execute(CaptureOutputsAfterExecutionStep.java:69)
	at org.gradle.internal.execution.steps.CaptureOutputsAfterExecutionStep.execute(CaptureOutputsAfterExecutionStep.java:46)
	at org.gradle.internal.execution.steps.ResolveInputChangesStep.executeMutable(ResolveInputChangesStep.java:39)
	at org.gradle.internal.execution.steps.ResolveInputChangesStep.executeMutable(ResolveInputChangesStep.java:28)
	at org.gradle.internal.execution.steps.MutableStep.execute(MutableStep.java:26)
	at org.gradle.internal.execution.steps.BuildCacheStep.executeWithoutCache(BuildCacheStep.java:189)
	at org.gradle.internal.execution.steps.BuildCacheStep.lambda$execute$1(BuildCacheStep.java:76)
	at org.gradle.internal.Either$Right.fold(Either.java:176)
	at org.gradle.internal.execution.caching.CachingState.fold(CachingState.java:62)
	at org.gradle.internal.execution.steps.BuildCacheStep.execute(BuildCacheStep.java:74)
	at org.gradle.internal.execution.steps.BuildCacheStep.execute(BuildCacheStep.java:49)
	at org.gradle.internal.execution.steps.StoreExecutionStateStep.executeMutable(StoreExecutionStateStep.java:46)
	at org.gradle.internal.execution.steps.StoreExecutionStateStep.executeMutable(StoreExecutionStateStep.java:35)
	at org.gradle.internal.execution.steps.MutableStep.execute(MutableStep.java:26)
	at org.gradle.internal.execution.steps.SkipUpToDateStep.executeBecause(SkipUpToDateStep.java:75)
	at org.gradle.internal.execution.steps.SkipUpToDateStep.lambda$execute$2(SkipUpToDateStep.java:53)
	at org.gradle.internal.execution.steps.SkipUpToDateStep.execute(SkipUpToDateStep.java:53)
	at org.gradle.internal.execution.steps.SkipUpToDateStep.execute(SkipUpToDateStep.java:35)
	at org.gradle.internal.execution.steps.legacy.MarkSnapshottingInputsFinishedStep.execute(MarkSnapshottingInputsFinishedStep.java:37)
	at org.gradle.internal.execution.steps.legacy.MarkSnapshottingInputsFinishedStep.execute(MarkSnapshottingInputsFinishedStep.java:27)
	at org.gradle.internal.execution.steps.ResolveMutableCachingStateStep.executeDelegate(ResolveMutableCachingStateStep.java:70)
	at org.gradle.internal.execution.steps.ResolveMutableCachingStateStep.executeDelegate(ResolveMutableCachingStateStep.java:32)
	at org.gradle.internal.execution.steps.AbstractResolveCachingStateStep.execute(AbstractResolveCachingStateStep.java:69)
	at org.gradle.internal.execution.steps.AbstractResolveCachingStateStep.execute(AbstractResolveCachingStateStep.java:37)
	at org.gradle.internal.execution.steps.ResolveChangesStep.executeMutable(ResolveChangesStep.java:63)
	at org.gradle.internal.execution.steps.ResolveChangesStep.executeMutable(ResolveChangesStep.java:34)
	at org.gradle.internal.execution.steps.MutableStep.execute(MutableStep.java:26)
	at org.gradle.internal.execution.steps.ValidateStep$Mutable.executeDelegate(ValidateStep.java:79)
	at org.gradle.internal.execution.steps.ValidateStep$Mutable.executeDelegate(ValidateStep.java:65)
	at org.gradle.internal.execution.steps.ValidateStep.execute(ValidateStep.java:99)
	at org.gradle.internal.execution.steps.ValidateStep$Mutable.execute(ValidateStep.java:65)
	at org.gradle.internal.execution.steps.CaptureMutableStateBeforeExecutionStep.executeMutable(CaptureMutableStateBeforeExecutionStep.java:86)
	at org.gradle.internal.execution.steps.CaptureMutableStateBeforeExecutionStep.execute(CaptureMutableStateBeforeExecutionStep.java:65)
	at org.gradle.internal.execution.steps.CaptureMutableStateBeforeExecutionStep.execute(CaptureMutableStateBeforeExecutionStep.java:45)
	at org.gradle.internal.execution.steps.SkipEmptyMutableWorkStep.executeWithNonEmptySources(SkipEmptyMutableWorkStep.java:210)
	at org.gradle.internal.execution.steps.SkipEmptyMutableWorkStep.executeMutable(SkipEmptyMutableWorkStep.java:85)
	at org.gradle.internal.execution.steps.SkipEmptyMutableWorkStep.executeMutable(SkipEmptyMutableWorkStep.java:53)
	at org.gradle.internal.execution.steps.MutableStep.execute(MutableStep.java:26)
	at org.gradle.internal.execution.steps.legacy.MarkSnapshottingInputsStartedStep.execute(MarkSnapshottingInputsStartedStep.java:38)
	at org.gradle.internal.execution.steps.LoadPreviousExecutionStateStep.executeMutable(LoadPreviousExecutionStateStep.java:36)
	at org.gradle.internal.execution.steps.LoadPreviousExecutionStateStep.executeMutable(LoadPreviousExecutionStateStep.java:23)
	at org.gradle.internal.execution.steps.MutableStep.execute(MutableStep.java:26)
	at org.gradle.internal.execution.steps.HandleStaleOutputsStep.executeMutable(HandleStaleOutputsStep.java:77)
	at org.gradle.internal.execution.steps.HandleStaleOutputsStep.executeMutable(HandleStaleOutputsStep.java:43)
	at org.gradle.internal.execution.steps.MutableStep.execute(MutableStep.java:26)
	at org.gradle.internal.execution.steps.AssignMutableWorkspaceStep.lambda$executeMutable$0(AssignMutableWorkspaceStep.java:34)
	at org.gradle.api.internal.tasks.execution.TaskExecution$4.withWorkspace(TaskExecution.java:305)
	at org.gradle.internal.execution.steps.AssignMutableWorkspaceStep.executeMutable(AssignMutableWorkspaceStep.java:30)
	at org.gradle.internal.execution.steps.AssignMutableWorkspaceStep.executeMutable(AssignMutableWorkspaceStep.java:21)
	at org.gradle.internal.execution.steps.MutableStep.execute(MutableStep.java:26)
	at org.gradle.internal.execution.steps.ChoosePipelineStep.execute(ChoosePipelineStep.java:40)
	at org.gradle.internal.execution.steps.ChoosePipelineStep.execute(ChoosePipelineStep.java:23)
	at org.gradle.internal.execution.steps.ExecuteWorkBuildOperationFiringStep.lambda$execute$2(ExecuteWorkBuildOperationFiringStep.java:67)
	at org.gradle.internal.execution.steps.ExecuteWorkBuildOperationFiringStep.execute(ExecuteWorkBuildOperationFiringStep.java:67)
	at org.gradle.internal.execution.steps.ExecuteWorkBuildOperationFiringStep.execute(ExecuteWorkBuildOperationFiringStep.java:39)
	at org.gradle.internal.execution.steps.IdentityCacheStep.execute(IdentityCacheStep.java:46)
	at org.gradle.internal.execution.steps.IdentityCacheStep.execute(IdentityCacheStep.java:34)
	at org.gradle.internal.execution.steps.IdentifyStep.execute(IdentifyStep.java:56)
	at org.gradle.internal.execution.steps.IdentifyStep.execute(IdentifyStep.java:38)
	at org.gradle.internal.execution.impl.DefaultExecutionEngine$1.execute(DefaultExecutionEngine.java:68)
	at org.gradle.api.internal.tasks.execution.ExecuteActionsTaskExecuter.executeIfValid(ExecuteActionsTaskExecuter.java:132)
	... 61 more
Caused by: com.android.ide.common.process.ProcessException: ninja: Entering directory `/home/runner/work/retro-manager/retro-manager/runtime/retropack-runtime-mupen64/.cxx/Debug/1k4d283o/arm64-v8a'
[1/86] Building C object CMakeFiles/retropack-runtime-mupen64.dir/src/main/cpp/ringbuffer.c.o
[2/86] Building C object CMakeFiles/retropack-runtime-mupen64.dir/submodules/mupen64plus-next/mupen64plus-core/src/api/callbacks.c.o
[3/86] Building C object CMakeFiles/retropack-runtime-mupen64.dir/src/main/cpp/mupen64-jni.c.o
[4/86] Building C object CMakeFiles/retropack-runtime-mupen64.dir/submodules/mupen64plus-next/mupen64plus-core/src/api/frontend.c.o
[5/86] Building C object CMakeFiles/retropack-runtime-mupen64.dir/submodules/mupen64plus-next/mupen64plus-core/src/api/debugger.c.o
[6/86] Building C object CMakeFiles/retropack-runtime-mupen64.dir/submodules/mupen64plus-next/mupen64plus-core/src/backends/api/video_capture_backend.c.o
[7/86] Building C object CMakeFiles/retropack-runtime-mupen64.dir/submodules/mupen64plus-next/mupen64plus-core/src/backends/clock_ctime_plus_delta.c.o
[8/86] Building C object CMakeFiles/retropack-runtime-mupen64.dir/submodules/mupen64plus-next/custom/mupen64plus-core/api/config.c.o
[9/86] Building C object CMakeFiles/retropack-runtime-mupen64.dir/submodules/mupen64plus-next/mupen64plus-core/src/backends/plugins_compat/audio_plugin_compat.c.o
[10/86] Building C object CMakeFiles/retropack-runtime-mupen64.dir/submodules/mupen64plus-next/mupen64plus-core/src/backends/plugins_compat/input_plugin_compat.c.o
[11/86] Building C object CMakeFiles/retropack-runtime-mupen64.dir/submodules/mupen64plus-next/mupen64plus-core/src/backends/dummy_video_capture.c.o
[12/86] Building C object CMakeFiles/retropack-runtime-mupen64.dir/submodules/mupen64plus-next/mupen64plus-core/src/device/cart/af_rtc.c.o
[13/86] Building C object CMakeFiles/retropack-runtime-mupen64.dir/submodules/mupen64plus-next/mupen64plus-core/src/device/cart/eeprom.c.o
[14/86] Building C object CMakeFiles/retropack-runtime-mupen64.dir/submodules/mupen64plus-next/mupen64plus-core/src/backends/file_storage.c.o
[15/86] Building C object CMakeFiles/retropack-runtime-mupen64.dir/submodules/mupen64plus-next/mupen64plus-core/src/device/cart/cart_rom.c.o
[16/86] Building C object CMakeFiles/retropack-runtime-mupen64.dir/submodules/mupen64plus-next/mupen64plus-core/src/device/cart/cart.c.o
[17/86] Building C object CMakeFiles/retropack-runtime-mupen64.dir/submodules/mupen64plus-next/mupen64plus-core/src/device/cart/is_viewer.c.o
[18/86] Building C object CMakeFiles/retropack-runtime-mupen64.dir/submodules/mupen64plus-next/mupen64plus-core/src/device/cart/sram.c.o
[19/86] Building C object CMakeFiles/retropack-runtime-mupen64.dir/submodules/mupen64plus-next/mupen64plus-core/src/device/cart/flashram.c.o
[20/86] Building C object CMakeFiles/retropack-runtime-mupen64.dir/submodules/mupen64plus-next/mupen64plus-core/src/device/controllers/game_controller.c.o
[21/86] Building C object CMakeFiles/retropack-runtime-mupen64.dir/submodules/mupen64plus-next/mupen64plus-core/src/device/controllers/paks/biopak.c.o
[22/86] Building C object CMakeFiles/retropack-runtime-mupen64.dir/submodules/mupen64plus-next/mupen64plus-core/src/device/controllers/paks/transferpak.c.o
[23/86] Building C object CMakeFiles/retropack-runtime-mupen64.dir/submodules/mupen64plus-next/mupen64plus-core/src/device/controllers/vru_controller.c.o
[24/86] Building C object CMakeFiles/retropack-runtime-mupen64.dir/submodules/mupen64plus-next/mupen64plus-core/src/device/controllers/paks/rumblepak.c.o
[25/86] Building C object CMakeFiles/retropack-runtime-mupen64.dir/submodules/mupen64plus-next/mupen64plus-core/src/device/controllers/paks/mempak.c.o
[26/86] Building C object CMakeFiles/retropack-runtime-mupen64.dir/submodules/mupen64plus-next/mupen64plus-core/src/device/device.c.o
[27/86] Building C object CMakeFiles/retropack-runtime-mupen64.dir/submodules/mupen64plus-next/mupen64plus-core/src/device/gb/gb_cart.c.o
[28/86] Building C object CMakeFiles/retropack-runtime-mupen64.dir/submodules/mupen64plus-next/mupen64plus-core/src/device/gb/mbc3_rtc.c.o
[29/86] Building C object CMakeFiles/retropack-runtime-mupen64.dir/submodules/mupen64plus-next/mupen64plus-core/src/device/gb/m64282fp.c.o
[30/86] Building C object CMakeFiles/retropack-runtime-mupen64.dir/submodules/mupen64plus-next/mupen64plus-core/src/device/pif/n64_cic_nus_6105.c.o
[31/86] Building C object CMakeFiles/retropack-runtime-mupen64.dir/submodules/mupen64plus-next/mupen64plus-core/src/device/dd/dd_controller.c.o
[32/86] Building C object CMakeFiles/retropack-runtime-mupen64.dir/submodules/mupen64plus-next/mupen64plus-core/src/device/dd/disk.c.o
[33/86] Building C object CMakeFiles/retropack-runtime-mupen64.dir/submodules/mupen64plus-next/mupen64plus-core/src/device/pif/bootrom_hle.c.o
[34/86] Building C object CMakeFiles/retropack-runtime-mupen64.dir/submodules/mupen64plus-next/mupen64plus-core/src/device/pif/cic.c.o
[35/86] Building C object CMakeFiles/retropack-runtime-mupen64.dir/submodules/mupen64plus-next/mupen64plus-core/src/device/memory/memory.c.o
[36/86] Building C object CMakeFiles/retropack-runtime-mupen64.dir/submodules/mupen64plus-next/mupen64plus-core/src/device/r4300/cp1.c.o
[37/86] Building C object CMakeFiles/retropack-runtime-mupen64.dir/submodules/mupen64plus-next/mupen64plus-core/src/device/r4300/cp0.c.o
[38/86] Building C object CMakeFiles/retropack-runtime-mupen64.dir/submodules/mupen64plus-next/mupen64plus-core/src/device/r4300/cp2.c.o
[39/86] Building C object CMakeFiles/retropack-runtime-mupen64.dir/submodules/mupen64plus-next/mupen64plus-core/src/device/pif/pif.c.o
[40/86] Building C object CMakeFiles/retropack-runtime-mupen64.dir/submodules/mupen64plus-next/mupen64plus-core/src/device/r4300/idec.c.o
[41/86] Building C object CMakeFiles/retropack-runtime-mupen64.dir/submodules/mupen64plus-next/mupen64plus-core/src/device/r4300/interrupt.c.o
[42/86] Building C object CMakeFiles/retropack-runtime-mupen64.dir/submodules/mupen64plus-next/mupen64plus-core/src/device/r4300/tlb.c.o
[43/86] Building C object CMakeFiles/retropack-runtime-mupen64.dir/submodules/mupen64plus-next/mupen64plus-core/src/device/rcp/ai/ai_controller.c.o
[44/86] Building C object CMakeFiles/retropack-runtime-mupen64.dir/submodules/mupen64plus-next/mupen64plus-core/src/device/r4300/r4300_core.c.o
[45/86] Building C object CMakeFiles/retropack-runtime-mupen64.dir/submodules/mupen64plus-next/mupen64plus-core/src/device/rcp/mi/mi_controller.c.o
[46/86] Building C object CMakeFiles/retropack-runtime-mupen64.dir/submodules/mupen64plus-next/mupen64plus-core/src/device/rcp/pi/pi_controller.c.o
[47/86] Building C object CMakeFiles/retropack-runtime-mupen64.dir/submodules/mupen64plus-next/mupen64plus-core/src/device/rcp/ri/ri_controller.c.o
[48/86] Building C object CMakeFiles/retropack-runtime-mupen64.dir/submodules/mupen64plus-next/mupen64plus-core/src/device/rcp/rdp/rdp_core.c.o
[49/86] Building C object CMakeFiles/retropack-runtime-mupen64.dir/submodules/mupen64plus-next/mupen64plus-core/src/device/rcp/rdp/fb.c.o
[50/86] Building C object CMakeFiles/retropack-runtime-mupen64.dir/submodules/mupen64plus-next/mupen64plus-core/src/device/rcp/si/si_controller.c.o
[51/86] Building C object CMakeFiles/retropack-runtime-mupen64.dir/submodules/mupen64plus-next/mupen64plus-core/src/device/rdram/rdram.c.o
[52/86] Building C object CMakeFiles/retropack-runtime-mupen64.dir/submodules/mupen64plus-next/mupen64plus-core/src/device/rcp/rsp/rsp_core.c.o
[53/86] Building C object CMakeFiles/retropack-runtime-mupen64.dir/submodules/mupen64plus-next/mupen64plus-core/src/device/rcp/vi/vi_controller.c.o
[54/86] Building C object CMakeFiles/retropack-runtime-mupen64.dir/submodules/mupen64plus-next/mupen64plus-core/src/main/cheat.c.o
[55/86] Building C object CMakeFiles/retropack-runtime-mupen64.dir/submodules/mupen64plus-next/mupen64plus-core/src/main/rom.c.o
[56/86] Building C object CMakeFiles/retropack-runtime-mupen64.dir/submodules/mupen64plus-next/mupen64plus-core/src/main/util.c.o
[57/86] Building C object CMakeFiles/retropack-runtime-mupen64.dir/submodules/mupen64plus-next/mupen64plus-core/src/device/r4300/pure_interp.c.o
[58/86] Building C object CMakeFiles/retropack-runtime-mupen64.dir/submodules/mupen64plus-next/mupen64plus-core/src/plugin/dummy_audio.c.o
[59/86] Building C object CMakeFiles/retropack-runtime-mupen64.dir/submodules/mupen64plus-next/mupen64plus-core/src/main/main.c.o
[60/86] Building C object CMakeFiles/retropack-runtime-mupen64.dir/submodules/mupen64plus-next/mupen64plus-core/src/plugin/dummy_input.c.o
[61/86] Building C object CMakeFiles/retropack-runtime-mupen64.dir/submodules/mupen64plus-next/mupen64plus-core/src/osal/files_unix.c.o
[62/86] Building C object CMakeFiles/retropack-runtime-mupen64.dir/submodules/mupen64plus-next/mupen64plus-core/src/plugin/plugin.c.o
[63/86] Building C object CMakeFiles/retropack-runtime-mupen64.dir/submodules/mupen64plus-next/mupen64plus-core/src/osal/dynamiclib_unix.c.o
[64/86] Building C object CMakeFiles/retropack-runtime-mupen64.dir/submodules/mupen64plus-next/mupen64plus-core/subprojects/md5/md5.c.o
[65/86] Building C object CMakeFiles/retropack-runtime-mupen64.dir/submodules/mupen64plus-next/mupen64plus-core/subprojects/minizip/ioapi.c.o
[66/86] Building C object CMakeFiles/retropack-runtime-mupen64.dir/submodules/mupen64plus-next/mupen64plus-rsp-hle/src/alist_audio.c.o
[67/86] Building C object CMakeFiles/retropack-runtime-mupen64.dir/submodules/mupen64plus-next/mupen64plus-core/src/device/r4300/cached_interp.c.o
[68/86] Building C object CMakeFiles/retropack-runtime-mupen64.dir/submodules/mupen64plus-next/mupen64plus-rsp-hle/src/alist.c.o
[69/86] Building C object CMakeFiles/retropack-runtime-mupen64.dir/submodules/mupen64plus-next/mupen64plus-rsp-hle/src/alist_naudio.c.o
[70/86] Building C object CMakeFiles/retropack-runtime-mupen64.dir/submodules/mupen64plus-next/mupen64plus-rsp-hle/src/alist_nead.c.o
[71/86] Building C object CMakeFiles/retropack-runtime-mupen64.dir/submodules/mupen64plus-next/mupen64plus-rsp-hle/src/audio.c.o
[72/86] Building C object CMakeFiles/retropack-runtime-mupen64.dir/submodules/mupen64plus-next/mupen64plus-rsp-hle/src/cicx105.c.o
[73/86] Building C object CMakeFiles/retropack-runtime-mupen64.dir/submodules/mupen64plus-next/mupen64plus-core/subprojects/minizip/unzip.c.o
[74/86] Building C object CMakeFiles/retropack-runtime-mupen64.dir/submodules/mupen64plus-next/mupen64plus-rsp-hle/src/hle.c.o
[75/86] Building C object CMakeFiles/retropack-runtime-mupen64.dir/submodules/mupen64plus-next/mupen64plus-core/subprojects/minizip/zip.c.o
[76/86] Building C object CMakeFiles/retropack-runtime-mupen64.dir/submodules/mupen64plus-next/mupen64plus-rsp-hle/src/hvqm.c.o
[77/86] Building C object CMakeFiles/retropack-runtime-mupen64.dir/submodules/mupen64plus-next/mupen64plus-rsp-hle/src/memory.c.o
[78/86] Building C object CMakeFiles/retropack-runtime-mupen64.dir/submodules/mupen64plus-next/mupen64plus-rsp-hle/src/plugin.c.o
[79/86] Building C object CMakeFiles/retropack-runtime-mupen64.dir/submodules/mupen64plus-next/mupen64plus-core/src/main/savestates.c.o
[80/86] Building C object CMakeFiles/retropack-runtime-mupen64.dir/submodules/mupen64plus-next/mupen64plus-rsp-hle/src/jpeg.c.o
[81/86] Building C object CMakeFiles/retropack-runtime-mupen64.dir/submodules/mupen64plus-next/mupen64plus-rsp-hle/src/re2.c.o
[82/86] Building C object CMakeFiles/retropack-runtime-mupen64.dir/submodules/mupen64plus-next/mupen64plus-rsp-hle/src/mp3.c.o
[83/86] Building C object CMakeFiles/retropack-runtime-mupen64.dir/submodules/mupen64plus-next/mupen64plus-rsp-hle/src/musyx.c.o
[84/86] Building C object CMakeFiles/retropack-runtime-mupen64.dir/submodules/mupen64plus-next/mupen64plus-video-angrylion/interface.c.o
[85/86] Building C object CMakeFiles/retropack-runtime-mupen64.dir/submodules/mupen64plus-next/mupen64plus-video-angrylion/n64video.c.o
FAILED: CMakeFiles/retropack-runtime-mupen64.dir/submodules/mupen64plus-next/mupen64plus-video-angrylion/n64video.c.o 
/usr/local/lib/android/sdk/ndk/27.0.12077973/toolchains/llvm/prebuilt/linux-x86_64/bin/clang --target=aarch64-none-linux-android26 --sysroot=/usr/local/lib/android/sdk/ndk/27.0.12077973/toolchains/llvm/prebuilt/linux-x86_64/sysroot -DCORE_NAME=\"mupen64plus\" -DHAVE_MUPEN64_CORE=1 -DINLINE=inline -DM64P_CORE_PROTOTYPES=1 -DM64P_STATIC_CORE=1 -DNO_ASM=1 -DNO_MD5=1 -D__LIBRETRO__=1 -Dretropack_runtime_mupen64_EXPORTS -I/home/runner/work/retro-manager/retro-manager/runtime/retropack-runtime-mupen64/src/main/cpp -I/home/runner/work/retro-manager/retro-manager/runtime/retropack-runtime-mupen64/submodules/mupen64plus-next -I/home/runner/work/retro-manager/retro-manager/runtime/retropack-runtime-mupen64/submodules/mupen64plus-next/custom -I/home/runner/work/retro-manager/retro-manager/runtime/retropack-runtime-mupen64/submodules/mupen64plus-next/custom/mupen64plus-core -I/home/runner/work/retro-manager/retro-manager/runtime/retropack-runtime-mupen64/submodules/mupen64plus-next/custom/android/include -I/home/runner/work/retro-manager/retro-manager/runtime/retropack-runtime-mupen64/submodules/mupen64plus-next/mupen64plus-core/src -I/home/runner/work/retro-manager/retro-manager/runtime/retropack-runtime-mupen64/submodules/mupen64plus-next/mupen64plus-core/src/api -I/home/runner/work/retro-manager/retro-manager/runtime/retropack-runtime-mupen64/submodules/mupen64plus-next/mupen64plus-core/src/osal -I/home/runner/work/retro-manager/retro-manager/runtime/retropack-runtime-mupen64/submodules/mupen64plus-next/mupen64plus-core/subprojects/md5 -I/home/runner/work/retro-manager/retro-manager/runtime/retropack-runtime-mupen64/submodules/mupen64plus-next/mupen64plus-core/subprojects/xxhash -I/home/runner/work/retro-manager/retro-manager/runtime/retropack-runtime-mupen64/submodules/mupen64plus-next/mupen64plus-core/subprojects/minizip -I/home/runner/work/retro-manager/retro-manager/runtime/retropack-runtime-mupen64/submodules/mupen64plus-next/xxHash -I/home/runner/work/retro-manager/retro-manager/runtime/retropack-runtime-mupen64/submodules/mupen64plus-next/mupen64plus-rsp-hle/src -I/home/runner/work/retro-manager/retro-manager/runtime/retropack-runtime-mupen64/submodules/mupen64plus-next/mupen64plus-video-angrylion -I/home/runner/work/retro-manager/retro-manager/runtime/retropack-runtime-mupen64/submodules/mupen64plus-next/mupen64plus-video-angrylion/n64video -I/home/runner/work/retro-manager/retro-manager/runtime/retropack-runtime-mupen64/submodules/mupen64plus-next/libretro-common/include -I/home/runner/work/retro-manager/retro-manager/runtime/retropack-runtime-mupen64/submodules/mupen64plus-next/libretro -I/home/runner/work/retro-manager/retro-manager/runtime/retropack-runtime-mupen64/submodules/mupen64plus-next/libretro/include -g -DANDROID -fdata-sections -ffunction-sections -funwind-tables -fstack-protector-strong -no-canonical-prefixes -D_FORTIFY_SOURCE=2 -Wformat -Werror=format-security  -fno-limit-debug-info  -fPIC -w -std=gnu11 -MD -MT CMakeFiles/retropack-runtime-mupen64.dir/submodules/mupen64plus-next/mupen64plus-video-angrylion/n64video.c.o -MF CMakeFiles/retropack-runtime-mupen64.dir/submodules/mupen64plus-next/mupen64plus-video-angrylion/n64video.c.o.d -o CMakeFiles/retropack-runtime-mupen64.dir/submodules/mupen64plus-next/mupen64plus-video-angrylion/n64video.c.o -c /home/runner/work/retro-manager/retro-manager/runtime/retropack-runtime-mupen64/submodules/mupen64plus-next/mupen64plus-video-angrylion/n64video.c
In file included from /home/runner/work/retro-manager/retro-manager/runtime/retropack-runtime-mupen64/submodules/mupen64plus-next/mupen64plus-video-angrylion/n64video.c:116:
In file included from /home/runner/work/retro-manager/retro-manager/runtime/retropack-runtime-mupen64/submodules/mupen64plus-next/mupen64plus-video-angrylion/n64video/rdp.c:469:
/home/runner/work/retro-manager/retro-manager/runtime/retropack-runtime-mupen64/submodules/mupen64plus-next/mupen64plus-video-angrylion/n64video/rdp/tcoord.c:35:61: error: expected ')'
   35 | static STRICTINLINE void tcmask_copy(uint32_t wid, int32_t* S, int32_t* S1, int32_t* S2, int32_t* S3, int32_t* T, int32_t num)
      |                                                             ^
/home/runner/work/retro-manager/retro-manager/runtime/retropack-runtime-mupen64/submodules/mupen64plus-next/mupen64plus-rsp-hle/src/memory.h:37:11: note: expanded from macro 'S'
   37 | #define S 1
      |           ^
/home/runner/work/retro-manager/retro-manager/runtime/retropack-runtime-mupen64/submodules/mupen64plus-next/mupen64plus-video-angrylion/n64video/rdp/tcoord.c:35:37: note: to match this '('
   35 | static STRICTINLINE void tcmask_copy(uint32_t wid, int32_t* S, int32_t* S1, int32_t* S2, int32_t* S3, int32_t* T, int32_t num)
      |                                     ^
/home/runner/work/retro-manager/retro-manager/runtime/retropack-runtime-mupen64/submodules/mupen64plus-next/mupen64plus-video-angrylion/n64video/rdp/tcoord.c:41:25: error: use of undeclared identifier 'num'
   41 |     if (state[wid].tile[num].mask_s)
      |                         ^
/home/runner/work/retro-manager/retro-manager/runtime/retropack-runtime-mupen64/submodules/mupen64plus-next/mupen64plus-video-angrylion/n64video/rdp/tcoord.c:43:29: error: use of undeclared identifier 'num'
   43 |         if (state[wid].tile[num].ms)
      |                             ^
/home/runner/work/retro-manager/retro-manager/runtime/retropack-runtime-mupen64/submodules/mupen64plus-next/mupen64plus-video-angrylion/n64video/rdp/tcoord.c:45:46: error: use of undeclared identifier 'num'
   45 |             swrapthreshold = state[wid].tile[num].f.masksclamped;
      |                                              ^
/home/runner/work/retro-manager/retro-manager/runtime/retropack-runtime-mupen64/submodules/mupen64plus-next/mupen64plus-video-angrylion/n64video/rdp/tcoord.c:47:21: error: indirection requires pointer operand ('int' invalid)
   47 |             wrap = (*S >> swrapthreshold) & 1;
      |                     ^~
/home/runner/work/retro-manager/retro-manager/runtime/retropack-runtime-mupen64/submodules/mupen64plus-next/mupen64plus-video-angrylion/n64video/rdp/tcoord.c:48:13: error: indirection requires pointer operand ('int' invalid)
   48 |             *S ^= (-wrap);
      |             ^~
/home/runner/work/retro-manager/retro-manager/runtime/retropack-runtime-mupen64/submodules/mupen64plus-next/mupen64plus-video-angrylion/n64video/rdp/tcoord.c:50:22: error: use of undeclared identifier 'S1'
   50 |             wrap = (*S1 >> swrapthreshold) & 1;
      |                      ^
/home/runner/work/retro-manager/retro-manager/runtime/retropack-runtime-mupen64/submodules/mupen64plus-next/mupen64plus-video-angrylion/n64video/rdp/tcoord.c:51:14: error: use of undeclared identifier 'S1'
   51 |             *S1 ^= (-wrap);
      |              ^
/home/runner/work/retro-manager/retro-manager/runtime/retropack-runtime-mupen64/submodules/mupen64plus-next/mupen64plus-video-angrylion/n64video/rdp/tcoord.c:53:22: error: use of undeclared identifier 'S2'
   53 |             wrap = (*S2 >> swrapthreshold) & 1;
      |                      ^
/home/runner/work/retro-manager/retro-manager/runtime/retropack-runtime-mupen64/submodules/mupen64plus-next/mupen64plus-video-angrylion/n64video/rdp/tcoord.c:54:14: error: use of undeclared identifier 'S2'
   54 |             *S2 ^= (-wrap);
      |              ^
/home/runner/work/retro-manager/retro-manager/runtime/retropack-runtime-mupen64/submodules/mupen64plus-next/mupen64plus-video-angrylion/n64video/rdp/tcoord.c:56:22: error: use of undeclared identifier 'S3'
   56 |             wrap = (*S3 >> swrapthreshold) & 1;
      |                      ^
/home/runner/work/retro-manager/retro-manager/runtime/retropack-runtime-mupen64/submodules/mupen64plus-next/mupen64plus-video-angrylion/n64video/rdp/tcoord.c:57:14: error: use of undeclared identifier 'S3'
   57 |             *S3 ^= (-wrap);
      |              ^
/home/runner/work/retro-manager/retro-manager/runtime/retropack-runtime-mupen64/submodules/mupen64plus-next/mupen64plus-video-angrylion/n64video/rdp/tcoord.c:60:53: error: use of undeclared identifier 'num'
   60 |         maskbits_s = maskbits_table[state[wid].tile[num].mask_s];
      |                                                     ^
/home/runner/work/retro-manager/retro-manager/runtime/retropack-runtime-mupen64/submodules/mupen64plus-next/mupen64plus-video-angrylion/n64video/rdp/tcoord.c:61:9: error: indirection requires pointer operand ('int' invalid)
   61 |         *S &= maskbits_s;
      |         ^~
/home/runner/work/retro-manager/retro-manager/runtime/retropack-runtime-mupen64/submodules/mupen64plus-next/mupen64plus-video-angrylion/n64video/rdp/tcoord.c:62:10: error: use of undeclared identifier 'S1'
   62 |         *S1 &= maskbits_s;
      |          ^
/home/runner/work/retro-manager/retro-manager/runtime/retropack-runtime-mupen64/submodules/mupen64plus-next/mupen64plus-video-angrylion/n64video/rdp/tcoord.c:63:10: error: use of undeclared identifier 'S2'
   63 |         *S2 &= maskbits_s;
      |          ^
/home/runner/work/retro-manager/retro-manager/runtime/retropack-runtime-mupen64/submodules/mupen64plus-next/mupen64plus-video-angrylion/n64video/rdp/tcoord.c:64:10: error: use of undeclared identifier 'S3'
   64 |         *S3 &= maskbits_s;
      |          ^
/home/runner/work/retro-manager/retro-manager/runtime/retropack-runtime-mupen64/submodules/mupen64plus-next/mupen64plus-video-angrylion/n64video/rdp/tcoord.c:67:25: error: use of undeclared identifier 'num'
   67 |     if (state[wid].tile[num].mask_t)
      |                         ^
/home/runner/work/retro-manager/retro-manager/runtime/retropack-runtime-mupen64/submodules/mupen64plus-next/mupen64plus-video-angrylion/n64video/rdp/tcoord.c:69:29: error: use of undeclared identifier 'num'
   69 |         if (state[wid].tile[num].mt)
      |                             ^
fatal error: too many errors emitted, stopping now [-ferror-limit=]
20 errors generated.
ninja: build stopped: subcommand failed.

C++ build system [build] failed while executing:
    /usr/local/lib/android/sdk/cmake/3.22.1/bin/ninja \
      -C \
      /home/runner/work/retro-manager/retro-manager/runtime/retropack-runtime-mupen64/.cxx/Debug/1k4d283o/arm64-v8a \
      retropack-runtime-mupen64
  from /home/runner/work/retro-manager/retro-manager/runtime/retropack-runtime-mupen64
	at com.android.build.gradle.internal.cxx.process.ExecuteProcessKt.execute(ExecuteProcess.kt:288)
	at com.android.build.gradle.internal.cxx.process.ExecuteProcessKt$executeProcess$1.invoke(ExecuteProcess.kt:108)
	at com.android.build.gradle.internal.cxx.process.ExecuteProcessKt$executeProcess$1.invoke(ExecuteProcess.kt:106)
	at com.android.build.gradle.internal.cxx.timing.TimingEnvironmentKt.time(TimingEnvironment.kt:32)
	at com.android.build.gradle.internal.cxx.process.ExecuteProcessKt.executeProcess(ExecuteProcess.kt:106)
	at com.android.build.gradle.internal.cxx.process.ExecuteProcessKt.executeProcess$default(ExecuteProcess.kt:85)
	at com.android.build.gradle.internal.cxx.build.CxxRegularBuilder.executeProcessBatch(CxxRegularBuilder.kt:332)
	at com.android.build.gradle.internal.cxx.build.CxxRegularBuilder.build(CxxRegularBuilder.kt:129)
	at com.android.build.gradle.tasks.ExternalNativeBuildTask.doTaskAction(ExternalNativeBuildTask.kt:72)
	at com.android.build.gradle.internal.tasks.UnsafeOutputsTask$taskAction$$inlined$recordTaskAction$1.invoke(BaseTask.kt:78)
	at com.android.build.gradle.internal.tasks.Blocks.recordSpan(Blocks.java:51)
	at com.android.build.gradle.internal.tasks.UnsafeOutputsTask.taskAction(UnsafeOutputsTask.kt:81)
	at org.gradle.internal.reflect.JavaMethod.invoke(JavaMethod.java:125)
	... 160 more
Caused by: com.android.ide.common.process.ProcessException: Error while executing process /usr/local/lib/android/sdk/cmake/3.22.1/bin/ninja with arguments {-C /home/runner/work/retro-manager/retro-manager/runtime/retropack-runtime-mupen64/.cxx/Debug/1k4d283o/arm64-v8a retropack-runtime-mupen64}
	at com.android.build.gradle.internal.process.GradleProcessResult.buildProcessException(GradleProcessResult.java:73)
	at com.android.build.gradle.internal.process.GradleProcessResult.assertNormalExitValue(GradleProcessResult.java:48)
	at com.android.build.gradle.internal.cxx.process.ExecuteProcessKt.execute(ExecuteProcess.kt:277)
	... 172 more
Caused by: org.gradle.process.ProcessExecutionException: Process 'command '/usr/local/lib/android/sdk/cmake/3.22.1/bin/ninja'' finished with non-zero exit value 1
	at org.gradle.process.internal.DefaultExecHandle$ExecResultImpl.assertNormalExitValue(DefaultExecHandle.java:459)
	at com.android.build.gradle.internal.process.GradleProcessResult.assertNormalExitValue(GradleProcessResult.java:46)
	... 173 more


Deprecated Gradle features were used in this build, making it incompatible with Gradle 10.

You can use '--warning-mode all' to show the individual deprecation warnings and determine if they come from your own scripts or plugins.

For more on this, please refer to https://docs.gradle.org/9.5.1/userguide/command_line_interface.html#sec:command_line_warnings in the Gradle documentation.

BUILD FAILED in 2s
2 actionable tasks: 2 executed
