> Task :template-apk:preBuild UP-TO-DATE
> Task :template-apk:preDebugBuild UP-TO-DATE
> Task :template-apk:mergeDebugNativeDebugMetadata NO-SOURCE
> Task :template-apk:checkKotlinGradlePluginConfigurationErrors SKIPPED
> Task :runtime:retropack-runtime-common:preBuild UP-TO-DATE
> Task :runtime:retropack-runtime-common:preDebugBuild UP-TO-DATE
> Task :runtime:retropack-runtime-common:writeDebugAarMetadata UP-TO-DATE
> Task :runtime:retropack-runtime-fbneo:preBuild UP-TO-DATE
> Task :runtime:retropack-runtime-fbneo:preDebugBuild UP-TO-DATE
> Task :runtime:retropack-runtime-fceumm:preBuild UP-TO-DATE
> Task :runtime:retropack-runtime-fceumm:preDebugBuild UP-TO-DATE
> Task :runtime:retropack-runtime-fbneo:writeDebugAarMetadata
> Task :runtime:retropack-runtime-genesis:preBuild UP-TO-DATE
> Task :runtime:retropack-runtime-fceumm:writeDebugAarMetadata
> Task :runtime:retropack-runtime-genesis:preDebugBuild UP-TO-DATE
> Task :runtime:retropack-runtime-genesis:writeDebugAarMetadata
> Task :runtime:retropack-runtime-melonds:preBuild UP-TO-DATE
> Task :runtime:retropack-runtime-melonds:preDebugBuild UP-TO-DATE
> Task :runtime:retropack-runtime-mgba:preBuild UP-TO-DATE
> Task :runtime:retropack-runtime-mgba:preDebugBuild UP-TO-DATE
> Task :runtime:retropack-runtime-mgba:writeDebugAarMetadata UP-TO-DATE
> Task :runtime:retropack-runtime-mupen64:preBuild UP-TO-DATE
> Task :runtime:retropack-runtime-mupen64:preDebugBuild UP-TO-DATE
> Task :runtime:retropack-runtime-melonds:writeDebugAarMetadata
> Task :runtime:retropack-runtime-pce:preBuild UP-TO-DATE
> Task :runtime:retropack-runtime-pce:preDebugBuild UP-TO-DATE
> Task :runtime:retropack-runtime-mupen64:writeDebugAarMetadata
> Task :runtime:retropack-runtime-pce:writeDebugAarMetadata
> Task :runtime:retropack-runtime-pcsx:preBuild UP-TO-DATE
> Task :runtime:retropack-runtime-pcsx:preDebugBuild UP-TO-DATE
> Task :runtime:retropack-runtime-ppsspp:preBuild UP-TO-DATE
> Task :runtime:retropack-runtime-ppsspp:preDebugBuild UP-TO-DATE
> Task :runtime:retropack-runtime-pcsx:writeDebugAarMetadata
> Task :runtime:retropack-runtime-ppsspp:writeDebugAarMetadata
> Task :runtime:retropack-runtime-snes9x:preBuild UP-TO-DATE
> Task :runtime:retropack-runtime-snes9x:preDebugBuild UP-TO-DATE
> Task :runtime:retropack-runtime-snes9x:writeDebugAarMetadata
> Task :template-apk:generateDebugResValues
> Task :runtime:retropack-runtime-common:generateDebugResValues UP-TO-DATE
> Task :runtime:retropack-runtime-common:generateDebugResources UP-TO-DATE
> Task :template-apk:checkDebugAarMetadata
> Task :runtime:retropack-runtime-common:packageDebugResources UP-TO-DATE
> Task :runtime:retropack-runtime-fbneo:generateDebugResValues
> Task :runtime:retropack-runtime-fbneo:generateDebugResources
> Task :runtime:retropack-runtime-fbneo:packageDebugResources
> Task :runtime:retropack-runtime-fceumm:generateDebugResValues
> Task :runtime:retropack-runtime-fceumm:generateDebugResources
> Task :runtime:retropack-runtime-fceumm:packageDebugResources
> Task :runtime:retropack-runtime-genesis:generateDebugResValues
> Task :runtime:retropack-runtime-genesis:generateDebugResources
> Task :runtime:retropack-runtime-genesis:packageDebugResources
> Task :runtime:retropack-runtime-melonds:generateDebugResValues
> Task :runtime:retropack-runtime-melonds:generateDebugResources
> Task :runtime:retropack-runtime-melonds:packageDebugResources
> Task :runtime:retropack-runtime-mgba:generateDebugResValues UP-TO-DATE
> Task :runtime:retropack-runtime-mgba:generateDebugResources UP-TO-DATE
> Task :runtime:retropack-runtime-mgba:packageDebugResources UP-TO-DATE
> Task :runtime:retropack-runtime-mupen64:generateDebugResValues
> Task :runtime:retropack-runtime-mupen64:generateDebugResources
> Task :runtime:retropack-runtime-mupen64:packageDebugResources
> Task :runtime:retropack-runtime-pce:generateDebugResValues
> Task :runtime:retropack-runtime-pce:generateDebugResources
> Task :runtime:retropack-runtime-pce:packageDebugResources
> Task :runtime:retropack-runtime-pcsx:generateDebugResValues
> Task :runtime:retropack-runtime-pcsx:generateDebugResources
> Task :runtime:retropack-runtime-pcsx:packageDebugResources
> Task :runtime:retropack-runtime-ppsspp:generateDebugResValues
> Task :runtime:retropack-runtime-ppsspp:generateDebugResources
> Task :runtime:retropack-runtime-ppsspp:packageDebugResources
> Task :runtime:retropack-runtime-snes9x:generateDebugResValues
> Task :runtime:retropack-runtime-snes9x:generateDebugResources
> Task :runtime:retropack-runtime-snes9x:packageDebugResources
> Task :template-apk:mapDebugSourceSetPaths
> Task :template-apk:generateDebugResources
> Task :template-apk:packageDebugResources
> Task :template-apk:mergeDebugResources
> Task :template-apk:createDebugCompatibleScreenManifests
> Task :template-apk:parseDebugLocalResources
> Task :template-apk:extractDeepLinksDebug
> Task :runtime:retropack-runtime-common:extractDeepLinksDebug
> Task :runtime:retropack-runtime-common:processDebugManifest UP-TO-DATE
> Task :runtime:retropack-runtime-fbneo:extractDeepLinksDebug
> Task :runtime:retropack-runtime-fceumm:extractDeepLinksDebug
> Task :runtime:retropack-runtime-fbneo:processDebugManifest
> Task :runtime:retropack-runtime-genesis:extractDeepLinksDebug
> Task :runtime:retropack-runtime-fceumm:processDebugManifest
> Task :runtime:retropack-runtime-melonds:extractDeepLinksDebug
> Task :runtime:retropack-runtime-mgba:extractDeepLinksDebug
> Task :runtime:retropack-runtime-mgba:processDebugManifest UP-TO-DATE
> Task :runtime:retropack-runtime-genesis:processDebugManifest
> Task :runtime:retropack-runtime-melonds:processDebugManifest
> Task :runtime:retropack-runtime-mupen64:extractDeepLinksDebug
> Task :runtime:retropack-runtime-pce:extractDeepLinksDebug
> Task :runtime:retropack-runtime-mupen64:processDebugManifest
> Task :runtime:retropack-runtime-pce:processDebugManifest
> Task :runtime:retropack-runtime-pcsx:extractDeepLinksDebug
> Task :runtime:retropack-runtime-ppsspp:extractDeepLinksDebug
> Task :runtime:retropack-runtime-pcsx:processDebugManifest
> Task :runtime:retropack-runtime-ppsspp:processDebugManifest
> Task :runtime:retropack-runtime-snes9x:extractDeepLinksDebug
> Task :runtime:retropack-runtime-snes9x:processDebugManifest
> Task :runtime:retropack-runtime-common:compileDebugLibraryResources

> Task :template-apk:processDebugMainManifest
package="com.retropack.runtime" found in source AndroidManifest.xml: /home/runner/work/retro-manager/retro-manager/template-apk/src/main/AndroidManifest.xml.
Setting the namespace via the package attribute in the source AndroidManifest.xml is no longer supported, and the value is ignored.
Recommendation: remove package="com.retropack.runtime" from the source AndroidManifest.xml: /home/runner/work/retro-manager/retro-manager/template-apk/src/main/AndroidManifest.xml.
/home/runner/work/retro-manager/retro-manager/template-apk/src/main/AndroidManifest.xml:11:9-42 Warning:
	android:extractNativeLibs should not be specified in this source AndroidManifest.xml file. See https://d.android.com/guide/topics/manifest/application-element#extractNativeLibs for more information.
The AGP Upgrade Assistant can remove the attribute from the AndroidManifest.xml file and update the build file accordingly. See https://d.android.com/studio/build/agp-upgrade-assistant for more information.

> Task :template-apk:processDebugManifest
> Task :runtime:retropack-runtime-common:parseDebugLocalResources UP-TO-DATE
> Task :runtime:retropack-runtime-common:generateDebugRFile UP-TO-DATE
> Task :runtime:retropack-runtime-fbneo:compileDebugLibraryResources
> Task :template-apk:processDebugManifestForPackage
> Task :runtime:retropack-runtime-fceumm:compileDebugLibraryResources
> Task :runtime:retropack-runtime-fbneo:parseDebugLocalResources
> Task :runtime:retropack-runtime-genesis:compileDebugLibraryResources
> Task :runtime:retropack-runtime-fceumm:parseDebugLocalResources
> Task :runtime:retropack-runtime-genesis:parseDebugLocalResources
> Task :runtime:retropack-runtime-melonds:compileDebugLibraryResources
> Task :runtime:retropack-runtime-fceumm:generateDebugRFile
> Task :runtime:retropack-runtime-fbneo:generateDebugRFile
> Task :runtime:retropack-runtime-genesis:generateDebugRFile
> Task :runtime:retropack-runtime-mgba:compileDebugLibraryResources
> Task :runtime:retropack-runtime-mgba:parseDebugLocalResources UP-TO-DATE
> Task :runtime:retropack-runtime-mgba:generateDebugRFile UP-TO-DATE
> Task :runtime:retropack-runtime-melonds:parseDebugLocalResources
> Task :runtime:retropack-runtime-mupen64:compileDebugLibraryResources
> Task :runtime:retropack-runtime-melonds:generateDebugRFile
> Task :runtime:retropack-runtime-pce:compileDebugLibraryResources
> Task :runtime:retropack-runtime-mupen64:parseDebugLocalResources
> Task :runtime:retropack-runtime-pce:parseDebugLocalResources
> Task :runtime:retropack-runtime-pcsx:compileDebugLibraryResources
> Task :runtime:retropack-runtime-pcsx:parseDebugLocalResources
> Task :runtime:retropack-runtime-ppsspp:compileDebugLibraryResources
> Task :runtime:retropack-runtime-pce:generateDebugRFile
> Task :runtime:retropack-runtime-mupen64:generateDebugRFile
> Task :runtime:retropack-runtime-snes9x:compileDebugLibraryResources
> Task :runtime:retropack-runtime-common:checkKotlinGradlePluginConfigurationErrors SKIPPED
> Task :runtime:retropack-runtime-ppsspp:parseDebugLocalResources
> Task :runtime:retropack-runtime-snes9x:parseDebugLocalResources
> Task :runtime:retropack-runtime-pcsx:generateDebugRFile
> Task :runtime:retropack-runtime-common:compileDebugKotlin UP-TO-DATE
> Task :runtime:retropack-runtime-ppsspp:generateDebugRFile
> Task :runtime:retropack-runtime-common:javaPreCompileDebug UP-TO-DATE
> Task :runtime:retropack-runtime-snes9x:generateDebugRFile
> Task :runtime:retropack-runtime-common:compileDebugJavaWithJavac NO-SOURCE
> Task :runtime:retropack-runtime-common:bundleLibCompileToJarDebug UP-TO-DATE
> Task :runtime:retropack-runtime-fbneo:checkKotlinGradlePluginConfigurationErrors SKIPPED
> Task :runtime:retropack-runtime-fceumm:checkKotlinGradlePluginConfigurationErrors SKIPPED
> Task :runtime:retropack-runtime-fbneo:javaPreCompileDebug
> Task :runtime:retropack-runtime-fceumm:javaPreCompileDebug
> Task :runtime:retropack-runtime-genesis:checkKotlinGradlePluginConfigurationErrors SKIPPED
> Task :template-apk:processDebugResources
> Task :runtime:retropack-runtime-genesis:javaPreCompileDebug
> Task :runtime:retropack-runtime-melonds:checkKotlinGradlePluginConfigurationErrors SKIPPED
> Task :runtime:retropack-runtime-fbneo:compileDebugKotlin
> Task :runtime:retropack-runtime-fbneo:compileDebugJavaWithJavac NO-SOURCE
> Task :runtime:retropack-runtime-genesis:compileDebugKotlin
> Task :runtime:retropack-runtime-fbneo:bundleLibCompileToJarDebug
> Task :runtime:retropack-runtime-genesis:compileDebugJavaWithJavac NO-SOURCE
> Task :runtime:retropack-runtime-fceumm:compileDebugKotlin
> Task :runtime:retropack-runtime-genesis:bundleLibCompileToJarDebug
> Task :runtime:retropack-runtime-melonds:compileDebugKotlin
> Task :runtime:retropack-runtime-fceumm:compileDebugJavaWithJavac NO-SOURCE
> Task :runtime:retropack-runtime-fceumm:bundleLibCompileToJarDebug
> Task :runtime:retropack-runtime-mgba:checkKotlinGradlePluginConfigurationErrors SKIPPED
> Task :runtime:retropack-runtime-melonds:javaPreCompileDebug
> Task :runtime:retropack-runtime-mgba:compileDebugKotlin UP-TO-DATE
> Task :runtime:retropack-runtime-melonds:compileDebugJavaWithJavac NO-SOURCE
> Task :runtime:retropack-runtime-mgba:javaPreCompileDebug UP-TO-DATE
> Task :runtime:retropack-runtime-mgba:compileDebugJavaWithJavac NO-SOURCE
> Task :runtime:retropack-runtime-melonds:bundleLibCompileToJarDebug
> Task :runtime:retropack-runtime-mupen64:checkKotlinGradlePluginConfigurationErrors SKIPPED
> Task :runtime:retropack-runtime-mgba:bundleLibCompileToJarDebug
> Task :runtime:retropack-runtime-pce:checkKotlinGradlePluginConfigurationErrors SKIPPED
> Task :runtime:retropack-runtime-mupen64:javaPreCompileDebug
> Task :runtime:retropack-runtime-pcsx:checkKotlinGradlePluginConfigurationErrors SKIPPED
> Task :runtime:retropack-runtime-pce:javaPreCompileDebug
> Task :runtime:retropack-runtime-pcsx:javaPreCompileDebug
> Task :runtime:retropack-runtime-ppsspp:checkKotlinGradlePluginConfigurationErrors SKIPPED
> Task :runtime:retropack-runtime-mupen64:compileDebugKotlin
> Task :runtime:retropack-runtime-mupen64:compileDebugJavaWithJavac NO-SOURCE
> Task :runtime:retropack-runtime-mupen64:bundleLibCompileToJarDebug
> Task :runtime:retropack-runtime-ppsspp:javaPreCompileDebug
> Task :runtime:retropack-runtime-snes9x:checkKotlinGradlePluginConfigurationErrors SKIPPED
> Task :runtime:retropack-runtime-ppsspp:compileDebugKotlin
> Task :runtime:retropack-runtime-ppsspp:compileDebugJavaWithJavac NO-SOURCE
> Task :runtime:retropack-runtime-ppsspp:bundleLibCompileToJarDebug
> Task :runtime:retropack-runtime-pcsx:compileDebugKotlin
> Task :runtime:retropack-runtime-snes9x:javaPreCompileDebug
> Task :runtime:retropack-runtime-pcsx:compileDebugJavaWithJavac NO-SOURCE
> Task :runtime:retropack-runtime-pce:compileDebugKotlin
> Task :runtime:retropack-runtime-pcsx:bundleLibCompileToJarDebug
> Task :runtime:retropack-runtime-pce:compileDebugJavaWithJavac NO-SOURCE
> Task :template-apk:javaPreCompileDebug
> Task :runtime:retropack-runtime-pce:bundleLibCompileToJarDebug
> Task :template-apk:mergeDebugShaders
> Task :template-apk:compileDebugShaders NO-SOURCE
> Task :template-apk:generateDebugAssets UP-TO-DATE
> Task :runtime:retropack-runtime-common:mergeDebugShaders UP-TO-DATE
> Task :runtime:retropack-runtime-common:compileDebugShaders NO-SOURCE
> Task :runtime:retropack-runtime-common:generateDebugAssets UP-TO-DATE
> Task :runtime:retropack-runtime-common:packageDebugAssets UP-TO-DATE
> Task :runtime:retropack-runtime-fbneo:mergeDebugShaders
> Task :runtime:retropack-runtime-fbneo:compileDebugShaders NO-SOURCE
> Task :runtime:retropack-runtime-fbneo:generateDebugAssets UP-TO-DATE
> Task :runtime:retropack-runtime-fbneo:packageDebugAssets
> Task :runtime:retropack-runtime-fceumm:mergeDebugShaders
> Task :runtime:retropack-runtime-fceumm:compileDebugShaders NO-SOURCE
> Task :runtime:retropack-runtime-fceumm:generateDebugAssets UP-TO-DATE
> Task :runtime:retropack-runtime-fceumm:packageDebugAssets
> Task :runtime:retropack-runtime-genesis:mergeDebugShaders
> Task :runtime:retropack-runtime-genesis:compileDebugShaders NO-SOURCE
> Task :runtime:retropack-runtime-genesis:generateDebugAssets UP-TO-DATE
> Task :runtime:retropack-runtime-genesis:packageDebugAssets
> Task :runtime:retropack-runtime-melonds:mergeDebugShaders
> Task :runtime:retropack-runtime-melonds:compileDebugShaders NO-SOURCE
> Task :runtime:retropack-runtime-melonds:generateDebugAssets UP-TO-DATE
> Task :runtime:retropack-runtime-melonds:packageDebugAssets
> Task :runtime:retropack-runtime-mgba:mergeDebugShaders UP-TO-DATE
> Task :runtime:retropack-runtime-mgba:compileDebugShaders NO-SOURCE
> Task :runtime:retropack-runtime-mgba:generateDebugAssets UP-TO-DATE
> Task :runtime:retropack-runtime-mgba:packageDebugAssets UP-TO-DATE
> Task :runtime:retropack-runtime-mupen64:mergeDebugShaders
> Task :runtime:retropack-runtime-mupen64:compileDebugShaders NO-SOURCE
> Task :runtime:retropack-runtime-mupen64:generateDebugAssets UP-TO-DATE
> Task :runtime:retropack-runtime-mupen64:packageDebugAssets
> Task :runtime:retropack-runtime-pce:mergeDebugShaders
> Task :runtime:retropack-runtime-pce:compileDebugShaders NO-SOURCE
> Task :runtime:retropack-runtime-pce:generateDebugAssets UP-TO-DATE
> Task :runtime:retropack-runtime-pce:packageDebugAssets
> Task :runtime:retropack-runtime-pcsx:mergeDebugShaders
> Task :runtime:retropack-runtime-pcsx:compileDebugShaders NO-SOURCE
> Task :runtime:retropack-runtime-pcsx:generateDebugAssets UP-TO-DATE
> Task :runtime:retropack-runtime-pcsx:packageDebugAssets
> Task :runtime:retropack-runtime-ppsspp:mergeDebugShaders
> Task :runtime:retropack-runtime-ppsspp:compileDebugShaders NO-SOURCE
> Task :runtime:retropack-runtime-ppsspp:generateDebugAssets UP-TO-DATE
> Task :runtime:retropack-runtime-ppsspp:packageDebugAssets
> Task :runtime:retropack-runtime-snes9x:mergeDebugShaders
> Task :runtime:retropack-runtime-snes9x:compileDebugShaders NO-SOURCE
> Task :runtime:retropack-runtime-snes9x:generateDebugAssets UP-TO-DATE
> Task :runtime:retropack-runtime-snes9x:packageDebugAssets
> Task :template-apk:mergeDebugAssets
> Task :template-apk:compressDebugAssets
> Task :runtime:retropack-runtime-genesis:bundleLibRuntimeToJarDebug
> Task :runtime:retropack-runtime-mgba:bundleLibRuntimeToJarDebug
> Task :runtime:retropack-runtime-fceumm:bundleLibRuntimeToJarDebug
> Task :runtime:retropack-runtime-snes9x:compileDebugKotlin
> Task :runtime:retropack-runtime-snes9x:compileDebugJavaWithJavac NO-SOURCE
> Task :runtime:retropack-runtime-snes9x:bundleLibCompileToJarDebug
> Task :runtime:retropack-runtime-snes9x:bundleLibRuntimeToJarDebug
> Task :runtime:retropack-runtime-fbneo:bundleLibRuntimeToJarDebug
> Task :runtime:retropack-runtime-pce:bundleLibRuntimeToJarDebug
> Task :runtime:retropack-runtime-pcsx:bundleLibRuntimeToJarDebug
> Task :runtime:retropack-runtime-mupen64:bundleLibRuntimeToJarDebug
> Task :runtime:retropack-runtime-ppsspp:bundleLibRuntimeToJarDebug
> Task :runtime:retropack-runtime-melonds:bundleLibRuntimeToJarDebug
> Task :runtime:retropack-runtime-common:bundleLibRuntimeToJarDebug
> Task :template-apk:desugarDebugFileDependencies
> Task :runtime:retropack-runtime-common:processDebugJavaRes UP-TO-DATE
> Task :runtime:retropack-runtime-fbneo:processDebugJavaRes
> Task :runtime:retropack-runtime-fceumm:processDebugJavaRes
> Task :runtime:retropack-runtime-genesis:processDebugJavaRes
> Task :runtime:retropack-runtime-melonds:processDebugJavaRes
> Task :runtime:retropack-runtime-mgba:processDebugJavaRes UP-TO-DATE
> Task :runtime:retropack-runtime-mupen64:processDebugJavaRes
> Task :runtime:retropack-runtime-pce:processDebugJavaRes
> Task :runtime:retropack-runtime-pcsx:processDebugJavaRes
> Task :runtime:retropack-runtime-ppsspp:processDebugJavaRes
> Task :runtime:retropack-runtime-snes9x:processDebugJavaRes
> Task :runtime:retropack-runtime-mgba:bundleLibRuntimeToDirDebug
> Task :template-apk:checkDebugDuplicateClasses
> Task :runtime:retropack-runtime-snes9x:bundleLibRuntimeToDirDebug
> Task :runtime:retropack-runtime-genesis:bundleLibRuntimeToDirDebug
> Task :runtime:retropack-runtime-fceumm:bundleLibRuntimeToDirDebug
> Task :runtime:retropack-runtime-pce:bundleLibRuntimeToDirDebug
> Task :runtime:retropack-runtime-fbneo:bundleLibRuntimeToDirDebug
> Task :runtime:retropack-runtime-pcsx:bundleLibRuntimeToDirDebug
> Task :runtime:retropack-runtime-mupen64:bundleLibRuntimeToDirDebug
> Task :runtime:retropack-runtime-ppsspp:bundleLibRuntimeToDirDebug
> Task :runtime:retropack-runtime-melonds:bundleLibRuntimeToDirDebug

> Task :template-apk:compileDebugKotlin
w: file:///home/runner/work/retro-manager/retro-manager/template-apk/src/main/kotlin/com/retropack/runtime/GameActivity.kt:159:57 Condition is always 'true'.
w: file:///home/runner/work/retro-manager/retro-manager/template-apk/src/main/kotlin/com/retropack/runtime/GameActivity.kt:953:41 'val defaultDisplay: Display!' is deprecated. Deprecated in Java.
w: file:///home/runner/work/retro-manager/retro-manager/template-apk/src/main/kotlin/com/retropack/runtime/GameActivity.kt:972:26 'var systemUiVisibility: Int' is deprecated. Deprecated in Java.
w: file:///home/runner/work/retro-manager/retro-manager/template-apk/src/main/kotlin/com/retropack/runtime/GameActivity.kt:973:18 'static field SYSTEM_UI_FLAG_FULLSCREEN: Int' is deprecated. Deprecated in Java.
w: file:///home/runner/work/retro-manager/retro-manager/template-apk/src/main/kotlin/com/retropack/runtime/GameActivity.kt:974:25 'static field SYSTEM_UI_FLAG_HIDE_NAVIGATION: Int' is deprecated. Deprecated in Java.
w: file:///home/runner/work/retro-manager/retro-manager/template-apk/src/main/kotlin/com/retropack/runtime/GameActivity.kt:975:25 'static field SYSTEM_UI_FLAG_IMMERSIVE_STICKY: Int' is deprecated. Deprecated in Java.
w: file:///home/runner/work/retro-manager/retro-manager/template-apk/src/main/kotlin/com/retropack/runtime/GameActivity.kt:976:25 'static field SYSTEM_UI_FLAG_LAYOUT_FULLSCREEN: Int' is deprecated. Deprecated in Java.
w: file:///home/runner/work/retro-manager/retro-manager/template-apk/src/main/kotlin/com/retropack/runtime/GameActivity.kt:977:25 'static field SYSTEM_UI_FLAG_LAYOUT_HIDE_NAVIGATION: Int' is deprecated. Deprecated in Java.
w: file:///home/runner/work/retro-manager/retro-manager/template-apk/src/main/kotlin/com/retropack/runtime/GameActivity.kt:978:25 'static field SYSTEM_UI_FLAG_LAYOUT_STABLE: Int' is deprecated. Deprecated in Java.

> Task :template-apk:compileDebugJavaWithJavac NO-SOURCE
> Task :runtime:retropack-runtime-common:bundleLibRuntimeToDirDebug
> Task :template-apk:dexBuilderDebug
> Task :template-apk:processDebugJavaRes
> Task :template-apk:mergeDebugJavaResource
> Task :template-apk:mergeExtDexDebug
> Task :template-apk:mergeProjectDexDebug
> Task :template-apk:mergeDebugJniLibFolders
> Task :runtime:retropack-runtime-common:mergeDebugJniLibFolders UP-TO-DATE
> Task :runtime:retropack-runtime-common:mergeDebugNativeLibs NO-SOURCE
> Task :runtime:retropack-runtime-common:copyDebugJniLibsProjectOnly
> Task :runtime:retropack-runtime-fbneo:configureCMakeDebug[arm64-v8a]

> Task :runtime:retropack-runtime-fbneo:buildCMakeDebug[arm64-v8a] FAILED
C/C++: ninja: Entering directory `/home/runner/work/retro-manager/retro-manager/runtime/retropack-runtime-fbneo/.cxx/Debug/1b1s4j3o/arm64-v8a'
C/C++: /usr/local/lib/android/sdk/ndk/27.0.12077973/toolchains/llvm/prebuilt/linux-x86_64/bin/clang++ --target=aarch64-none-linux-android26 --sysroot=/usr/local/lib/android/sdk/ndk/27.0.12077973/toolchains/llvm/prebuilt/linux-x86_64/sysroot -DBUILD_NEOGEO=1 -DHAVE_FBNEO_CORE=1 -DINLINE=inline -DSUPPORT_SPLIT_DRIVER=1 -D__LIBRETRO_OPTIMIZATIONS__=1 -D__LIBRETRO__=1 -Dretropack_runtime_fbneo_EXPORTS -I/home/runner/work/retro-manager/retro-manager/runtime/retropack-runtime-fbneo/src/main/cpp -I/home/runner/work/retro-manager/retro-manager/runtime/retropack-runtime-fbneo/submodules/fbneo -I/home/runner/work/retro-manager/retro-manager/runtime/retropack-runtime-fbneo/submodules/fbneo/src -I/home/runner/work/retro-manager/retro-manager/runtime/retropack-runtime-fbneo/submodules/fbneo/src/burn -I/home/runner/work/retro-manager/retro-manager/runtime/retropack-runtime-fbneo/submodules/fbneo/src/burn/devices -I/home/runner/work/retro-manager/retro-manager/runtime/retropack-runtime-fbneo/submodules/fbneo/src/burn/snd -I/home/runner/work/retro-manager/retro-manager/runtime/retropack-runtime-fbneo/submodules/fbneo/src/burn/drv/neogeo -I/home/runner/work/retro-manager/retro-manager/runtime/retropack-runtime-fbneo/submodules/fbneo/src/burner -I/home/runner/work/retro-manager/retro-manager/runtime/retropack-runtime-fbneo/submodules/fbneo/src/burner/libretro -I/home/runner/work/retro-manager/retro-manager/runtime/retropack-runtime-fbneo/submodules/fbneo/src/cpu -I/home/runner/work/retro-manager/retro-manager/runtime/retropack-runtime-fbneo/submodules/fbneo/src/cpu/m68k -I/home/runner/work/retro-manager/retro-manager/runtime/retropack-runtime-fbneo/submodules/fbneo/src/cpu/z80 -I/home/runner/work/retro-manager/retro-manager/runtime/retropack-runtime-fbneo/submodules/fbneo/src/dep/libs/zlib -g -DANDROID -fdata-sections -ffunction-sections -funwind-tables -fstack-protector-strong -no-canonical-prefixes -D_FORTIFY_SOURCE=2 -Wformat -Werror=format-security   -fno-limit-debug-info  -fPIC -MD -MT CMakeFiles/retropack-runtime-fbneo.dir/submodules/fbneo/src/burn/burn_memory.cpp.o -MF CMakeFiles/retropack-runtime-fbneo.dir/submodules/fbneo/src/burn/burn_memory.cpp.o.d -o CMakeFiles/retropack-runtime-fbneo.dir/submodules/fbneo/src/burn/burn_memory.cpp.o -c /home/runner/work/retro-manager/retro-manager/runtime/retropack-runtime-fbneo/submodules/fbneo/src/burn/burn_memory.cpp
C/C++: In file included from /home/runner/work/retro-manager/retro-manager/runtime/retropack-runtime-fbneo/submodules/fbneo/src/burn/burn_memory.cpp:7:
C/C++: In file included from /home/runner/work/retro-manager/retro-manager/runtime/retropack-runtime-fbneo/submodules/fbneo/src/burn/burnint.h:13:
C/C++: /home/runner/work/retro-manager/retro-manager/runtime/retropack-runtime-fbneo/submodules/fbneo/src/burner/libretro/tchar.h:4:10: fatal error: 'libretro.h' file not found
C/C++:     4 | #include "libretro.h"
C/C++:       |          ^~~~~~~~~~~~
C/C++: 1 error generated.
C/C++: /usr/local/lib/android/sdk/ndk/27.0.12077973/toolchains/llvm/prebuilt/linux-x86_64/bin/clang++ --target=aarch64-none-linux-android26 --sysroot=/usr/local/lib/android/sdk/ndk/27.0.12077973/toolchains/llvm/prebuilt/linux-x86_64/sysroot -DBUILD_NEOGEO=1 -DHAVE_FBNEO_CORE=1 -DINLINE=inline -DSUPPORT_SPLIT_DRIVER=1 -D__LIBRETRO_OPTIMIZATIONS__=1 -D__LIBRETRO__=1 -Dretropack_runtime_fbneo_EXPORTS -I/home/runner/work/retro-manager/retro-manager/runtime/retropack-runtime-fbneo/src/main/cpp -I/home/runner/work/retro-manager/retro-manager/runtime/retropack-runtime-fbneo/submodules/fbneo -I/home/runner/work/retro-manager/retro-manager/runtime/retropack-runtime-fbneo/submodules/fbneo/src -I/home/runner/work/retro-manager/retro-manager/runtime/retropack-runtime-fbneo/submodules/fbneo/src/burn -I/home/runner/work/retro-manager/retro-manager/runtime/retropack-runtime-fbneo/submodules/fbneo/src/burn/devices -I/home/runner/work/retro-manager/retro-manager/runtime/retropack-runtime-fbneo/submodules/fbneo/src/burn/snd -I/home/runner/work/retro-manager/retro-manager/runtime/retropack-runtime-fbneo/submodules/fbneo/src/burn/drv/neogeo -I/home/runner/work/retro-manager/retro-manager/runtime/retropack-runtime-fbneo/submodules/fbneo/src/burner -I/home/runner/work/retro-manager/retro-manager/runtime/retropack-runtime-fbneo/submodules/fbneo/src/burner/libretro -I/home/runner/work/retro-manager/retro-manager/runtime/retropack-runtime-fbneo/submodules/fbneo/src/cpu -I/home/runner/work/retro-manager/retro-manager/runtime/retropack-runtime-fbneo/submodules/fbneo/src/cpu/m68k -I/home/runner/work/retro-manager/retro-manager/runtime/retropack-runtime-fbneo/submodules/fbneo/src/cpu/z80 -I/home/runner/work/retro-manager/retro-manager/runtime/retropack-runtime-fbneo/submodules/fbneo/src/dep/libs/zlib -g -DANDROID -fdata-sections -ffunction-sections -funwind-tables -fstack-protector-strong -no-canonical-prefixes -D_FORTIFY_SOURCE=2 -Wformat -Werror=format-security   -fno-limit-debug-info  -fPIC -MD -MT CMakeFiles/retropack-runtime-fbneo.dir/submodules/fbneo/src/burn/debug_track.cpp.o -MF CMakeFiles/retropack-runtime-fbneo.dir/submodules/fbneo/src/burn/debug_track.cpp.o.d -o CMakeFiles/retropack-runtime-fbneo.dir/submodules/fbneo/src/burn/debug_track.cpp.o -c /home/runner/work/retro-manager/retro-manager/runtime/retropack-runtime-fbneo/submodules/fbneo/src/burn/debug_track.cpp
C/C++: In file included from /home/runner/work/retro-manager/retro-manager/runtime/retropack-runtime-fbneo/submodules/fbneo/src/burn/debug_track.cpp:3:
C/C++: In file included from /home/runner/work/retro-manager/retro-manager/runtime/retropack-runtime-fbneo/submodules/fbneo/src/burn/burnint.h:13:
C/C++: /home/runner/work/retro-manager/retro-manager/runtime/retropack-runtime-fbneo/submodules/fbneo/src/burner/libretro/tchar.h:4:10: fatal error: 'libretro.h' file not found
C/C++:     4 | #include "libretro.h"
C/C++:       |          ^~~~~~~~~~~~
C/C++: 1 error generated.
C/C++: /usr/local/lib/android/sdk/ndk/27.0.12077973/toolchains/llvm/prebuilt/linux-x86_64/bin/clang++ --target=aarch64-none-linux-android26 --sysroot=/usr/local/lib/android/sdk/ndk/27.0.12077973/toolchains/llvm/prebuilt/linux-x86_64/sysroot -DBUILD_NEOGEO=1 -DHAVE_FBNEO_CORE=1 -DINLINE=inline -DSUPPORT_SPLIT_DRIVER=1 -D__LIBRETRO_OPTIMIZATIONS__=1 -D__LIBRETRO__=1 -Dretropack_runtime_fbneo_EXPORTS -I/home/runner/work/retro-manager/retro-manager/runtime/retropack-runtime-fbneo/src/main/cpp -I/home/runner/work/retro-manager/retro-manager/runtime/retropack-runtime-fbneo/submodules/fbneo -I/home/runner/work/retro-manager/retro-manager/runtime/retropack-runtime-fbneo/submodules/fbneo/src -I/home/runner/work/retro-manager/retro-manager/runtime/retropack-runtime-fbneo/submodules/fbneo/src/burn -I/home/runner/work/retro-manager/retro-manager/runtime/retropack-runtime-fbneo/submodules/fbneo/src/burn/devices -I/home/runner/work/retro-manager/retro-manager/runtime/retropack-runtime-fbneo/submodules/fbneo/src/burn/snd -I/home/runner/work/retro-manager/retro-manager/runtime/retropack-runtime-fbneo/submodules/fbneo/src/burn/drv/neogeo -I/home/runner/work/retro-manager/retro-manager/runtime/retropack-runtime-fbneo/submodules/fbneo/src/burner -I/home/runner/work/retro-manager/retro-manager/runtime/retropack-runtime-fbneo/submodules/fbneo/src/burner/libretro -I/home/runner/work/retro-manager/retro-manager/runtime/retropack-runtime-fbneo/submodules/fbneo/src/cpu -I/home/runner/work/retro-manager/retro-manager/runtime/retropack-runtime-fbneo/submodules/fbneo/src/cpu/m68k -I/home/runner/work/retro-manager/retro-manager/runtime/retropack-runtime-fbneo/submodules/fbneo/src/cpu/z80 -I/home/runner/work/retro-manager/retro-manager/runtime/retropack-runtime-fbneo/submodules/fbneo/src/dep/libs/zlib -g -DANDROID -fdata-sections -ffunction-sections -funwind-tables -fstack-protector-strong -no-canonical-prefixes -D_FORTIFY_SOURCE=2 -Wformat -Werror=format-security   -fno-limit-debug-info  -fPIC -MD -MT CMakeFiles/retropack-runtime-fbneo.dir/submodules/fbneo/src/burn/burn_sound.cpp.o -MF CMakeFiles/retropack-runtime-fbneo.dir/submodules/fbneo/src/burn/burn_sound.cpp.o.d -o CMakeFiles/retropack-runtime-fbneo.dir/submodules/fbneo/src/burn/burn_sound.cpp.o -c /home/runner/work/retro-manager/retro-manager/runtime/retropack-runtime-fbneo/submodules/fbneo/src/burn/burn_sound.cpp
C/C++: In file included from /home/runner/work/retro-manager/retro-manager/runtime/retropack-runtime-fbneo/submodules/fbneo/src/burn/burn_sound.cpp:1:
C/C++: In file included from /home/runner/work/retro-manager/retro-manager/runtime/retropack-runtime-fbneo/submodules/fbneo/src/burn/burnint.h:13:
C/C++: /home/runner/work/retro-manager/retro-manager/runtime/retropack-runtime-fbneo/submodules/fbneo/src/burner/libretro/tchar.h:4:10: fatal error: 'libretro.h' file not found
C/C++:     4 | #include "libretro.h"
C/C++:       |          ^~~~~~~~~~~~
C/C++: 1 error generated.
C/C++: /usr/local/lib/android/sdk/ndk/27.0.12077973/toolchains/llvm/prebuilt/linux-x86_64/bin/clang --target=aarch64-none-linux-android26 --sysroot=/usr/local/lib/android/sdk/ndk/27.0.12077973/toolchains/llvm/prebuilt/linux-x86_64/sysroot -DBUILD_NEOGEO=1 -DHAVE_FBNEO_CORE=1 -DINLINE=inline -DSUPPORT_SPLIT_DRIVER=1 -D__LIBRETRO_OPTIMIZATIONS__=1 -D__LIBRETRO__=1 -Dretropack_runtime_fbneo_EXPORTS -I/home/runner/work/retro-manager/retro-manager/runtime/retropack-runtime-fbneo/src/main/cpp -I/home/runner/work/retro-manager/retro-manager/runtime/retropack-runtime-fbneo/submodules/fbneo -I/home/runner/work/retro-manager/retro-manager/runtime/retropack-runtime-fbneo/submodules/fbneo/src -I/home/runner/work/retro-manager/retro-manager/runtime/retropack-runtime-fbneo/submodules/fbneo/src/burn -I/home/runner/work/retro-manager/retro-manager/runtime/retropack-runtime-fbneo/submodules/fbneo/src/burn/devices -I/home/runner/work/retro-manager/retro-manager/runtime/retropack-runtime-fbneo/submodules/fbneo/src/burn/snd -I/home/runner/work/retro-manager/retro-manager/runtime/retropack-runtime-fbneo/submodules/fbneo/src/burn/drv/neogeo -I/home/runner/work/retro-manager/retro-manager/runtime/retropack-runtime-fbneo/submodules/fbneo/src/burner -I/home/runner/work/retro-manager/retro-manager/runtime/retropack-runtime-fbneo/submodules/fbneo/src/burner/libretro -I/home/runner/work/retro-manager/retro-manager/runtime/retropack-runtime-fbneo/submodules/fbneo/src/cpu -I/home/runner/work/retro-manager/retro-manager/runtime/retropack-runtime-fbneo/submodules/fbneo/src/cpu/m68k -I/home/runner/work/retro-manager/retro-manager/runtime/retropack-runtime-fbneo/submodules/fbneo/src/cpu/z80 -I/home/runner/work/retro-manager/retro-manager/runtime/retropack-runtime-fbneo/submodules/fbneo/src/dep/libs/zlib -g -DANDROID -fdata-sections -ffunction-sections -funwind-tables -fstack-protector-strong -no-canonical-prefixes -D_FORTIFY_SOURCE=2 -Wformat -Werror=format-security  -fno-limit-debug-info  -fPIC -std=gnu11 -MD -MT CMakeFiles/retropack-runtime-fbneo.dir/src/main/cpp/fbneo-jni.c.o -MF CMakeFiles/retropack-runtime-fbneo.dir/src/main/cpp/fbneo-jni.c.o.d -o CMakeFiles/retropack-runtime-fbneo.dir/src/main/cpp/fbneo-jni.c.o -c /home/runner/work/retro-manager/retro-manager/runtime/retropack-runtime-fbneo/src/main/cpp/fbneo-jni.c
C/C++: In file included from /home/runner/work/retro-manager/retro-manager/runtime/retropack-runtime-fbneo/src/main/cpp/fbneo-jni.c:43:
C/C++: In file included from /home/runner/work/retro-manager/retro-manager/runtime/retropack-runtime-fbneo/submodules/fbneo/src/burner/burner.h:13:
C/C++: /home/runner/work/retro-manager/retro-manager/runtime/retropack-runtime-fbneo/submodules/fbneo/src/burner/libretro/tchar.h:4:10: fatal error: 'libretro.h' file not found
C/C++:     4 | #include "libretro.h"
C/C++:       |          ^~~~~~~~~~~~
C/C++: 1 error generated.
C/C++: /usr/local/lib/android/sdk/ndk/27.0.12077973/toolchains/llvm/prebuilt/linux-x86_64/bin/clang++ --target=aarch64-none-linux-android26 --sysroot=/usr/local/lib/android/sdk/ndk/27.0.12077973/toolchains/llvm/prebuilt/linux-x86_64/sysroot -DBUILD_NEOGEO=1 -DHAVE_FBNEO_CORE=1 -DINLINE=inline -DSUPPORT_SPLIT_DRIVER=1 -D__LIBRETRO_OPTIMIZATIONS__=1 -D__LIBRETRO__=1 -Dretropack_runtime_fbneo_EXPORTS -I/home/runner/work/retro-manager/retro-manager/runtime/retropack-runtime-fbneo/src/main/cpp -I/home/runner/work/retro-manager/retro-manager/runtime/retropack-runtime-fbneo/submodules/fbneo -I/home/runner/work/retro-manager/retro-manager/runtime/retropack-runtime-fbneo/submodules/fbneo/src -I/home/runner/work/retro-manager/retro-manager/runtime/retropack-runtime-fbneo/submodules/fbneo/src/burn -I/home/runner/work/retro-manager/retro-manager/runtime/retropack-runtime-fbneo/submodules/fbneo/src/burn/devices -I/home/runner/work/retro-manager/retro-manager/runtime/retropack-runtime-fbneo/submodules/fbneo/src/burn/snd -I/home/runner/work/retro-manager/retro-manager/runtime/retropack-runtime-fbneo/submodules/fbneo/src/burn/drv/neogeo -I/home/runner/work/retro-manager/retro-manager/runtime/retropack-runtime-fbneo/submodules/fbneo/src/burner -I/home/runner/work/retro-manager/retro-manager/runtime/retropack-runtime-fbneo/submodules/fbneo/src/burner/libretro -I/home/runner/work/retro-manager/retro-manager/runtime/retropack-runtime-fbneo/submodules/fbneo/src/cpu -I/home/runner/work/retro-manager/retro-manager/runtime/retropack-runtime-fbneo/submodules/fbneo/src/cpu/m68k -I/home/runner/work/retro-manager/retro-manager/runtime/retropack-runtime-fbneo/submodules/fbneo/src/cpu/z80 -I/home/runner/work/retro-manager/retro-manager/runtime/retropack-runtime-fbneo/submodules/fbneo/src/dep/libs/zlib -g -DANDROID -fdata-sections -ffunction-sections -funwind-tables -fstack-protector-strong -no-canonical-prefixes -D_FORTIFY_SOURCE=2 -Wformat -Werror=format-security   -fno-limit-debug-info  -fPIC -MD -MT CMakeFiles/retropack-runtime-fbneo.dir/submodules/fbneo/src/burn/burn_gun.cpp.o -MF CMakeFiles/retropack-runtime-fbneo.dir/submodules/fbneo/src/burn/burn_gun.cpp.o.d -o CMakeFiles/retropack-runtime-fbneo.dir/submodules/fbneo/src/burn/burn_gun.cpp.o -c /home/runner/work/retro-manager/retro-manager/runtime/retropack-runtime-fbneo/submodules/fbneo/src/burn/burn_gun.cpp
C/C++: In file included from /home/runner/work/retro-manager/retro-manager/runtime/retropack-runtime-fbneo/submodules/fbneo/src/burn/burn_gun.cpp:1:
C/C++: In file included from /home/runner/work/retro-manager/retro-manager/runtime/retropack-runtime-fbneo/submodules/fbneo/src/burn/burnint.h:13:
C/C++: /home/runner/work/retro-manager/retro-manager/runtime/retropack-runtime-fbneo/submodules/fbneo/src/burner/libretro/tchar.h:4:10: fatal error: 'libretro.h' file not found
C/C++:     4 | #include "libretro.h"
C/C++:       |          ^~~~~~~~~~~~
C/C++: 1 error generated.
C/C++: /usr/local/lib/android/sdk/ndk/27.0.12077973/toolchains/llvm/prebuilt/linux-x86_64/bin/clang++ --target=aarch64-none-linux-android26 --sysroot=/usr/local/lib/android/sdk/ndk/27.0.12077973/toolchains/llvm/prebuilt/linux-x86_64/sysroot -DBUILD_NEOGEO=1 -DHAVE_FBNEO_CORE=1 -DINLINE=inline -DSUPPORT_SPLIT_DRIVER=1 -D__LIBRETRO_OPTIMIZATIONS__=1 -D__LIBRETRO__=1 -Dretropack_runtime_fbneo_EXPORTS -I/home/runner/work/retro-manager/retro-manager/runtime/retropack-runtime-fbneo/src/main/cpp -I/home/runner/work/retro-manager/retro-manager/runtime/retropack-runtime-fbneo/submodules/fbneo -I/home/runner/work/retro-manager/retro-manager/runtime/retropack-runtime-fbneo/submodules/fbneo/src -I/home/runner/work/retro-manager/retro-manager/runtime/retropack-runtime-fbneo/submodules/fbneo/src/burn -I/home/runner/work/retro-manager/retro-manager/runtime/retropack-runtime-fbneo/submodules/fbneo/src/burn/devices -I/home/runner/work/retro-manager/retro-manager/runtime/retropack-runtime-fbneo/submodules/fbneo/src/burn/snd -I/home/runner/work/retro-manager/retro-manager/runtime/retropack-runtime-fbneo/submodules/fbneo/src/burn/drv/neogeo -I/home/runner/work/retro-manager/retro-manager/runtime/retropack-runtime-fbneo/submodules/fbneo/src/burner -I/home/runner/work/retro-manager/retro-manager/runtime/retropack-runtime-fbneo/submodules/fbneo/src/burner/libretro -I/home/runner/work/retro-manager/retro-manager/runtime/retropack-runtime-fbneo/submodules/fbneo/src/cpu -I/home/runner/work/retro-manager/retro-manager/runtime/retropack-runtime-fbneo/submodules/fbneo/src/cpu/m68k -I/home/runner/work/retro-manager/retro-manager/runtime/retropack-runtime-fbneo/submodules/fbneo/src/cpu/z80 -I/home/runner/work/retro-manager/retro-manager/runtime/retropack-runtime-fbneo/submodules/fbneo/src/dep/libs/zlib -g -DANDROID -fdata-sections -ffunction-sections -funwind-tables -fstack-protector-strong -no-canonical-prefixes -D_FORTIFY_SOURCE=2 -Wformat -Werror=format-security   -fno-limit-debug-info  -fPIC -MD -MT CMakeFiles/retropack-runtime-fbneo.dir/submodules/fbneo/src/burn/burn.cpp.o -MF CMakeFiles/retropack-runtime-fbneo.dir/submodules/fbneo/src/burn/burn.cpp.o.d -o CMakeFiles/retropack-runtime-fbneo.dir/submodules/fbneo/src/burn/burn.cpp.o -c /home/runner/work/retro-manager/retro-manager/runtime/retropack-runtime-fbneo/submodules/fbneo/src/burn/burn.cpp
C/C++: In file included from /home/runner/work/retro-manager/retro-manager/runtime/retropack-runtime-fbneo/submodules/fbneo/src/burn/burn.cpp:4:
C/C++: In file included from /home/runner/work/retro-manager/retro-manager/runtime/retropack-runtime-fbneo/submodules/fbneo/src/burn/burnint.h:13:
C/C++: /home/runner/work/retro-manager/retro-manager/runtime/retropack-runtime-fbneo/submodules/fbneo/src/burner/libretro/tchar.h:4:10: fatal error: 'libretro.h' file not found
C/C++:     4 | #include "libretro.h"
C/C++:       |          ^~~~~~~~~~~~
C/C++: 1 error generated.
gradle/actions: Writing build results to /home/runner/work/_temp/.gradle-actions/build-results/__run_4-1790573898145.json

[Incubating] Problems report is available at: file:///home/runner/work/retro-manager/retro-manager/build/reports/problems/problems-report.html

FAILURE: Build failed with an exception.

* What went wrong:
Execution failed for task ':runtime:retropack-runtime-fbneo:buildCMakeDebug[arm64-v8a]' (registered by plugin 'com.android.internal.library').
> com.android.ide.common.process.ProcessException: ninja: Entering directory `/home/runner/work/retro-manager/retro-manager/runtime/retropack-runtime-fbneo/.cxx/Debug/1b1s4j3o/arm64-v8a'
  [1/45] Building CXX object CMakeFiles/retropack-runtime-fbneo.dir/submodules/fbneo/src/burn/burn_memory.cpp.o
  FAILED: CMakeFiles/retropack-runtime-fbneo.dir/submodules/fbneo/src/burn/burn_memory.cpp.o 
  /usr/local/lib/android/sdk/ndk/27.0.12077973/toolchains/llvm/prebuilt/linux-x86_64/bin/clang++ --target=aarch64-none-linux-android26 --sysroot=/usr/local/lib/android/sdk/ndk/27.0.12077973/toolchains/llvm/prebuilt/linux-x86_64/sysroot -DBUILD_NEOGEO=1 -DHAVE_FBNEO_CORE=1 -DINLINE=inline -DSUPPORT_SPLIT_DRIVER=1 -D__LIBRETRO_OPTIMIZATIONS__=1 -D__LIBRETRO__=1 -Dretropack_runtime_fbneo_EXPORTS -I/home/runner/work/retro-manager/retro-manager/runtime/retropack-runtime-fbneo/src/main/cpp -I/home/runner/work/retro-manager/retro-manager/runtime/retropack-runtime-fbneo/submodules/fbneo -I/home/runner/work/retro-manager/retro-manager/runtime/retropack-runtime-fbneo/submodules/fbneo/src -I/home/runner/work/retro-manager/retro-manager/runtime/retropack-runtime-fbneo/submodules/fbneo/src/burn -I/home/runner/work/retro-manager/retro-manager/runtime/retropack-runtime-fbneo/submodules/fbneo/src/burn/devices -I/home/runner/work/retro-manager/retro-manager/runtime/retropack-runtime-fbneo/submodules/fbneo/src/burn/snd -I/home/runner/work/retro-manager/retro-manager/runtime/retropack-runtime-fbneo/submodules/fbneo/src/burn/drv/neogeo -I/home/runner/work/retro-manager/retro-manager/runtime/retropack-runtime-fbneo/submodules/fbneo/src/burner -I/home/runner/work/retro-manager/retro-manager/runtime/retropack-runtime-fbneo/submodules/fbneo/src/burner/libretro -I/home/runner/work/retro-manager/retro-manager/runtime/retropack-runtime-fbneo/submodules/fbneo/src/cpu -I/home/runner/work/retro-manager/retro-manager/runtime/retropack-runtime-fbneo/submodules/fbneo/src/cpu/m68k -I/home/runner/work/retro-manager/retro-manager/runtime/retropack-runtime-fbneo/submodules/fbneo/src/cpu/z80 -I/home/runner/work/retro-manager/retro-manager/runtime/retropack-runtime-fbneo/submodules/fbneo/src/dep/libs/zlib -g -DANDROID -fdata-sections -ffunction-sections -funwind-tables -fstack-protector-strong -no-canonical-prefixes -D_FORTIFY_SOURCE=2 -Wformat -Werror=format-security   -fno-limit-debug-info  -fPIC -MD -MT CMakeFiles/retropack-runtime-fbneo.dir/submodules/fbneo/src/burn/burn_memory.cpp.o -MF CMakeFiles/retropack-runtime-fbneo.dir/submodules/fbneo/src/burn/burn_memory.cpp.o.d -o CMakeFiles/retropack-runtime-fbneo.dir/submodules/fbneo/src/burn/burn_memory.cpp.o -c /home/runner/work/retro-manager/retro-manager/runtime/retropack-runtime-fbneo/submodules/fbneo/src/burn/burn_memory.cpp
  In file included from /home/runner/work/retro-manager/retro-manager/runtime/retropack-runtime-fbneo/submodules/fbneo/src/burn/burn_memory.cpp:7:
  In file included from /home/runner/work/retro-manager/retro-manager/runtime/retropack-runtime-fbneo/submodules/fbneo/src/burn/burnint.h:13:
  /home/runner/work/retro-manager/retro-manager/runtime/retropack-runtime-fbneo/submodules/fbneo/src/burner/libretro/tchar.h:4:10: fatal error: 'libretro.h' file not found
      4 | #include "libretro.h"
        |          ^~~~~~~~~~~~
  1 error generated.
  [2/45] Building CXX object CMakeFiles/retropack-runtime-fbneo.dir/submodules/fbneo/src/burn/debug_track.cpp.o
  FAILED: CMakeFiles/retropack-runtime-fbneo.dir/submodules/fbneo/src/burn/debug_track.cpp.o 
  /usr/local/lib/android/sdk/ndk/27.0.12077973/toolchains/llvm/prebuilt/linux-x86_64/bin/clang++ --target=aarch64-none-linux-android26 --sysroot=/usr/local/lib/android/sdk/ndk/27.0.12077973/toolchains/llvm/prebuilt/linux-x86_64/sysroot -DBUILD_NEOGEO=1 -DHAVE_FBNEO_CORE=1 -DINLINE=inline -DSUPPORT_SPLIT_DRIVER=1 -D__LIBRETRO_OPTIMIZATIONS__=1 -D__LIBRETRO__=1 -Dretropack_runtime_fbneo_EXPORTS -I/home/runner/work/retro-manager/retro-manager/runtime/retropack-runtime-fbneo/src/main/cpp -I/home/runner/work/retro-manager/retro-manager/runtime/retropack-runtime-fbneo/submodules/fbneo -I/home/runner/work/retro-manager/retro-manager/runtime/retropack-runtime-fbneo/submodules/fbneo/src -I/home/runner/work/retro-manager/retro-manager/runtime/retropack-runtime-fbneo/submodules/fbneo/src/burn -I/home/runner/work/retro-manager/retro-manager/runtime/retropack-runtime-fbneo/submodules/fbneo/src/burn/devices -I/home/runner/work/retro-manager/retro-manager/runtime/retropack-runtime-fbneo/submodules/fbneo/src/burn/snd -I/home/runner/work/retro-manager/retro-manager/runtime/retropack-runtime-fbneo/submodules/fbneo/src/burn/drv/neogeo -I/home/runner/work/retro-manager/retro-manager/runtime/retropack-runtime-fbneo/submodules/fbneo/src/burner -I/home/runner/work/retro-manager/retro-manager/runtime/retropack-runtime-fbneo/submodules/fbneo/src/burner/libretro -I/home/runner/work/retro-manager/retro-manager/runtime/retropack-runtime-fbneo/submodules/fbneo/src/cpu -I/home/runner/work/retro-manager/retro-manager/runtime/retropack-runtime-fbneo/submodules/fbneo/src/cpu/m68k -I/home/runner/work/retro-manager/retro-manager/runtime/retropack-runtime-fbneo/submodules/fbneo/src/cpu/z80 -I/home/runner/work/retro-manager/retro-manager/runtime/retropack-runtime-fbneo/submodules/fbneo/src/dep/libs/zlib -g -DANDROID -fdata-sections -ffunction-sections -funwind-tables -fstack-protector-strong -no-canonical-prefixes -D_FORTIFY_SOURCE=2 -Wformat -Werror=format-security   -fno-limit-debug-info  -fPIC -MD -MT CMakeFiles/retropack-runtime-fbneo.dir/submodules/fbneo/src/burn/debug_track.cpp.o -MF CMakeFiles/retropack-runtime-fbneo.dir/submodules/fbneo/src/burn/debug_track.cpp.o.d -o CMakeFiles/retropack-runtime-fbneo.dir/submodules/fbneo/src/burn/debug_track.cpp.o -c /home/runner/work/retro-manager/retro-manager/runtime/retropack-runtime-fbneo/submodules/fbneo/src/burn/debug_track.cpp
  In file included from /home/runner/work/retro-manager/retro-manager/runtime/retropack-runtime-fbneo/submodules/fbneo/src/burn/debug_track.cpp:3:
  In file included from /home/runner/work/retro-manager/retro-manager/runtime/retropack-runtime-fbneo/submodules/fbneo/src/burn/burnint.h:13:
  /home/runner/work/retro-manager/retro-manager/runtime/retropack-runtime-fbneo/submodules/fbneo/src/burner/libretro/tchar.h:4:10: fatal error: 'libretro.h' file not found
      4 | #include "libretro.h"
        |          ^~~~~~~~~~~~
  1 error generated.
  [3/45] Building CXX object CMakeFiles/retropack-runtime-fbneo.dir/submodules/fbneo/src/burn/burn_sound.cpp.o
  FAILED: CMakeFiles/retropack-runtime-fbneo.dir/submodules/fbneo/src/burn/burn_sound.cpp.o 
  /usr/local/lib/android/sdk/ndk/27.0.12077973/toolchains/llvm/prebuilt/linux-x86_64/bin/clang++ --target=aarch64-none-linux-android26 --sysroot=/usr/local/lib/android/sdk/ndk/27.0.12077973/toolchains/llvm/prebuilt/linux-x86_64/sysroot -DBUILD_NEOGEO=1 -DHAVE_FBNEO_CORE=1 -DINLINE=inline -DSUPPORT_SPLIT_DRIVER=1 -D__LIBRETRO_OPTIMIZATIONS__=1 -D__LIBRETRO__=1 -Dretropack_runtime_fbneo_EXPORTS -I/home/runner/work/retro-manager/retro-manager/runtime/retropack-runtime-fbneo/src/main/cpp -I/home/runner/work/retro-manager/retro-manager/runtime/retropack-runtime-fbneo/submodules/fbneo -I/home/runner/work/retro-manager/retro-manager/runtime/retropack-runtime-fbneo/submodules/fbneo/src -I/home/runner/work/retro-manager/retro-manager/runtime/retropack-runtime-fbneo/submodules/fbneo/src/burn -I/home/runner/work/retro-manager/retro-manager/runtime/retropack-runtime-fbneo/submodules/fbneo/src/burn/devices -I/home/runner/work/retro-manager/retro-manager/runtime/retropack-runtime-fbneo/submodules/fbneo/src/burn/snd -I/home/runner/work/retro-manager/retro-manager/runtime/retropack-runtime-fbneo/submodules/fbneo/src/burn/drv/neogeo -I/home/runner/work/retro-manager/retro-manager/runtime/retropack-runtime-fbneo/submodules/fbneo/src/burner -I/home/runner/work/retro-manager/retro-manager/runtime/retropack-runtime-fbneo/submodules/fbneo/src/burner/libretro -I/home/runner/work/retro-manager/retro-manager/runtime/retropack-runtime-fbneo/submodules/fbneo/src/cpu -I/home/runner/work/retro-manager/retro-manager/runtime/retropack-runtime-fbneo/submodules/fbneo/src/cpu/m68k -I/home/runner/work/retro-manager/retro-manager/runtime/retropack-runtime-fbneo/submodules/fbneo/src/cpu/z80 -I/home/runner/work/retro-manager/retro-manager/runtime/retropack-runtime-fbneo/submodules/fbneo/src/dep/libs/zlib -g -DANDROID -fdata-sections -ffunction-sections -funwind-tables -fstack-protector-strong -no-canonical-prefixes -D_FORTIFY_SOURCE=2 -Wformat -Werror=format-security   -fno-limit-debug-info  -fPIC -MD -MT CMakeFiles/retropack-runtime-fbneo.dir/submodules/fbneo/src/burn/burn_sound.cpp.o -MF CMakeFiles/retropack-runtime-fbneo.dir/submodules/fbneo/src/burn/burn_sound.cpp.o.d -o CMakeFiles/retropack-runtime-fbneo.dir/submodules/fbneo/src/burn/burn_sound.cpp.o -c /home/runner/work/retro-manager/retro-manager/runtime/retropack-runtime-fbneo/submodules/fbneo/src/burn/burn_sound.cpp
  In file included from /home/runner/work/retro-manager/retro-manager/runtime/retropack-runtime-fbneo/submodules/fbneo/src/burn/burn_sound.cpp:1:
  In file included from /home/runner/work/retro-manager/retro-manager/runtime/retropack-runtime-fbneo/submodules/fbneo/src/burn/burnint.h:13:
  /home/runner/work/retro-manager/retro-manager/runtime/retropack-runtime-fbneo/submodules/fbneo/src/burner/libretro/tchar.h:4:10: fatal error: 'libretro.h' file not found
      4 | #include "libretro.h"
        |          ^~~~~~~~~~~~
  1 error generated.
  [4/45] Building C object CMakeFiles/retropack-runtime-fbneo.dir/src/main/cpp/fbneo-jni.c.o
  FAILED: CMakeFiles/retropack-runtime-fbneo.dir/src/main/cpp/fbneo-jni.c.o 
  /usr/local/lib/android/sdk/ndk/27.0.12077973/toolchains/llvm/prebuilt/linux-x86_64/bin/clang --target=aarch64-none-linux-android26 --sysroot=/usr/local/lib/android/sdk/ndk/27.0.12077973/toolchains/llvm/prebuilt/linux-x86_64/sysroot -DBUILD_NEOGEO=1 -DHAVE_FBNEO_CORE=1 -DINLINE=inline -DSUPPORT_SPLIT_DRIVER=1 -D__LIBRETRO_OPTIMIZATIONS__=1 -D__LIBRETRO__=1 -Dretropack_runtime_fbneo_EXPORTS -I/home/runner/work/retro-manager/retro-manager/runtime/retropack-runtime-fbneo/src/main/cpp -I/home/runner/work/retro-manager/retro-manager/runtime/retropack-runtime-fbneo/submodules/fbneo -I/home/runner/work/retro-manager/retro-manager/runtime/retropack-runtime-fbneo/submodules/fbneo/src -I/home/runner/work/retro-manager/retro-manager/runtime/retropack-runtime-fbneo/submodules/fbneo/src/burn -I/home/runner/work/retro-manager/retro-manager/runtime/retropack-runtime-fbneo/submodules/fbneo/src/burn/devices -I/home/runner/work/retro-manager/retro-manager/runtime/retropack-runtime-fbneo/submodules/fbneo/src/burn/snd -I/home/runner/work/retro-manager/retro-manager/runtime/retropack-runtime-fbneo/submodules/fbneo/src/burn/drv/neogeo -I/home/runner/work/retro-manager/retro-manager/runtime/retropack-runtime-fbneo/submodules/fbneo/src/burner -I/home/runner/work/retro-manager/retro-manager/runtime/retropack-runtime-fbneo/submodules/fbneo/src/burner/libretro -I/home/runner/work/retro-manager/retro-manager/runtime/retropack-runtime-fbneo/submodules/fbneo/src/cpu -I/home/runner/work/retro-manager/retro-manager/runtime/retropack-runtime-fbneo/submodules/fbneo/src/cpu/m68k -I/home/runner/work/retro-manager/retro-manager/runtime/retropack-runtime-fbneo/submodules/fbneo/src/cpu/z80 -I/home/runner/work/retro-manager/retro-manager/runtime/retropack-runtime-fbneo/submodules/fbneo/src/dep/libs/zlib -g -DANDROID -fdata-sections -ffunction-sections -funwind-tables -fstack-protector-strong -no-canonical-prefixes -D_FORTIFY_SOURCE=2 -Wformat -Werror=format-security  -fno-limit-debug-info  -fPIC -std=gnu11 -MD -MT CMakeFiles/retropack-runtime-fbneo.dir/src/main/cpp/fbneo-jni.c.o -MF CMakeFiles/retropack-runtime-fbneo.dir/src/main/cpp/fbneo-jni.c.o.d -o CMakeFiles/retropack-runtime-fbneo.dir/src/main/cpp/fbneo-jni.c.o -c /home/runner/work/retro-manager/retro-manager/runtime/retropack-runtime-fbneo/src/main/cpp/fbneo-jni.c
  In file included from /home/runner/work/retro-manager/retro-manager/runtime/retropack-runtime-fbneo/src/main/cpp/fbneo-jni.c:43:
  In file included from /home/runner/work/retro-manager/retro-manager/runtime/retropack-runtime-fbneo/submodules/fbneo/src/burner/burner.h:13:
  /home/runner/work/retro-manager/retro-manager/runtime/retropack-runtime-fbneo/submodules/fbneo/src/burner/libretro/tchar.h:4:10: fatal error: 'libretro.h' file not found
      4 | #include "libretro.h"
        |          ^~~~~~~~~~~~
  1 error generated.
  [5/45] Building CXX object CMakeFiles/retropack-runtime-fbneo.dir/submodules/fbneo/src/burn/burn_gun.cpp.o
  FAILED: CMakeFiles/retropack-runtime-fbneo.dir/submodules/fbneo/src/burn/burn_gun.cpp.o 
  /usr/local/lib/android/sdk/ndk/27.0.12077973/toolchains/llvm/prebuilt/linux-x86_64/bin/clang++ --target=aarch64-none-linux-android26 --sysroot=/usr/local/lib/android/sdk/ndk/27.0.12077973/toolchains/llvm/prebuilt/linux-x86_64/sysroot -DBUILD_NEOGEO=1 -DHAVE_FBNEO_CORE=1 -DINLINE=inline -DSUPPORT_SPLIT_DRIVER=1 -D__LIBRETRO_OPTIMIZATIONS__=1 -D__LIBRETRO__=1 -Dretropack_runtime_fbneo_EXPORTS -I/home/runner/work/retro-manager/retro-manager/runtime/retropack-runtime-fbneo/src/main/cpp -I/home/runner/work/retro-manager/retro-manager/runtime/retropack-runtime-fbneo/submodules/fbneo -I/home/runner/work/retro-manager/retro-manager/runtime/retropack-runtime-fbneo/submodules/fbneo/src -I/home/runner/work/retro-manager/retro-manager/runtime/retropack-runtime-fbneo/submodules/fbneo/src/burn -I/home/runner/work/retro-manager/retro-manager/runtime/retropack-runtime-fbneo/submodules/fbneo/src/burn/devices -I/home/runner/work/retro-manager/retro-manager/runtime/retropack-runtime-fbneo/submodules/fbneo/src/burn/snd -I/home/runner/work/retro-manager/retro-manager/runtime/retropack-runtime-fbneo/submodules/fbneo/src/burn/drv/neogeo -I/home/runner/work/retro-manager/retro-manager/runtime/retropack-runtime-fbneo/submodules/fbneo/src/burner -I/home/runner/work/retro-manager/retro-manager/runtime/retropack-runtime-fbneo/submodules/fbneo/src/burner/libretro -I/home/runner/work/retro-manager/retro-manager/runtime/retropack-runtime-fbneo/submodules/fbneo/src/cpu -I/home/runner/work/retro-manager/retro-manager/runtime/retropack-runtime-fbneo/submodules/fbneo/src/cpu/m68k -I/home/runner/work/retro-manager/retro-manager/runtime/retropack-runtime-fbneo/submodules/fbneo/src/cpu/z80 -I/home/runner/work/retro-manager/retro-manager/runtime/retropack-runtime-fbneo/submodules/fbneo/src/dep/libs/zlib -g -DANDROID -fdata-sections -ffunction-sections -funwind-tables -fstack-protector-strong -no-canonical-prefixes -D_FORTIFY_SOURCE=2 -Wformat -Werror=format-security   -fno-limit-debug-info  -fPIC -MD -MT CMakeFiles/retropack-runtime-fbneo.dir/submodules/fbneo/src/burn/burn_gun.cpp.o -MF CMakeFiles/retropack-runtime-fbneo.dir/submodules/fbneo/src/burn/burn_gun.cpp.o.d -o CMakeFiles/retropack-runtime-fbneo.dir/submodules/fbneo/src/burn/burn_gun.cpp.o -c /home/runner/work/retro-manager/retro-manager/runtime/retropack-runtime-fbneo/submodules/fbneo/src/burn/burn_gun.cpp
  In file included from /home/runner/work/retro-manager/retro-manager/runtime/retropack-runtime-fbneo/submodules/fbneo/src/burn/burn_gun.cpp:1:
  In file included from /home/runner/work/retro-manager/retro-manager/runtime/retropack-runtime-fbneo/submodules/fbneo/src/burn/burnint.h:13:
  /home/runner/work/retro-manager/retro-manager/runtime/retropack-runtime-fbneo/submodules/fbneo/src/burner/libretro/tchar.h:4:10: fatal error: 'libretro.h' file not found
      4 | #include "libretro.h"
        |          ^~~~~~~~~~~~
  1 error generated.
  [6/45] Building CXX object CMakeFiles/retropack-runtime-fbneo.dir/submodules/fbneo/src/burn/burn.cpp.o
  FAILED: CMakeFiles/retropack-runtime-fbneo.dir/submodules/fbneo/src/burn/burn.cpp.o 
  /usr/local/lib/android/sdk/ndk/27.0.12077973/toolchains/llvm/prebuilt/linux-x86_64/bin/clang++ --target=aarch64-none-linux-android26 --sysroot=/usr/local/lib/android/sdk/ndk/27.0.12077973/toolchains/llvm/prebuilt/linux-x86_64/sysroot -DBUILD_NEOGEO=1 -DHAVE_FBNEO_CORE=1 -DINLINE=inline -DSUPPORT_SPLIT_DRIVER=1 -D__LIBRETRO_OPTIMIZATIONS__=1 -D__LIBRETRO__=1 -Dretropack_runtime_fbneo_EXPORTS -I/home/runner/work/retro-manager/retro-manager/runtime/retropack-runtime-fbneo/src/main/cpp -I/home/runner/work/retro-manager/retro-manager/runtime/retropack-runtime-fbneo/submodules/fbneo -I/home/runner/work/retro-manager/retro-manager/runtime/retropack-runtime-fbneo/submodules/fbneo/src -I/home/runner/work/retro-manager/retro-manager/runtime/retropack-runtime-fbneo/submodules/fbneo/src/burn -I/home/runner/work/retro-manager/retro-manager/runtime/retropack-runtime-fbneo/submodules/fbneo/src/burn/devices -I/home/runner/work/retro-manager/retro-manager/runtime/retropack-runtime-fbneo/submodules/fbneo/src/burn/snd -I/home/runner/work/retro-manager/retro-manager/runtime/retropack-runtime-fbneo/submodules/fbneo/src/burn/drv/neogeo -I/home/runner/work/retro-manager/retro-manager/runtime/retropack-runtime-fbneo/submodules/fbneo/src/burner -I/home/runner/work/retro-manager/retro-manager/runtime/retropack-runtime-fbneo/submodules/fbneo/src/burner/libretro -I/home/runner/work/retro-manager/retro-manager/runtime/retropack-runtime-fbneo/submodules/fbneo/src/cpu -I/home/runner/work/retro-manager/retro-manager/runtime/retropack-runtime-fbneo/submodules/fbneo/src/cpu/m68k -I/home/runner/work/retro-manager/retro-manager/runtime/retropack-runtime-fbneo/submodules/fbneo/src/cpu/z80 -I/home/runner/work/retro-manager/retro-manager/runtime/retropack-runtime-fbneo/submodules/fbneo/src/dep/libs/zlib -g -DANDROID -fdata-sections -ffunction-sections -funwind-tables -fstack-protector-strong -no-canonical-prefixes -D_FORTIFY_SOURCE=2 -Wformat -Werror=format-security   -fno-limit-debug-info  -fPIC -MD -MT CMakeFiles/retropack-runtime-fbneo.dir/submodules/fbneo/src/burn/burn.cpp.o -MF CMakeFiles/retropack-runtime-fbneo.dir/submodules/fbneo/src/burn/burn.cpp.o.d -o CMakeFiles/retropack-runtime-fbneo.dir/submodules/fbneo/src/burn/burn.cpp.o -c /home/runner/work/retro-manager/retro-manager/runtime/retropack-runtime-fbneo/submodules/fbneo/src/burn/burn.cpp
  In file included from /home/runner/work/retro-manager/retro-manager/runtime/retropack-runtime-fbneo/submodules/fbneo/src/burn/burn.cpp:4:
  In file included from /home/runner/work/retro-manager/retro-manager/runtime/retropack-runtime-fbneo/submodules/fbneo/src/burn/burnint.h:13:
  /home/runner/work/retro-manager/retro-manager/runtime/retropack-runtime-fbneo/submodules/fbneo/src/burner/libretro/tchar.h:4:10: fatal error: 'libretro.h' file not found
      4 | #include "libretro.h"
        |          ^~~~~~~~~~~~
  1 error generated.
  ninja: build stopped: subcommand failed.
  
  C++ build system [build] failed while executing:
      /usr/local/lib/android/sdk/cmake/3.22.1/bin/ninja \
        -C \
        /home/runner/work/retro-manager/retro-manager/runtime/retropack-runtime-fbneo/.cxx/Debug/1b1s4j3o/arm64-v8a \
        retropack-runtime-fbneo
    from /home/runner/work/retro-manager/retro-manager/runtime/retropack-runtime-fbneo

* Try:
> Run with --info or --debug option to get more log output.
> Run with --scan to get full insights from a Build Scan (powered by Develocity).
> Get more help at https://help.gradle.org.

* Exception is:
org.gradle.api.tasks.TaskExecutionException: Execution failed for task ':runtime:retropack-runtime-fbneo:buildCMakeDebug[arm64-v8a]' (registered by plugin 'com.android.internal.library').
	at org.gradle.api.internal.tasks.execution.ExecuteActionsTaskExecuter.lambda$executeIfValid$1(ExecuteActionsTaskExecuter.java:135)
	at org.gradle.internal.Try$Failure.ifSuccessfulOrElse(Try.java:288)
	at org.gradle.api.internal.tasks.execution.ExecuteActionsTaskExecuter.executeIfValid(ExecuteActionsTaskExecuter.java:133)
	at org.gradle.api.internal.tasks.execution.ExecuteActionsTaskExecuter.execute(ExecuteActionsTaskExecuter.java:121)
	at org.gradle.api.internal.tasks.execution.ProblemsTaskPathTrackingTaskExecuter.execute(ProblemsTaskPathTrackingTaskExecuter.java:41)
	at org.gradle.api.internal.tasks.execution.ResolveTaskExecutionModeExecuter.execute(ResolveTaskExecutionModeExecuter.java:51)
	at org.gradle.api.internal.tasks.execution.FinalizePropertiesTaskExecuter.execute(FinalizePropertiesTaskExecuter.java:46)
	at org.gradle.api.internal.tasks.execution.SkipTaskWithNoActionsExecuter.execute(SkipTaskWithNoActionsExecuter.java:57)
	at org.gradle.api.internal.tasks.execution.SkipOnlyIfTaskExecuter.execute(SkipOnlyIfTaskExecuter.java:74)
	at org.gradle.api.internal.tasks.execution.CatchExceptionTaskExecuter.execute(CatchExceptionTaskExecuter.java:36)
	at org.gradle.api.internal.tasks.execution.EventFiringTaskExecuter$1.executeTask(EventFiringTaskExecuter.java:77)
	at org.gradle.api.internal.tasks.execution.EventFiringTaskExecuter$1.call(EventFiringTaskExecuter.java:55)
	at org.gradle.api.internal.tasks.execution.EventFiringTaskExecuter$1.call(EventFiringTaskExecuter.java:52)
	at org.gradle.internal.operations.DefaultBuildOperationRunner$CallableBuildOperationWorker.execute(DefaultBuildOperationRunner.java:210)
	at org.gradle.internal.operations.DefaultBuildOperationRunner$CallableBuildOperationWorker.execute(DefaultBuildOperationRunner.java:205)
	at org.gradle.internal.operations.DefaultBuildOperationRunner$2.execute(DefaultBuildOperationRunner.java:67)
	at org.gradle.internal.operations.DefaultBuildOperationRunner$2.execute(DefaultBuildOperationRunner.java:60)
	at org.gradle.internal.operations.DefaultBuildOperationRunner.execute(DefaultBuildOperationRunner.java:167)
	at org.gradle.internal.operations.DefaultBuildOperationRunner.execute(DefaultBuildOperationRunner.java:60)
	at org.gradle.internal.operations.DefaultBuildOperationRunner.call(DefaultBuildOperationRunner.java:54)
	at org.gradle.api.internal.tasks.execution.EventFiringTaskExecuter.execute(EventFiringTaskExecuter.java:52)
	at org.gradle.execution.plan.DefaultNodeExecutor.executeLocalTaskNode(DefaultNodeExecutor.java:55)
	at org.gradle.execution.plan.DefaultNodeExecutor.execute(DefaultNodeExecutor.java:34)
	at org.gradle.execution.taskgraph.DefaultTaskExecutionGraph$InvokeNodeExecutorsAction.execute(DefaultTaskExecutionGraph.java:355)
	at org.gradle.execution.taskgraph.DefaultTaskExecutionGraph$InvokeNodeExecutorsAction.execute(DefaultTaskExecutionGraph.java:343)
	at org.gradle.execution.taskgraph.DefaultTaskExecutionGraph$BuildOperationAwareExecutionAction.lambda$execute$0(DefaultTaskExecutionGraph.java:339)
	at org.gradle.internal.operations.CurrentBuildOperationRef.with(CurrentBuildOperationRef.java:84)
	at org.gradle.execution.taskgraph.DefaultTaskExecutionGraph$BuildOperationAwareExecutionAction.execute(DefaultTaskExecutionGraph.java:339)
	at org.gradle.execution.taskgraph.DefaultTaskExecutionGraph$BuildOperationAwareExecutionAction.execute(DefaultTaskExecutionGraph.java:328)
	at org.gradle.execution.plan.DefaultPlanExecutor$ExecutorWorker.execute(DefaultPlanExecutor.java:459)
	at org.gradle.execution.plan.DefaultPlanExecutor$ExecutorWorker.run(DefaultPlanExecutor.java:376)
	at org.gradle.execution.plan.DefaultPlanExecutor.process(DefaultPlanExecutor.java:111)
	at org.gradle.execution.taskgraph.DefaultTaskExecutionGraph.executeWithServices(DefaultTaskExecutionGraph.java:146)
	at org.gradle.execution.taskgraph.DefaultTaskExecutionGraph.execute(DefaultTaskExecutionGraph.java:131)
	at org.gradle.execution.SelectedTaskExecutionAction.execute(SelectedTaskExecutionAction.java:35)
	at org.gradle.execution.BuildOperationFiringBuildWorkerExecutor$ExecuteTasks.call(BuildOperationFiringBuildWorkerExecutor.java:54)
	at org.gradle.execution.BuildOperationFiringBuildWorkerExecutor$ExecuteTasks.call(BuildOperationFiringBuildWorkerExecutor.java:43)
	at org.gradle.internal.operations.DefaultBuildOperationRunner$CallableBuildOperationWorker.execute(DefaultBuildOperationRunner.java:210)
	at org.gradle.internal.operations.DefaultBuildOperationRunner$CallableBuildOperationWorker.execute(DefaultBuildOperationRunner.java:205)
	at org.gradle.internal.operations.DefaultBuildOperationRunner$2.execute(DefaultBuildOperationRunner.java:67)
	at org.gradle.internal.operations.DefaultBuildOperationRunner$2.execute(DefaultBuildOperationRunner.java:60)
	at org.gradle.internal.operations.DefaultBuildOperationRunner.execute(DefaultBuildOperationRunner.java:167)
	at org.gradle.internal.operations.DefaultBuildOperationRunner.execute(DefaultBuildOperationRunner.java:60)
	at org.gradle.internal.operations.DefaultBuildOperationRunner.call(DefaultBuildOperationRunner.java:54)
	at org.gradle.execution.BuildOperationFiringBuildWorkerExecutor.execute(BuildOperationFiringBuildWorkerExecutor.java:40)
	at org.gradle.internal.build.DefaultBuildLifecycleController.lambda$executeTasks$11(DefaultBuildLifecycleController.java:323)
	at org.gradle.internal.model.StateTransitionController.doTransition(StateTransitionController.java:304)
	at org.gradle.internal.model.StateTransitionController.lambda$tryTransition$9(StateTransitionController.java:215)
	at org.gradle.internal.work.DefaultSynchronizer.withLock(DefaultSynchronizer.java:45)
	at org.gradle.internal.model.StateTransitionController.tryTransition(StateTransitionController.java:215)
	at org.gradle.internal.build.DefaultBuildLifecycleController.executeTasks(DefaultBuildLifecycleController.java:314)
	at org.gradle.internal.build.DefaultBuildWorkGraphController$DefaultBuildWorkGraph.runWork(DefaultBuildWorkGraphController.java:220)
	at org.gradle.internal.work.DefaultWorkerLeaseService.lambda$runAndReleaseLocks$0(DefaultWorkerLeaseService.java:300)
	at org.gradle.internal.work.ResourceLockStatistics$1.measure(ResourceLockStatistics.java:43)
	at org.gradle.internal.work.DefaultWorkerLeaseService.runAndReleaseLocks(DefaultWorkerLeaseService.java:298)
	at org.gradle.internal.work.DefaultWorkerLeaseService.withLocksAcquired(DefaultWorkerLeaseService.java:294)
	at org.gradle.internal.work.DefaultWorkerLeaseService.withLocks(DefaultWorkerLeaseService.java:286)
	at org.gradle.internal.work.DefaultWorkerLeaseService.runAsWorkerThread(DefaultWorkerLeaseService.java:130)
	at org.gradle.composite.internal.DefaultBuildController.doRun(DefaultBuildController.java:182)
	at org.gradle.composite.internal.DefaultBuildController$BuildOpRunnable.lambda$run$0(DefaultBuildController.java:199)
	at org.gradle.internal.operations.CurrentBuildOperationRef.with(CurrentBuildOperationRef.java:84)
	at org.gradle.composite.internal.DefaultBuildController$BuildOpRunnable.run(DefaultBuildController.java:199)
	at org.gradle.internal.concurrent.ExecutorPolicy$CatchAndRecordFailures.onExecute(ExecutorPolicy.java:64)
	at org.gradle.internal.concurrent.AbstractManagedExecutor$1.run(AbstractManagedExecutor.java:47)
Caused by: org.gradle.internal.UncheckedException: com.android.ide.common.process.ProcessException: ninja: Entering directory `/home/runner/work/retro-manager/retro-manager/runtime/retropack-runtime-fbneo/.cxx/Debug/1b1s4j3o/arm64-v8a'
[1/45] Building CXX object CMakeFiles/retropack-runtime-fbneo.dir/submodules/fbneo/src/burn/burn_memory.cpp.o
FAILED: CMakeFiles/retropack-runtime-fbneo.dir/submodules/fbneo/src/burn/burn_memory.cpp.o 
/usr/local/lib/android/sdk/ndk/27.0.12077973/toolchains/llvm/prebuilt/linux-x86_64/bin/clang++ --target=aarch64-none-linux-android26 --sysroot=/usr/local/lib/android/sdk/ndk/27.0.12077973/toolchains/llvm/prebuilt/linux-x86_64/sysroot -DBUILD_NEOGEO=1 -DHAVE_FBNEO_CORE=1 -DINLINE=inline -DSUPPORT_SPLIT_DRIVER=1 -D__LIBRETRO_OPTIMIZATIONS__=1 -D__LIBRETRO__=1 -Dretropack_runtime_fbneo_EXPORTS -I/home/runner/work/retro-manager/retro-manager/runtime/retropack-runtime-fbneo/src/main/cpp -I/home/runner/work/retro-manager/retro-manager/runtime/retropack-runtime-fbneo/submodules/fbneo -I/home/runner/work/retro-manager/retro-manager/runtime/retropack-runtime-fbneo/submodules/fbneo/src -I/home/runner/work/retro-manager/retro-manager/runtime/retropack-runtime-fbneo/submodules/fbneo/src/burn -I/home/runner/work/retro-manager/retro-manager/runtime/retropack-runtime-fbneo/submodules/fbneo/src/burn/devices -I/home/runner/work/retro-manager/retro-manager/runtime/retropack-runtime-fbneo/submodules/fbneo/src/burn/snd -I/home/runner/work/retro-manager/retro-manager/runtime/retropack-runtime-fbneo/submodules/fbneo/src/burn/drv/neogeo -I/home/runner/work/retro-manager/retro-manager/runtime/retropack-runtime-fbneo/submodules/fbneo/src/burner -I/home/runner/work/retro-manager/retro-manager/runtime/retropack-runtime-fbneo/submodules/fbneo/src/burner/libretro -I/home/runner/work/retro-manager/retro-manager/runtime/retropack-runtime-fbneo/submodules/fbneo/src/cpu -I/home/runner/work/retro-manager/retro-manager/runtime/retropack-runtime-fbneo/submodules/fbneo/src/cpu/m68k -I/home/runner/work/retro-manager/retro-manager/runtime/retropack-runtime-fbneo/submodules/fbneo/src/cpu/z80 -I/home/runner/work/retro-manager/retro-manager/runtime/retropack-runtime-fbneo/submodules/fbneo/src/dep/libs/zlib -g -DANDROID -fdata-sections -ffunction-sections -funwind-tables -fstack-protector-strong -no-canonical-prefixes -D_FORTIFY_SOURCE=2 -Wformat -Werror=format-security   -fno-limit-debug-info  -fPIC -MD -MT CMakeFiles/retropack-runtime-fbneo.dir/submodules/fbneo/src/burn/burn_memory.cpp.o -MF CMakeFiles/retropack-runtime-fbneo.dir/submodules/fbneo/src/burn/burn_memory.cpp.o.d -o CMakeFiles/retropack-runtime-fbneo.dir/submodules/fbneo/src/burn/burn_memory.cpp.o -c /home/runner/work/retro-manager/retro-manager/runtime/retropack-runtime-fbneo/submodules/fbneo/src/burn/burn_memory.cpp
In file included from /home/runner/work/retro-manager/retro-manager/runtime/retropack-runtime-fbneo/submodules/fbneo/src/burn/burn_memory.cpp:7:
In file included from /home/runner/work/retro-manager/retro-manager/runtime/retropack-runtime-fbneo/submodules/fbneo/src/burn/burnint.h:13:
/home/runner/work/retro-manager/retro-manager/runtime/retropack-runtime-fbneo/submodules/fbneo/src/burner/libretro/tchar.h:4:10: fatal error: 'libretro.h' file not found
    4 | #include "libretro.h"
      |          ^~~~~~~~~~~~
1 error generated.
[2/45] Building CXX object CMakeFiles/retropack-runtime-fbneo.dir/submodules/fbneo/src/burn/debug_track.cpp.o
FAILED: CMakeFiles/retropack-runtime-fbneo.dir/submodules/fbneo/src/burn/debug_track.cpp.o 
/usr/local/lib/android/sdk/ndk/27.0.12077973/toolchains/llvm/prebuilt/linux-x86_64/bin/clang++ --target=aarch64-none-linux-android26 --sysroot=/usr/local/lib/android/sdk/ndk/27.0.12077973/toolchains/llvm/prebuilt/linux-x86_64/sysroot -DBUILD_NEOGEO=1 -DHAVE_FBNEO_CORE=1 -DINLINE=inline -DSUPPORT_SPLIT_DRIVER=1 -D__LIBRETRO_OPTIMIZATIONS__=1 -D__LIBRETRO__=1 -Dretropack_runtime_fbneo_EXPORTS -I/home/runner/work/retro-manager/retro-manager/runtime/retropack-runtime-fbneo/src/main/cpp -I/home/runner/work/retro-manager/retro-manager/runtime/retropack-runtime-fbneo/submodules/fbneo -I/home/runner/work/retro-manager/retro-manager/runtime/retropack-runtime-fbneo/submodules/fbneo/src -I/home/runner/work/retro-manager/retro-manager/runtime/retropack-runtime-fbneo/submodules/fbneo/src/burn -I/home/runner/work/retro-manager/retro-manager/runtime/retropack-runtime-fbneo/submodules/fbneo/src/burn/devices -I/home/runner/work/retro-manager/retro-manager/runtime/retropack-runtime-fbneo/submodules/fbneo/src/burn/snd -I/home/runner/work/retro-manager/retro-manager/runtime/retropack-runtime-fbneo/submodules/fbneo/src/burn/drv/neogeo -I/home/runner/work/retro-manager/retro-manager/runtime/retropack-runtime-fbneo/submodules/fbneo/src/burner -I/home/runner/work/retro-manager/retro-manager/runtime/retropack-runtime-fbneo/submodules/fbneo/src/burner/libretro -I/home/runner/work/retro-manager/retro-manager/runtime/retropack-runtime-fbneo/submodules/fbneo/src/cpu -I/home/runner/work/retro-manager/retro-manager/runtime/retropack-runtime-fbneo/submodules/fbneo/src/cpu/m68k -I/home/runner/work/retro-manager/retro-manager/runtime/retropack-runtime-fbneo/submodules/fbneo/src/cpu/z80 -I/home/runner/work/retro-manager/retro-manager/runtime/retropack-runtime-fbneo/submodules/fbneo/src/dep/libs/zlib -g -DANDROID -fdata-sections -ffunction-sections -funwind-tables -fstack-protector-strong -no-canonical-prefixes -D_FORTIFY_SOURCE=2 -Wformat -Werror=format-security   -fno-limit-debug-info  -fPIC -MD -MT CMakeFiles/retropack-runtime-fbneo.dir/submodules/fbneo/src/burn/debug_track.cpp.o -MF CMakeFiles/retropack-runtime-fbneo.dir/submodules/fbneo/src/burn/debug_track.cpp.o.d -o CMakeFiles/retropack-runtime-fbneo.dir/submodules/fbneo/src/burn/debug_track.cpp.o -c /home/runner/work/retro-manager/retro-manager/runtime/retropack-runtime-fbneo/submodules/fbneo/src/burn/debug_track.cpp
In file included from /home/runner/work/retro-manager/retro-manager/runtime/retropack-runtime-fbneo/submodules/fbneo/src/burn/debug_track.cpp:3:
In file included from /home/runner/work/retro-manager/retro-manager/runtime/retropack-runtime-fbneo/submodules/fbneo/src/burn/burnint.h:13:
/home/runner/work/retro-manager/retro-manager/runtime/retropack-runtime-fbneo/submodules/fbneo/src/burner/libretro/tchar.h:4:10: fatal error: 'libretro.h' file not found
    4 | #include "libretro.h"
      |          ^~~~~~~~~~~~
1 error generated.
[3/45] Building CXX object CMakeFiles/retropack-runtime-fbneo.dir/submodules/fbneo/src/burn/burn_sound.cpp.o
FAILED: CMakeFiles/retropack-runtime-fbneo.dir/submodules/fbneo/src/burn/burn_sound.cpp.o 
/usr/local/lib/android/sdk/ndk/27.0.12077973/toolchains/llvm/prebuilt/linux-x86_64/bin/clang++ --target=aarch64-none-linux-android26 --sysroot=/usr/local/lib/android/sdk/ndk/27.0.12077973/toolchains/llvm/prebuilt/linux-x86_64/sysroot -DBUILD_NEOGEO=1 -DHAVE_FBNEO_CORE=1 -DINLINE=inline -DSUPPORT_SPLIT_DRIVER=1 -D__LIBRETRO_OPTIMIZATIONS__=1 -D__LIBRETRO__=1 -Dretropack_runtime_fbneo_EXPORTS -I/home/runner/work/retro-manager/retro-manager/runtime/retropack-runtime-fbneo/src/main/cpp -I/home/runner/work/retro-manager/retro-manager/runtime/retropack-runtime-fbneo/submodules/fbneo -I/home/runner/work/retro-manager/retro-manager/runtime/retropack-runtime-fbneo/submodules/fbneo/src -I/home/runner/work/retro-manager/retro-manager/runtime/retropack-runtime-fbneo/submodules/fbneo/src/burn -I/home/runner/work/retro-manager/retro-manager/runtime/retropack-runtime-fbneo/submodules/fbneo/src/burn/devices -I/home/runner/work/retro-manager/retro-manager/runtime/retropack-runtime-fbneo/submodules/fbneo/src/burn/snd -I/home/runner/work/retro-manager/retro-manager/runtime/retropack-runtime-fbneo/submodules/fbneo/src/burn/drv/neogeo -I/home/runner/work/retro-manager/retro-manager/runtime/retropack-runtime-fbneo/submodules/fbneo/src/burner -I/home/runner/work/retro-manager/retro-manager/runtime/retropack-runtime-fbneo/submodules/fbneo/src/burner/libretro -I/home/runner/work/retro-manager/retro-manager/runtime/retropack-runtime-fbneo/submodules/fbneo/src/cpu -I/home/runner/work/retro-manager/retro-manager/runtime/retropack-runtime-fbneo/submodules/fbneo/src/cpu/m68k -I/home/runner/work/retro-manager/retro-manager/runtime/retropack-runtime-fbneo/submodules/fbneo/src/cpu/z80 -I/home/runner/work/retro-manager/retro-manager/runtime/retropack-runtime-fbneo/submodules/fbneo/src/dep/libs/zlib -g -DANDROID -fdata-sections -ffunction-sections -funwind-tables -fstack-protector-strong -no-canonical-prefixes -D_FORTIFY_SOURCE=2 -Wformat -Werror=format-security   -fno-limit-debug-info  -fPIC -MD -MT CMakeFiles/retropack-runtime-fbneo.dir/submodules/fbneo/src/burn/burn_sound.cpp.o -MF CMakeFiles/retropack-runtime-fbneo.dir/submodules/fbneo/src/burn/burn_sound.cpp.o.d -o CMakeFiles/retropack-runtime-fbneo.dir/submodules/fbneo/src/burn/burn_sound.cpp.o -c /home/runner/work/retro-manager/retro-manager/runtime/retropack-runtime-fbneo/submodules/fbneo/src/burn/burn_sound.cpp
In file included from /home/runner/work/retro-manager/retro-manager/runtime/retropack-runtime-fbneo/submodules/fbneo/src/burn/burn_sound.cpp:1:
In file included from /home/runner/work/retro-manager/retro-manager/runtime/retropack-runtime-fbneo/submodules/fbneo/src/burn/burnint.h:13:
/home/runner/work/retro-manager/retro-manager/runtime/retropack-runtime-fbneo/submodules/fbneo/src/burner/libretro/tchar.h:4:10: fatal error: 'libretro.h' file not found
    4 | #include "libretro.h"
      |          ^~~~~~~~~~~~
1 error generated.
[4/45] Building C object CMakeFiles/retropack-runtime-fbneo.dir/src/main/cpp/fbneo-jni.c.o
FAILED: CMakeFiles/retropack-runtime-fbneo.dir/src/main/cpp/fbneo-jni.c.o 
/usr/local/lib/android/sdk/ndk/27.0.12077973/toolchains/llvm/prebuilt/linux-x86_64/bin/clang --target=aarch64-none-linux-android26 --sysroot=/usr/local/lib/android/sdk/ndk/27.0.12077973/toolchains/llvm/prebuilt/linux-x86_64/sysroot -DBUILD_NEOGEO=1 -DHAVE_FBNEO_CORE=1 -DINLINE=inline -DSUPPORT_SPLIT_DRIVER=1 -D__LIBRETRO_OPTIMIZATIONS__=1 -D__LIBRETRO__=1 -Dretropack_runtime_fbneo_EXPORTS -I/home/runner/work/retro-manager/retro-manager/runtime/retropack-runtime-fbneo/src/main/cpp -I/home/runner/work/retro-manager/retro-manager/runtime/retropack-runtime-fbneo/submodules/fbneo -I/home/runner/work/retro-manager/retro-manager/runtime/retropack-runtime-fbneo/submodules/fbneo/src -I/home/runner/work/retro-manager/retro-manager/runtime/retropack-runtime-fbneo/submodules/fbneo/src/burn -I/home/runner/work/retro-manager/retro-manager/runtime/retropack-runtime-fbneo/submodules/fbneo/src/burn/devices -I/home/runner/work/retro-manager/retro-manager/runtime/retropack-runtime-fbneo/submodules/fbneo/src/burn/snd -I/home/runner/work/retro-manager/retro-manager/runtime/retropack-runtime-fbneo/submodules/fbneo/src/burn/drv/neogeo -I/home/runner/work/retro-manager/retro-manager/runtime/retropack-runtime-fbneo/submodules/fbneo/src/burner -I/home/runner/work/retro-manager/retro-manager/runtime/retropack-runtime-fbneo/submodules/fbneo/src/burner/libretro -I/home/runner/work/retro-manager/retro-manager/runtime/retropack-runtime-fbneo/submodules/fbneo/src/cpu -I/home/runner/work/retro-manager/retro-manager/runtime/retropack-runtime-fbneo/submodules/fbneo/src/cpu/m68k -I/home/runner/work/retro-manager/retro-manager/runtime/retropack-runtime-fbneo/submodules/fbneo/src/cpu/z80 -I/home/runner/work/retro-manager/retro-manager/runtime/retropack-runtime-fbneo/submodules/fbneo/src/dep/libs/zlib -g -DANDROID -fdata-sections -ffunction-sections -funwind-tables -fstack-protector-strong -no-canonical-prefixes -D_FORTIFY_SOURCE=2 -Wformat -Werror=format-security  -fno-limit-debug-info  -fPIC -std=gnu11 -MD -MT CMakeFiles/retropack-runtime-fbneo.dir/src/main/cpp/fbneo-jni.c.o -MF CMakeFiles/retropack-runtime-fbneo.dir/src/main/cpp/fbneo-jni.c.o.d -o CMakeFiles/retropack-runtime-fbneo.dir/src/main/cpp/fbneo-jni.c.o -c /home/runner/work/retro-manager/retro-manager/runtime/retropack-runtime-fbneo/src/main/cpp/fbneo-jni.c
In file included from /home/runner/work/retro-manager/retro-manager/runtime/retropack-runtime-fbneo/src/main/cpp/fbneo-jni.c:43:
In file included from /home/runner/work/retro-manager/retro-manager/runtime/retropack-runtime-fbneo/submodules/fbneo/src/burner/burner.h:13:
/home/runner/work/retro-manager/retro-manager/runtime/retropack-runtime-fbneo/submodules/fbneo/src/burner/libretro/tchar.h:4:10: fatal error: 'libretro.h' file not found
    4 | #include "libretro.h"
      |          ^~~~~~~~~~~~
1 error generated.
[5/45] Building CXX object CMakeFiles/retropack-runtime-fbneo.dir/submodules/fbneo/src/burn/burn_gun.cpp.o
FAILED: CMakeFiles/retropack-runtime-fbneo.dir/submodules/fbneo/src/burn/burn_gun.cpp.o 
/usr/local/lib/android/sdk/ndk/27.0.12077973/toolchains/llvm/prebuilt/linux-x86_64/bin/clang++ --target=aarch64-none-linux-android26 --sysroot=/usr/local/lib/android/sdk/ndk/27.0.12077973/toolchains/llvm/prebuilt/linux-x86_64/sysroot -DBUILD_NEOGEO=1 -DHAVE_FBNEO_CORE=1 -DINLINE=inline -DSUPPORT_SPLIT_DRIVER=1 -D__LIBRETRO_OPTIMIZATIONS__=1 -D__LIBRETRO__=1 -Dretropack_runtime_fbneo_EXPORTS -I/home/runner/work/retro-manager/retro-manager/runtime/retropack-runtime-fbneo/src/main/cpp -I/home/runner/work/retro-manager/retro-manager/runtime/retropack-runtime-fbneo/submodules/fbneo -I/home/runner/work/retro-manager/retro-manager/runtime/retropack-runtime-fbneo/submodules/fbneo/src -I/home/runner/work/retro-manager/retro-manager/runtime/retropack-runtime-fbneo/submodules/fbneo/src/burn -I/home/runner/work/retro-manager/retro-manager/runtime/retropack-runtime-fbneo/submodules/fbneo/src/burn/devices -I/home/runner/work/retro-manager/retro-manager/runtime/retropack-runtime-fbneo/submodules/fbneo/src/burn/snd -I/home/runner/work/retro-manager/retro-manager/runtime/retropack-runtime-fbneo/submodules/fbneo/src/burn/drv/neogeo -I/home/runner/work/retro-manager/retro-manager/runtime/retropack-runtime-fbneo/submodules/fbneo/src/burner -I/home/runner/work/retro-manager/retro-manager/runtime/retropack-runtime-fbneo/submodules/fbneo/src/burner/libretro -I/home/runner/work/retro-manager/retro-manager/runtime/retropack-runtime-fbneo/submodules/fbneo/src/cpu -I/home/runner/work/retro-manager/retro-manager/runtime/retropack-runtime-fbneo/submodules/fbneo/src/cpu/m68k -I/home/runner/work/retro-manager/retro-manager/runtime/retropack-runtime-fbneo/submodules/fbneo/src/cpu/z80 -I/home/runner/work/retro-manager/retro-manager/runtime/retropack-runtime-fbneo/submodules/fbneo/src/dep/libs/zlib -g -DANDROID -fdata-sections -ffunction-sections -funwind-tables -fstack-protector-strong -no-canonical-prefixes -D_FORTIFY_SOURCE=2 -Wformat -Werror=format-security   -fno-limit-debug-info  -fPIC -MD -MT CMakeFiles/retropack-runtime-fbneo.dir/submodules/fbneo/src/burn/burn_gun.cpp.o -MF CMakeFiles/retropack-runtime-fbneo.dir/submodules/fbneo/src/burn/burn_gun.cpp.o.d -o CMakeFiles/retropack-runtime-fbneo.dir/submodules/fbneo/src/burn/burn_gun.cpp.o -c /home/runner/work/retro-manager/retro-manager/runtime/retropack-runtime-fbneo/submodules/fbneo/src/burn/burn_gun.cpp
In file included from /home/runner/work/retro-manager/retro-manager/runtime/retropack-runtime-fbneo/submodules/fbneo/src/burn/burn_gun.cpp:1:
In file included from /home/runner/work/retro-manager/retro-manager/runtime/retropack-runtime-fbneo/submodules/fbneo/src/burn/burnint.h:13:
/home/runner/work/retro-manager/retro-manager/runtime/retropack-runtime-fbneo/submodules/fbneo/src/burner/libretro/tchar.h:4:10: fatal error: 'libretro.h' file not found
    4 | #include "libretro.h"
      |          ^~~~~~~~~~~~
1 error generated.
[6/45] Building CXX object CMakeFiles/retropack-runtime-fbneo.dir/submodules/fbneo/src/burn/burn.cpp.o
FAILED: CMakeFiles/retropack-runtime-fbneo.dir/submodules/fbneo/src/burn/burn.cpp.o 
/usr/local/lib/android/sdk/ndk/27.0.12077973/toolchains/llvm/prebuilt/linux-x86_64/bin/clang++ --target=aarch64-none-linux-android26 --sysroot=/usr/local/lib/android/sdk/ndk/27.0.12077973/toolchains/llvm/prebuilt/linux-x86_64/sysroot -DBUILD_NEOGEO=1 -DHAVE_FBNEO_CORE=1 -DINLINE=inline -DSUPPORT_SPLIT_DRIVER=1 -D__LIBRETRO_OPTIMIZATIONS__=1 -D__LIBRETRO__=1 -Dretropack_runtime_fbneo_EXPORTS -I/home/runner/work/retro-manager/retro-manager/runtime/retropack-runtime-fbneo/src/main/cpp -I/home/runner/work/retro-manager/retro-manager/runtime/retropack-runtime-fbneo/submodules/fbneo -I/home/runner/work/retro-manager/retro-manager/runtime/retropack-runtime-fbneo/submodules/fbneo/src -I/home/runner/work/retro-manager/retro-manager/runtime/retropack-runtime-fbneo/submodules/fbneo/src/burn -I/home/runner/work/retro-manager/retro-manager/runtime/retropack-runtime-fbneo/submodules/fbneo/src/burn/devices -I/home/runner/work/retro-manager/retro-manager/runtime/retropack-runtime-fbneo/submodules/fbneo/src/burn/snd -I/home/runner/work/retro-manager/retro-manager/runtime/retropack-runtime-fbneo/submodules/fbneo/src/burn/drv/neogeo -I/home/runner/work/retro-manager/retro-manager/runtime/retropack-runtime-fbneo/submodules/fbneo/src/burner -I/home/runner/work/retro-manager/retro-manager/runtime/retropack-runtime-fbneo/submodules/fbneo/src/burner/libretro -I/home/runner/work/retro-manager/retro-manager/runtime/retropack-runtime-fbneo/submodules/fbneo/src/cpu -I/home/runner/work/retro-manager/retro-manager/runtime/retropack-runtime-fbneo/submodules/fbneo/src/cpu/m68k -I/home/runner/work/retro-manager/retro-manager/runtime/retropack-runtime-fbneo/submodules/fbneo/src/cpu/z80 -I/home/runner/work/retro-manager/retro-manager/runtime/retropack-runtime-fbneo/submodules/fbneo/src/dep/libs/zlib -g -DANDROID -fdata-sections -ffunction-sections -funwind-tables -fstack-protector-strong -no-canonical-prefixes -D_FORTIFY_SOURCE=2 -Wformat -Werror=format-security   -fno-limit-debug-info  -fPIC -MD -MT CMakeFiles/retropack-runtime-fbneo.dir/submodules/fbneo/src/burn/burn.cpp.o -MF CMakeFiles/retropack-runtime-fbneo.dir/submodules/fbneo/src/burn/burn.cpp.o.d -o CMakeFiles/retropack-runtime-fbneo.dir/submodules/fbneo/src/burn/burn.cpp.o -c /home/runner/work/retro-manager/retro-manager/runtime/retropack-runtime-fbneo/submodules/fbneo/src/burn/burn.cpp
In file included from /home/runner/work/retro-manager/retro-manager/runtime/retropack-runtime-fbneo/submodules/fbneo/src/burn/burn.cpp:4:
In file included from /home/runner/work/retro-manager/retro-manager/runtime/retropack-runtime-fbneo/submodules/fbneo/src/burn/burnint.h:13:
/home/runner/work/retro-manager/retro-manager/runtime/retropack-runtime-fbneo/submodules/fbneo/src/burner/libretro/tchar.h:4:10: fatal error: 'libretro.h' file not found
    4 | #include "libretro.h"
      |          ^~~~~~~~~~~~
1 error generated.
ninja: build stopped: subcommand failed.

C++ build system [build] failed while executing:
    /usr/local/lib/android/sdk/cmake/3.22.1/bin/ninja \
      -C \
      /home/runner/work/retro-manager/retro-manager/runtime/retropack-runtime-fbneo/.cxx/Debug/1b1s4j3o/arm64-v8a \
      retropack-runtime-fbneo
  from /home/runner/work/retro-manager/retro-manager/runtime/retropack-runtime-fbneo
	at org.gradle.internal.UncheckedException.throwAsUncheckedException(UncheckedException.java:69)
	at org.gradle.internal.UncheckedException.throwAsUncheckedException(UncheckedException.java:42)
	at org.gradle.internal.reflect.JavaMethod.invoke(JavaMethod.java:129)
	at org.gradle.api.internal.project.taskfactory.StandardTaskAction.doExecute(StandardTaskAction.java:58)
	at org.gradle.api.internal.project.taskfactory.StandardTaskAction.execute(StandardTaskAction.java:51)
	at org.gradle.api.internal.project.taskfactory.StandardTaskAction.execute(StandardTaskAction.java:29)
	at org.gradle.api.internal.tasks.execution.TaskExecution$3.run(TaskExecution.java:259)
	at org.gradle.internal.operations.DefaultBuildOperationRunner$1.execute(DefaultBuildOperationRunner.java:30)
	at org.gradle.internal.operations.DefaultBuildOperationRunner$1.execute(DefaultBuildOperationRunner.java:27)
	at org.gradle.internal.operations.DefaultBuildOperationRunner$2.execute(DefaultBuildOperationRunner.java:67)
	at org.gradle.internal.operations.DefaultBuildOperationRunner$2.execute(DefaultBuildOperationRunner.java:60)
	at org.gradle.internal.operations.DefaultBuildOperationRunner.execute(DefaultBuildOperationRunner.java:167)
	at org.gradle.internal.operations.DefaultBuildOperationRunner.execute(DefaultBuildOperationRunner.java:60)
	at org.gradle.internal.operations.DefaultBuildOperationRunner.run(DefaultBuildOperationRunner.java:48)
	at org.gradle.api.internal.tasks.execution.TaskExecution.executeAction(TaskExecution.java:244)
	at org.gradle.api.internal.tasks.execution.TaskExecution.executeActions(TaskExecution.java:227)
	at org.gradle.api.internal.tasks.execution.TaskExecution.executeWithPreviousOutputFiles(TaskExecution.java:210)
	at org.gradle.api.internal.tasks.execution.TaskExecution.execute(TaskExecution.java:176)
	at org.gradle.internal.execution.steps.ExecuteStep.executeInternal(ExecuteStep.java:167)
	at org.gradle.internal.execution.steps.ExecuteStep.access$000(ExecuteStep.java:47)
	at org.gradle.internal.execution.steps.ExecuteStep$1.call(ExecuteStep.java:137)
	at org.gradle.internal.execution.steps.ExecuteStep$1.call(ExecuteStep.java:134)
	at org.gradle.internal.operations.DefaultBuildOperationRunner$CallableBuildOperationWorker.execute(DefaultBuildOperationRunner.java:210)
	at org.gradle.internal.operations.DefaultBuildOperationRunner$CallableBuildOperationWorker.execute(DefaultBuildOperationRunner.java:205)
	at org.gradle.internal.operations.DefaultBuildOperationRunner$2.execute(DefaultBuildOperationRunner.java:67)
	at org.gradle.internal.operations.DefaultBuildOperationRunner$2.execute(DefaultBuildOperationRunner.java:60)
	at org.gradle.internal.operations.DefaultBuildOperationRunner.execute(DefaultBuildOperationRunner.java:167)
	at org.gradle.internal.operations.DefaultBuildOperationRunner.execute(DefaultBuildOperationRunner.java:60)
	at org.gradle.internal.operations.DefaultBuildOperationRunner.call(DefaultBuildOperationRunner.java:54)
	at org.gradle.internal.execution.steps.ExecuteStep.execute(ExecuteStep.java:134)
	at org.gradle.internal.execution.steps.ExecuteStep$Mutable.execute(ExecuteStep.java:80)
	at org.gradle.internal.execution.steps.CancelExecutionStep.execute(CancelExecutionStep.java:42)
	at org.gradle.internal.execution.steps.TimeoutStep.executeWithoutTimeout(TimeoutStep.java:75)
	at org.gradle.internal.execution.steps.TimeoutStep.execute(TimeoutStep.java:55)
	at org.gradle.internal.execution.steps.PreCreateOutputParentsStep.execute(PreCreateOutputParentsStep.java:51)
	at org.gradle.internal.execution.steps.PreCreateOutputParentsStep.execute(PreCreateOutputParentsStep.java:29)
	at org.gradle.internal.execution.steps.RemovePreviousOutputsStep.executeMutable(RemovePreviousOutputsStep.java:67)
	at org.gradle.internal.execution.steps.RemovePreviousOutputsStep.executeMutable(RemovePreviousOutputsStep.java:39)
	at org.gradle.internal.execution.steps.MutableStep.execute(MutableStep.java:26)
	at org.gradle.internal.execution.steps.BroadcastChangingOutputsStep.execute(BroadcastChangingOutputsStep.java:42)
	at org.gradle.internal.execution.steps.BroadcastChangingOutputsStep.execute(BroadcastChangingOutputsStep.java:24)
	at org.gradle.internal.execution.steps.CaptureOutputsAfterExecutionStep.execute(CaptureOutputsAfterExecutionStep.java:69)
	at org.gradle.internal.execution.steps.CaptureOutputsAfterExecutionStep.execute(CaptureOutputsAfterExecutionStep.java:46)
	at org.gradle.internal.execution.steps.ResolveInputChangesStep.executeMutable(ResolveInputChangesStep.java:39)
	at org.gradle.internal.execution.steps.ResolveInputChangesStep.executeMutable(ResolveInputChangesStep.java:28)
	at org.gradle.internal.execution.steps.MutableStep.execute(MutableStep.java:26)
	at org.gradle.internal.execution.steps.BuildCacheStep.executeWithoutCache(BuildCacheStep.java:189)
	at org.gradle.internal.execution.steps.BuildCacheStep.lambda$execute$1(BuildCacheStep.java:76)
	at org.gradle.internal.Either$Right.fold(Either.java:176)
	at org.gradle.internal.execution.caching.CachingState.fold(CachingState.java:62)
	at org.gradle.internal.execution.steps.BuildCacheStep.execute(BuildCacheStep.java:74)
	at org.gradle.internal.execution.steps.BuildCacheStep.execute(BuildCacheStep.java:49)
	at org.gradle.internal.execution.steps.StoreExecutionStateStep.executeMutable(StoreExecutionStateStep.java:46)
	at org.gradle.internal.execution.steps.StoreExecutionStateStep.executeMutable(StoreExecutionStateStep.java:35)
	at org.gradle.internal.execution.steps.MutableStep.execute(MutableStep.java:26)
	at org.gradle.internal.execution.steps.SkipUpToDateStep.executeBecause(SkipUpToDateStep.java:75)
	at org.gradle.internal.execution.steps.SkipUpToDateStep.lambda$execute$2(SkipUpToDateStep.java:53)
	at org.gradle.internal.execution.steps.SkipUpToDateStep.execute(SkipUpToDateStep.java:53)
	at org.gradle.internal.execution.steps.SkipUpToDateStep.execute(SkipUpToDateStep.java:35)
	at org.gradle.internal.execution.steps.legacy.MarkSnapshottingInputsFinishedStep.execute(MarkSnapshottingInputsFinishedStep.java:37)
	at org.gradle.internal.execution.steps.legacy.MarkSnapshottingInputsFinishedStep.execute(MarkSnapshottingInputsFinishedStep.java:27)
	at org.gradle.internal.execution.steps.ResolveMutableCachingStateStep.executeDelegate(ResolveMutableCachingStateStep.java:70)
	at org.gradle.internal.execution.steps.ResolveMutableCachingStateStep.executeDelegate(ResolveMutableCachingStateStep.java:32)
	at org.gradle.internal.execution.steps.AbstractResolveCachingStateStep.execute(AbstractResolveCachingStateStep.java:69)
	at org.gradle.internal.execution.steps.AbstractResolveCachingStateStep.execute(AbstractResolveCachingStateStep.java:37)
	at org.gradle.internal.execution.steps.ResolveChangesStep.executeMutable(ResolveChangesStep.java:63)
	at org.gradle.internal.execution.steps.ResolveChangesStep.executeMutable(ResolveChangesStep.java:34)
	at org.gradle.internal.execution.steps.MutableStep.execute(MutableStep.java:26)
	at org.gradle.internal.execution.steps.ValidateStep$Mutable.executeDelegate(ValidateStep.java:79)
	at org.gradle.internal.execution.steps.ValidateStep$Mutable.executeDelegate(ValidateStep.java:65)
	at org.gradle.internal.execution.steps.ValidateStep.execute(ValidateStep.java:99)
	at org.gradle.internal.execution.steps.ValidateStep$Mutable.execute(ValidateStep.java:65)
	at org.gradle.internal.execution.steps.CaptureMutableStateBeforeExecutionStep.executeMutable(CaptureMutableStateBeforeExecutionStep.java:86)
	at org.gradle.internal.execution.steps.CaptureMutableStateBeforeExecutionStep.execute(CaptureMutableStateBeforeExecutionStep.java:65)
	at org.gradle.internal.execution.steps.CaptureMutableStateBeforeExecutionStep.execute(CaptureMutableStateBeforeExecutionStep.java:45)
	at org.gradle.internal.execution.steps.SkipEmptyMutableWorkStep.executeWithNonEmptySources(SkipEmptyMutableWorkStep.java:210)
	at org.gradle.internal.execution.steps.SkipEmptyMutableWorkStep.executeMutable(SkipEmptyMutableWorkStep.java:85)
	at org.gradle.internal.execution.steps.SkipEmptyMutableWorkStep.executeMutable(SkipEmptyMutableWorkStep.java:53)
	at org.gradle.internal.execution.steps.MutableStep.execute(MutableStep.java:26)
	at org.gradle.internal.execution.steps.legacy.MarkSnapshottingInputsStartedStep.execute(MarkSnapshottingInputsStartedStep.java:38)
	at org.gradle.internal.execution.steps.LoadPreviousExecutionStateStep.executeMutable(LoadPreviousExecutionStateStep.java:36)
	at org.gradle.internal.execution.steps.LoadPreviousExecutionStateStep.executeMutable(LoadPreviousExecutionStateStep.java:23)
	at org.gradle.internal.execution.steps.MutableStep.execute(MutableStep.java:26)
	at org.gradle.internal.execution.steps.HandleStaleOutputsStep.executeMutable(HandleStaleOutputsStep.java:77)
	at org.gradle.internal.execution.steps.HandleStaleOutputsStep.executeMutable(HandleStaleOutputsStep.java:43)
	at org.gradle.internal.execution.steps.MutableStep.execute(MutableStep.java:26)
	at org.gradle.internal.execution.steps.AssignMutableWorkspaceStep.lambda$executeMutable$0(AssignMutableWorkspaceStep.java:34)
	at org.gradle.api.internal.tasks.execution.TaskExecution$4.withWorkspace(TaskExecution.java:305)
	at org.gradle.internal.execution.steps.AssignMutableWorkspaceStep.executeMutable(AssignMutableWorkspaceStep.java:30)
	at org.gradle.internal.execution.steps.AssignMutableWorkspaceStep.executeMutable(AssignMutableWorkspaceStep.java:21)
	at org.gradle.internal.execution.steps.MutableStep.execute(MutableStep.java:26)
	at org.gradle.internal.execution.steps.ChoosePipelineStep.execute(ChoosePipelineStep.java:40)
	at org.gradle.internal.execution.steps.ChoosePipelineStep.execute(ChoosePipelineStep.java:23)
	at org.gradle.internal.execution.steps.ExecuteWorkBuildOperationFiringStep.lambda$execute$2(ExecuteWorkBuildOperationFiringStep.java:67)
	at org.gradle.internal.execution.steps.ExecuteWorkBuildOperationFiringStep.execute(ExecuteWorkBuildOperationFiringStep.java:67)
	at org.gradle.internal.execution.steps.ExecuteWorkBuildOperationFiringStep.execute(ExecuteWorkBuildOperationFiringStep.java:39)
	at org.gradle.internal.execution.steps.IdentityCacheStep.execute(IdentityCacheStep.java:46)
	at org.gradle.internal.execution.steps.IdentityCacheStep.execute(IdentityCacheStep.java:34)
	at org.gradle.internal.execution.steps.IdentifyStep.execute(IdentifyStep.java:56)
	at org.gradle.internal.execution.steps.IdentifyStep.execute(IdentifyStep.java:38)
	at org.gradle.internal.execution.impl.DefaultExecutionEngine$1.execute(DefaultExecutionEngine.java:68)
	at org.gradle.api.internal.tasks.execution.ExecuteActionsTaskExecuter.executeIfValid(ExecuteActionsTaskExecuter.java:132)
	... 61 more
Caused by: com.android.ide.common.process.ProcessException: ninja: Entering directory `/home/runner/work/retro-manager/retro-manager/runtime/retropack-runtime-fbneo/.cxx/Debug/1b1s4j3o/arm64-v8a'
[1/45] Building CXX object CMakeFiles/retropack-runtime-fbneo.dir/submodules/fbneo/src/burn/burn_memory.cpp.o
FAILED: CMakeFiles/retropack-runtime-fbneo.dir/submodules/fbneo/src/burn/burn_memory.cpp.o 
/usr/local/lib/android/sdk/ndk/27.0.12077973/toolchains/llvm/prebuilt/linux-x86_64/bin/clang++ --target=aarch64-none-linux-android26 --sysroot=/usr/local/lib/android/sdk/ndk/27.0.12077973/toolchains/llvm/prebuilt/linux-x86_64/sysroot -DBUILD_NEOGEO=1 -DHAVE_FBNEO_CORE=1 -DINLINE=inline -DSUPPORT_SPLIT_DRIVER=1 -D__LIBRETRO_OPTIMIZATIONS__=1 -D__LIBRETRO__=1 -Dretropack_runtime_fbneo_EXPORTS -I/home/runner/work/retro-manager/retro-manager/runtime/retropack-runtime-fbneo/src/main/cpp -I/home/runner/work/retro-manager/retro-manager/runtime/retropack-runtime-fbneo/submodules/fbneo -I/home/runner/work/retro-manager/retro-manager/runtime/retropack-runtime-fbneo/submodules/fbneo/src -I/home/runner/work/retro-manager/retro-manager/runtime/retropack-runtime-fbneo/submodules/fbneo/src/burn -I/home/runner/work/retro-manager/retro-manager/runtime/retropack-runtime-fbneo/submodules/fbneo/src/burn/devices -I/home/runner/work/retro-manager/retro-manager/runtime/retropack-runtime-fbneo/submodules/fbneo/src/burn/snd -I/home/runner/work/retro-manager/retro-manager/runtime/retropack-runtime-fbneo/submodules/fbneo/src/burn/drv/neogeo -I/home/runner/work/retro-manager/retro-manager/runtime/retropack-runtime-fbneo/submodules/fbneo/src/burner -I/home/runner/work/retro-manager/retro-manager/runtime/retropack-runtime-fbneo/submodules/fbneo/src/burner/libretro -I/home/runner/work/retro-manager/retro-manager/runtime/retropack-runtime-fbneo/submodules/fbneo/src/cpu -I/home/runner/work/retro-manager/retro-manager/runtime/retropack-runtime-fbneo/submodules/fbneo/src/cpu/m68k -I/home/runner/work/retro-manager/retro-manager/runtime/retropack-runtime-fbneo/submodules/fbneo/src/cpu/z80 -I/home/runner/work/retro-manager/retro-manager/runtime/retropack-runtime-fbneo/submodules/fbneo/src/dep/libs/zlib -g -DANDROID -fdata-sections -ffunction-sections -funwind-tables -fstack-protector-strong -no-canonical-prefixes -D_FORTIFY_SOURCE=2 -Wformat -Werror=format-security   -fno-limit-debug-info  -fPIC -MD -MT CMakeFiles/retropack-runtime-fbneo.dir/submodules/fbneo/src/burn/burn_memory.cpp.o -MF CMakeFiles/retropack-runtime-fbneo.dir/submodules/fbneo/src/burn/burn_memory.cpp.o.d -o CMakeFiles/retropack-runtime-fbneo.dir/submodules/fbneo/src/burn/burn_memory.cpp.o -c /home/runner/work/retro-manager/retro-manager/runtime/retropack-runtime-fbneo/submodules/fbneo/src/burn/burn_memory.cpp
In file included from /home/runner/work/retro-manager/retro-manager/runtime/retropack-runtime-fbneo/submodules/fbneo/src/burn/burn_memory.cpp:7:
In file included from /home/runner/work/retro-manager/retro-manager/runtime/retropack-runtime-fbneo/submodules/fbneo/src/burn/burnint.h:13:
/home/runner/work/retro-manager/retro-manager/runtime/retropack-runtime-fbneo/submodules/fbneo/src/burner/libretro/tchar.h:4:10: fatal error: 'libretro.h' file not found
    4 | #include "libretro.h"
      |          ^~~~~~~~~~~~
1 error generated.
[2/45] Building CXX object CMakeFiles/retropack-runtime-fbneo.dir/submodules/fbneo/src/burn/debug_track.cpp.o
FAILED: CMakeFiles/retropack-runtime-fbneo.dir/submodules/fbneo/src/burn/debug_track.cpp.o 
/usr/local/lib/android/sdk/ndk/27.0.12077973/toolchains/llvm/prebuilt/linux-x86_64/bin/clang++ --target=aarch64-none-linux-android26 --sysroot=/usr/local/lib/android/sdk/ndk/27.0.12077973/toolchains/llvm/prebuilt/linux-x86_64/sysroot -DBUILD_NEOGEO=1 -DHAVE_FBNEO_CORE=1 -DINLINE=inline -DSUPPORT_SPLIT_DRIVER=1 -D__LIBRETRO_OPTIMIZATIONS__=1 -D__LIBRETRO__=1 -Dretropack_runtime_fbneo_EXPORTS -I/home/runner/work/retro-manager/retro-manager/runtime/retropack-runtime-fbneo/src/main/cpp -I/home/runner/work/retro-manager/retro-manager/runtime/retropack-runtime-fbneo/submodules/fbneo -I/home/runner/work/retro-manager/retro-manager/runtime/retropack-runtime-fbneo/submodules/fbneo/src -I/home/runner/work/retro-manager/retro-manager/runtime/retropack-runtime-fbneo/submodules/fbneo/src/burn -I/home/runner/work/retro-manager/retro-manager/runtime/retropack-runtime-fbneo/submodules/fbneo/src/burn/devices -I/home/runner/work/retro-manager/retro-manager/runtime/retropack-runtime-fbneo/submodules/fbneo/src/burn/snd -I/home/runner/work/retro-manager/retro-manager/runtime/retropack-runtime-fbneo/submodules/fbneo/src/burn/drv/neogeo -I/home/runner/work/retro-manager/retro-manager/runtime/retropack-runtime-fbneo/submodules/fbneo/src/burner -I/home/runner/work/retro-manager/retro-manager/runtime/retropack-runtime-fbneo/submodules/fbneo/src/burner/libretro -I/home/runner/work/retro-manager/retro-manager/runtime/retropack-runtime-fbneo/submodules/fbneo/src/cpu -I/home/runner/work/retro-manager/retro-manager/runtime/retropack-runtime-fbneo/submodules/fbneo/src/cpu/m68k -I/home/runner/work/retro-manager/retro-manager/runtime/retropack-runtime-fbneo/submodules/fbneo/src/cpu/z80 -I/home/runner/work/retro-manager/retro-manager/runtime/retropack-runtime-fbneo/submodules/fbneo/src/dep/libs/zlib -g -DANDROID -fdata-sections -ffunction-sections -funwind-tables -fstack-protector-strong -no-canonical-prefixes -D_FORTIFY_SOURCE=2 -Wformat -Werror=format-security   -fno-limit-debug-info  -fPIC -MD -MT CMakeFiles/retropack-runtime-fbneo.dir/submodules/fbneo/src/burn/debug_track.cpp.o -MF CMakeFiles/retropack-runtime-fbneo.dir/submodules/fbneo/src/burn/debug_track.cpp.o.d -o CMakeFiles/retropack-runtime-fbneo.dir/submodules/fbneo/src/burn/debug_track.cpp.o -c /home/runner/work/retro-manager/retro-manager/runtime/retropack-runtime-fbneo/submodules/fbneo/src/burn/debug_track.cpp
In file included from /home/runner/work/retro-manager/retro-manager/runtime/retropack-runtime-fbneo/submodules/fbneo/src/burn/debug_track.cpp:3:
In file included from /home/runner/work/retro-manager/retro-manager/runtime/retropack-runtime-fbneo/submodules/fbneo/src/burn/burnint.h:13:
/home/runner/work/retro-manager/retro-manager/runtime/retropack-runtime-fbneo/submodules/fbneo/src/burner/libretro/tchar.h:4:10: fatal error: 'libretro.h' file not found
    4 | #include "libretro.h"
      |          ^~~~~~~~~~~~
1 error generated.
[3/45] Building CXX object CMakeFiles/retropack-runtime-fbneo.dir/submodules/fbneo/src/burn/burn_sound.cpp.o
FAILED: CMakeFiles/retropack-runtime-fbneo.dir/submodules/fbneo/src/burn/burn_sound.cpp.o 
/usr/local/lib/android/sdk/ndk/27.0.12077973/toolchains/llvm/prebuilt/linux-x86_64/bin/clang++ --target=aarch64-none-linux-android26 --sysroot=/usr/local/lib/android/sdk/ndk/27.0.12077973/toolchains/llvm/prebuilt/linux-x86_64/sysroot -DBUILD_NEOGEO=1 -DHAVE_FBNEO_CORE=1 -DINLINE=inline -DSUPPORT_SPLIT_DRIVER=1 -D__LIBRETRO_OPTIMIZATIONS__=1 -D__LIBRETRO__=1 -Dretropack_runtime_fbneo_EXPORTS -I/home/runner/work/retro-manager/retro-manager/runtime/retropack-runtime-fbneo/src/main/cpp -I/home/runner/work/retro-manager/retro-manager/runtime/retropack-runtime-fbneo/submodules/fbneo -I/home/runner/work/retro-manager/retro-manager/runtime/retropack-runtime-fbneo/submodules/fbneo/src -I/home/runner/work/retro-manager/retro-manager/runtime/retropack-runtime-fbneo/submodules/fbneo/src/burn -I/home/runner/work/retro-manager/retro-manager/runtime/retropack-runtime-fbneo/submodules/fbneo/src/burn/devices -I/home/runner/work/retro-manager/retro-manager/runtime/retropack-runtime-fbneo/submodules/fbneo/src/burn/snd -I/home/runner/work/retro-manager/retro-manager/runtime/retropack-runtime-fbneo/submodules/fbneo/src/burn/drv/neogeo -I/home/runner/work/retro-manager/retro-manager/runtime/retropack-runtime-fbneo/submodules/fbneo/src/burner -I/home/runner/work/retro-manager/retro-manager/runtime/retropack-runtime-fbneo/submodules/fbneo/src/burner/libretro -I/home/runner/work/retro-manager/retro-manager/runtime/retropack-runtime-fbneo/submodules/fbneo/src/cpu -I/home/runner/work/retro-manager/retro-manager/runtime/retropack-runtime-fbneo/submodules/fbneo/src/cpu/m68k -I/home/runner/work/retro-manager/retro-manager/runtime/retropack-runtime-fbneo/submodules/fbneo/src/cpu/z80 -I/home/runner/work/retro-manager/retro-manager/runtime/retropack-runtime-fbneo/submodules/fbneo/src/dep/libs/zlib -g -DANDROID -fdata-sections -ffunction-sections -funwind-tables -fstack-protector-strong -no-canonical-prefixes -D_FORTIFY_SOURCE=2 -Wformat -Werror=format-security   -fno-limit-debug-info  -fPIC -MD -MT CMakeFiles/retropack-runtime-fbneo.dir/submodules/fbneo/src/burn/burn_sound.cpp.o -MF CMakeFiles/retropack-runtime-fbneo.dir/submodules/fbneo/src/burn/burn_sound.cpp.o.d -o CMakeFiles/retropack-runtime-fbneo.dir/submodules/fbneo/src/burn/burn_sound.cpp.o -c /home/runner/work/retro-manager/retro-manager/runtime/retropack-runtime-fbneo/submodules/fbneo/src/burn/burn_sound.cpp
In file included from /home/runner/work/retro-manager/retro-manager/runtime/retropack-runtime-fbneo/submodules/fbneo/src/burn/burn_sound.cpp:1:
In file included from /home/runner/work/retro-manager/retro-manager/runtime/retropack-runtime-fbneo/submodules/fbneo/src/burn/burnint.h:13:
/home/runner/work/retro-manager/retro-manager/runtime/retropack-runtime-fbneo/submodules/fbneo/src/burner/libretro/tchar.h:4:10: fatal error: 'libretro.h' file not found
    4 | #include "libretro.h"
      |          ^~~~~~~~~~~~
1 error generated.
[4/45] Building C object CMakeFiles/retropack-runtime-fbneo.dir/src/main/cpp/fbneo-jni.c.o
FAILED: CMakeFiles/retropack-runtime-fbneo.dir/src/main/cpp/fbneo-jni.c.o 
/usr/local/lib/android/sdk/ndk/27.0.12077973/toolchains/llvm/prebuilt/linux-x86_64/bin/clang --target=aarch64-none-linux-android26 --sysroot=/usr/local/lib/android/sdk/ndk/27.0.12077973/toolchains/llvm/prebuilt/linux-x86_64/sysroot -DBUILD_NEOGEO=1 -DHAVE_FBNEO_CORE=1 -DINLINE=inline -DSUPPORT_SPLIT_DRIVER=1 -D__LIBRETRO_OPTIMIZATIONS__=1 -D__LIBRETRO__=1 -Dretropack_runtime_fbneo_EXPORTS -I/home/runner/work/retro-manager/retro-manager/runtime/retropack-runtime-fbneo/src/main/cpp -I/home/runner/work/retro-manager/retro-manager/runtime/retropack-runtime-fbneo/submodules/fbneo -I/home/runner/work/retro-manager/retro-manager/runtime/retropack-runtime-fbneo/submodules/fbneo/src -I/home/runner/work/retro-manager/retro-manager/runtime/retropack-runtime-fbneo/submodules/fbneo/src/burn -I/home/runner/work/retro-manager/retro-manager/runtime/retropack-runtime-fbneo/submodules/fbneo/src/burn/devices -I/home/runner/work/retro-manager/retro-manager/runtime/retropack-runtime-fbneo/submodules/fbneo/src/burn/snd -I/home/runner/work/retro-manager/retro-manager/runtime/retropack-runtime-fbneo/submodules/fbneo/src/burn/drv/neogeo -I/home/runner/work/retro-manager/retro-manager/runtime/retropack-runtime-fbneo/submodules/fbneo/src/burner -I/home/runner/work/retro-manager/retro-manager/runtime/retropack-runtime-fbneo/submodules/fbneo/src/burner/libretro -I/home/runner/work/retro-manager/retro-manager/runtime/retropack-runtime-fbneo/submodules/fbneo/src/cpu -I/home/runner/work/retro-manager/retro-manager/runtime/retropack-runtime-fbneo/submodules/fbneo/src/cpu/m68k -I/home/runner/work/retro-manager/retro-manager/runtime/retropack-runtime-fbneo/submodules/fbneo/src/cpu/z80 -I/home/runner/work/retro-manager/retro-manager/runtime/retropack-runtime-fbneo/submodules/fbneo/src/dep/libs/zlib -g -DANDROID -fdata-sections -ffunction-sections -funwind-tables -fstack-protector-strong -no-canonical-prefixes -D_FORTIFY_SOURCE=2 -Wformat -Werror=format-security  -fno-limit-debug-info  -fPIC -std=gnu11 -MD -MT CMakeFiles/retropack-runtime-fbneo.dir/src/main/cpp/fbneo-jni.c.o -MF CMakeFiles/retropack-runtime-fbneo.dir/src/main/cpp/fbneo-jni.c.o.d -o CMakeFiles/retropack-runtime-fbneo.dir/src/main/cpp/fbneo-jni.c.o -c /home/runner/work/retro-manager/retro-manager/runtime/retropack-runtime-fbneo/src/main/cpp/fbneo-jni.c
In file included from /home/runner/work/retro-manager/retro-manager/runtime/retropack-runtime-fbneo/src/main/cpp/fbneo-jni.c:43:
In file included from /home/runner/work/retro-manager/retro-manager/runtime/retropack-runtime-fbneo/submodules/fbneo/src/burner/burner.h:13:
/home/runner/work/retro-manager/retro-manager/runtime/retropack-runtime-fbneo/submodules/fbneo/src/burner/libretro/tchar.h:4:10: fatal error: 'libretro.h' file not found
    4 | #include "libretro.h"
      |          ^~~~~~~~~~~~
1 error generated.
[5/45] Building CXX object CMakeFiles/retropack-runtime-fbneo.dir/submodules/fbneo/src/burn/burn_gun.cpp.o
FAILED: CMakeFiles/retropack-runtime-fbneo.dir/submodules/fbneo/src/burn/burn_gun.cpp.o 
/usr/local/lib/android/sdk/ndk/27.0.12077973/toolchains/llvm/prebuilt/linux-x86_64/bin/clang++ --target=aarch64-none-linux-android26 --sysroot=/usr/local/lib/android/sdk/ndk/27.0.12077973/toolchains/llvm/prebuilt/linux-x86_64/sysroot -DBUILD_NEOGEO=1 -DHAVE_FBNEO_CORE=1 -DINLINE=inline -DSUPPORT_SPLIT_DRIVER=1 -D__LIBRETRO_OPTIMIZATIONS__=1 -D__LIBRETRO__=1 -Dretropack_runtime_fbneo_EXPORTS -I/home/runner/work/retro-manager/retro-manager/runtime/retropack-runtime-fbneo/src/main/cpp -I/home/runner/work/retro-manager/retro-manager/runtime/retropack-runtime-fbneo/submodules/fbneo -I/home/runner/work/retro-manager/retro-manager/runtime/retropack-runtime-fbneo/submodules/fbneo/src -I/home/runner/work/retro-manager/retro-manager/runtime/retropack-runtime-fbneo/submodules/fbneo/src/burn -I/home/runner/work/retro-manager/retro-manager/runtime/retropack-runtime-fbneo/submodules/fbneo/src/burn/devices -I/home/runner/work/retro-manager/retro-manager/runtime/retropack-runtime-fbneo/submodules/fbneo/src/burn/snd -I/home/runner/work/retro-manager/retro-manager/runtime/retropack-runtime-fbneo/submodules/fbneo/src/burn/drv/neogeo -I/home/runner/work/retro-manager/retro-manager/runtime/retropack-runtime-fbneo/submodules/fbneo/src/burner -I/home/runner/work/retro-manager/retro-manager/runtime/retropack-runtime-fbneo/submodules/fbneo/src/burner/libretro -I/home/runner/work/retro-manager/retro-manager/runtime/retropack-runtime-fbneo/submodules/fbneo/src/cpu -I/home/runner/work/retro-manager/retro-manager/runtime/retropack-runtime-fbneo/submodules/fbneo/src/cpu/m68k -I/home/runner/work/retro-manager/retro-manager/runtime/retropack-runtime-fbneo/submodules/fbneo/src/cpu/z80 -I/home/runner/work/retro-manager/retro-manager/runtime/retropack-runtime-fbneo/submodules/fbneo/src/dep/libs/zlib -g -DANDROID -fdata-sections -ffunction-sections -funwind-tables -fstack-protector-strong -no-canonical-prefixes -D_FORTIFY_SOURCE=2 -Wformat -Werror=format-security   -fno-limit-debug-info  -fPIC -MD -MT CMakeFiles/retropack-runtime-fbneo.dir/submodules/fbneo/src/burn/burn_gun.cpp.o -MF CMakeFiles/retropack-runtime-fbneo.dir/submodules/fbneo/src/burn/burn_gun.cpp.o.d -o CMakeFiles/retropack-runtime-fbneo.dir/submodules/fbneo/src/burn/burn_gun.cpp.o -c /home/runner/work/retro-manager/retro-manager/runtime/retropack-runtime-fbneo/submodules/fbneo/src/burn/burn_gun.cpp
In file included from /home/runner/work/retro-manager/retro-manager/runtime/retropack-runtime-fbneo/submodules/fbneo/src/burn/burn_gun.cpp:1:
In file included from /home/runner/work/retro-manager/retro-manager/runtime/retropack-runtime-fbneo/submodules/fbneo/src/burn/burnint.h:13:
/home/runner/work/retro-manager/retro-manager/runtime/retropack-runtime-fbneo/submodules/fbneo/src/burner/libretro/tchar.h:4:10: fatal error: 'libretro.h' file not found
    4 | #include "libretro.h"
      |          ^~~~~~~~~~~~
1 error generated.
[6/45] Building CXX object CMakeFiles/retropack-runtime-fbneo.dir/submodules/fbneo/src/burn/burn.cpp.o
FAILED: CMakeFiles/retropack-runtime-fbneo.dir/submodules/fbneo/src/burn/burn.cpp.o 
/usr/local/lib/android/sdk/ndk/27.0.12077973/toolchains/llvm/prebuilt/linux-x86_64/bin/clang++ --target=aarch64-none-linux-android26 --sysroot=/usr/local/lib/android/sdk/ndk/27.0.12077973/toolchains/llvm/prebuilt/linux-x86_64/sysroot -DBUILD_NEOGEO=1 -DHAVE_FBNEO_CORE=1 -DINLINE=inline -DSUPPORT_SPLIT_DRIVER=1 -D__LIBRETRO_OPTIMIZATIONS__=1 -D__LIBRETRO__=1 -Dretropack_runtime_fbneo_EXPORTS -I/home/runner/work/retro-manager/retro-manager/runtime/retropack-runtime-fbneo/src/main/cpp -I/home/runner/work/retro-manager/retro-manager/runtime/retropack-runtime-fbneo/submodules/fbneo -I/home/runner/work/retro-manager/retro-manager/runtime/retropack-runtime-fbneo/submodules/fbneo/src -I/home/runner/work/retro-manager/retro-manager/runtime/retropack-runtime-fbneo/submodules/fbneo/src/burn -I/home/runner/work/retro-manager/retro-manager/runtime/retropack-runtime-fbneo/submodules/fbneo/src/burn/devices -I/home/runner/work/retro-manager/retro-manager/runtime/retropack-runtime-fbneo/submodules/fbneo/src/burn/snd -I/home/runner/work/retro-manager/retro-manager/runtime/retropack-runtime-fbneo/submodules/fbneo/src/burn/drv/neogeo -I/home/runner/work/retro-manager/retro-manager/runtime/retropack-runtime-fbneo/submodules/fbneo/src/burner -I/home/runner/work/retro-manager/retro-manager/runtime/retropack-runtime-fbneo/submodules/fbneo/src/burner/libretro -I/home/runner/work/retro-manager/retro-manager/runtime/retropack-runtime-fbneo/submodules/fbneo/src/cpu -I/home/runner/work/retro-manager/retro-manager/runtime/retropack-runtime-fbneo/submodules/fbneo/src/cpu/m68k -I/home/runner/work/retro-manager/retro-manager/runtime/retropack-runtime-fbneo/submodules/fbneo/src/cpu/z80 -I/home/runner/work/retro-manager/retro-manager/runtime/retropack-runtime-fbneo/submodules/fbneo/src/dep/libs/zlib -g -DANDROID -fdata-sections -ffunction-sections -funwind-tables -fstack-protector-strong -no-canonical-prefixes -D_FORTIFY_SOURCE=2 -Wformat -Werror=format-security   -fno-limit-debug-info  -fPIC -MD -MT CMakeFiles/retropack-runtime-fbneo.dir/submodules/fbneo/src/burn/burn.cpp.o -MF CMakeFiles/retropack-runtime-fbneo.dir/submodules/fbneo/src/burn/burn.cpp.o.d -o CMakeFiles/retropack-runtime-fbneo.dir/submodules/fbneo/src/burn/burn.cpp.o -c /home/runner/work/retro-manager/retro-manager/runtime/retropack-runtime-fbneo/submodules/fbneo/src/burn/burn.cpp
In file included from /home/runner/work/retro-manager/retro-manager/runtime/retropack-runtime-fbneo/submodules/fbneo/src/burn/burn.cpp:4:
In file included from /home/runner/work/retro-manager/retro-manager/runtime/retropack-runtime-fbneo/submodules/fbneo/src/burn/burnint.h:13:
/home/runner/work/retro-manager/retro-manager/runtime/retropack-runtime-fbneo/submodules/fbneo/src/burner/libretro/tchar.h:4:10: fatal error: 'libretro.h' file not found
    4 | #include "libretro.h"
      |          ^~~~~~~~~~~~
1 error generated.
ninja: build stopped: subcommand failed.

C++ build system [build] failed while executing:
    /usr/local/lib/android/sdk/cmake/3.22.1/bin/ninja \
      -C \
      /home/runner/work/retro-manager/retro-manager/runtime/retropack-runtime-fbneo/.cxx/Debug/1b1s4j3o/arm64-v8a \
      retropack-runtime-fbneo
  from /home/runner/work/retro-manager/retro-manager/runtime/retropack-runtime-fbneo
	at com.android.build.gradle.internal.cxx.process.ExecuteProcessKt.execute(ExecuteProcess.kt:288)
	at com.android.build.gradle.internal.cxx.process.ExecuteProcessKt$executeProcess$1.invoke(ExecuteProcess.kt:108)
	at com.android.build.gradle.internal.cxx.process.ExecuteProcessKt$executeProcess$1.invoke(ExecuteProcess.kt:106)
	at com.android.build.gradle.internal.cxx.timing.TimingEnvironmentKt.time(TimingEnvironment.kt:32)
	at com.android.build.gradle.internal.cxx.process.ExecuteProcessKt.executeProcess(ExecuteProcess.kt:106)
	at com.android.build.gradle.internal.cxx.process.ExecuteProcessKt.executeProcess$default(ExecuteProcess.kt:85)
	at com.android.build.gradle.internal.cxx.build.CxxRegularBuilder.executeProcessBatch(CxxRegularBuilder.kt:332)
	at com.android.build.gradle.internal.cxx.build.CxxRegularBuilder.build(CxxRegularBuilder.kt:129)
	at com.android.build.gradle.tasks.ExternalNativeBuildTask.doTaskAction(ExternalNativeBuildTask.kt:72)
	at com.android.build.gradle.internal.tasks.UnsafeOutputsTask$taskAction$$inlined$recordTaskAction$1.invoke(BaseTask.kt:78)
	at com.android.build.gradle.internal.tasks.Blocks.recordSpan(Blocks.java:51)
	at com.android.build.gradle.internal.tasks.UnsafeOutputsTask.taskAction(UnsafeOutputsTask.kt:81)
	at org.gradle.internal.reflect.JavaMethod.invoke(JavaMethod.java:125)
	... 160 more
Caused by: com.android.ide.common.process.ProcessException: Error while executing process /usr/local/lib/android/sdk/cmake/3.22.1/bin/ninja with arguments {-C /home/runner/work/retro-manager/retro-manager/runtime/retropack-runtime-fbneo/.cxx/Debug/1b1s4j3o/arm64-v8a retropack-runtime-fbneo}
	at com.android.build.gradle.internal.process.GradleProcessResult.buildProcessException(GradleProcessResult.java:73)
	at com.android.build.gradle.internal.process.GradleProcessResult.assertNormalExitValue(GradleProcessResult.java:48)
	at com.android.build.gradle.internal.cxx.process.ExecuteProcessKt.execute(ExecuteProcess.kt:277)
	... 172 more
Caused by: org.gradle.process.ProcessExecutionException: Process 'command '/usr/local/lib/android/sdk/cmake/3.22.1/bin/ninja'' finished with non-zero exit value 1
	at org.gradle.process.internal.DefaultExecHandle$ExecResultImpl.assertNormalExitValue(DefaultExecHandle.java:459)
	at com.android.build.gradle.internal.process.GradleProcessResult.assertNormalExitValue(GradleProcessResult.java:46)
	... 173 more


Deprecated Gradle features were used in this build, making it incompatible with Gradle 10.

You can use '--warning-mode all' to show the individual deprecation warnings and determine if they come from your own scripts or plugins.

For more on this, please refer to https://docs.gradle.org/9.5.1/userguide/command_line_interface.html#sec:command_line_warnings in the Gradle documentation.

BUILD FAILED in 13s
217 actionable tasks: 191 executed, 26 up-to-date
