> Task :runtime:retropack-runtime-pcsx:preBuild UP-TO-DATE
> Task :runtime:retropack-runtime-pcsx:preDebugBuild UP-TO-DATE
> Task :runtime:retropack-runtime-pcsx:configureCMakeDebug[arm64-v8a]

> Task :runtime:retropack-runtime-pcsx:buildCMakeDebug[arm64-v8a] FAILED
C/C++: ninja: Entering directory `/home/runner/work/retro-manager/retro-manager/runtime/retropack-runtime-pcsx/.cxx/Debug/3uf4qy72/arm64-v8a'
C/C++: : && /usr/local/lib/android/sdk/ndk/27.0.12077973/toolchains/llvm/prebuilt/linux-x86_64/bin/clang --target=aarch64-none-linux-android26 --sysroot=/usr/local/lib/android/sdk/ndk/27.0.12077973/toolchains/llvm/prebuilt/linux-x86_64/sysroot -fPIC -g -DANDROID -fdata-sections -ffunction-sections -funwind-tables -fstack-protector-strong -no-canonical-prefixes -D_FORTIFY_SOURCE=2 -Wformat -Werror=format-security  -fno-limit-debug-info  -static-libstdc++ -Wl,--build-id=sha1 -Wl,--no-rosegment -Wl,--no-undefined-version -Wl,--fatal-warnings -Wl,--no-undefined -Qunused-arguments  -Wl,-z,max-page-size=16384 -Wl,-z,common-page-size=16384   -Wl,-z,max-page-size=16384 -Wl,-z,common-page-size=16384 -shared -Wl,-soname,libretropack-runtime-pcsx.so -o ../../../../build/intermediates/cxx/Debug/3uf4qy72/obj/arm64-v8a/libretropack-runtime-pcsx.so CMakeFiles/retropack-runtime-pcsx.dir/src/main/cpp/pcsx-jni.c.o CMakeFiles/retropack-runtime-pcsx.dir/src/main/cpp/ringbuffer.c.o CMakeFiles/retropack-runtime-pcsx.dir/submodules/pcsx_rearmed/libpcsxcore/cdriso.c.o CMakeFiles/retropack-runtime-pcsx.dir/submodules/pcsx_rearmed/libpcsxcore/cdrom.c.o CMakeFiles/retropack-runtime-pcsx.dir/submodules/pcsx_rearmed/libpcsxcore/cdrom-async.c.o CMakeFiles/retropack-runtime-pcsx.dir/submodules/pcsx_rearmed/libpcsxcore/cheat.c.o CMakeFiles/retropack-runtime-pcsx.dir/submodules/pcsx_rearmed/libpcsxcore/database.c.o CMakeFiles/retropack-runtime-pcsx.dir/submodules/pcsx_rearmed/libpcsxcore/decode_xa.c.o CMakeFiles/retropack-runtime-pcsx.dir/submodules/pcsx_rearmed/libpcsxcore/mdec.c.o CMakeFiles/retropack-runtime-pcsx.dir/submodules/pcsx_rearmed/libpcsxcore/misc.c.o CMakeFiles/retropack-runtime-pcsx.dir/submodules/pcsx_rearmed/libpcsxcore/plugins.c.o CMakeFiles/retropack-runtime-pcsx.dir/submodules/pcsx_rearmed/libpcsxcore/ppf.c.o CMakeFiles/retropack-runtime-pcsx.dir/submodules/pcsx_rearmed/libpcsxcore/psxbios.c.o CMakeFiles/retropack-runtime-pcsx.dir/submodules/pcsx_rearmed/libpcsxcore/psxcommon.c.o CMakeFiles/retropack-runtime-pcsx.dir/submodules/pcsx_rearmed/libpcsxcore/psxcounters.c.o CMakeFiles/retropack-runtime-pcsx.dir/submodules/pcsx_rearmed/libpcsxcore/psxdma.c.o CMakeFiles/retropack-runtime-pcsx.dir/submodules/pcsx_rearmed/libpcsxcore/psxhw.c.o CMakeFiles/retropack-runtime-pcsx.dir/submodules/pcsx_rearmed/libpcsxcore/psxinterpreter.c.o CMakeFiles/retropack-runtime-pcsx.dir/submodules/pcsx_rearmed/libpcsxcore/psxmem.c.o CMakeFiles/retropack-runtime-pcsx.dir/submodules/pcsx_rearmed/libpcsxcore/psxevents.c.o CMakeFiles/retropack-runtime-pcsx.dir/submodules/pcsx_rearmed/libpcsxcore/r3000a.c.o CMakeFiles/retropack-runtime-pcsx.dir/submodules/pcsx_rearmed/libpcsxcore/sio.c.o CMakeFiles/retropack-runtime-pcsx.dir/submodules/pcsx_rearmed/libpcsxcore/spu.c.o CMakeFiles/retropack-runtime-pcsx.dir/submodules/pcsx_rearmed/libpcsxcore/gpu.c.o CMakeFiles/retropack-runtime-pcsx.dir/submodules/pcsx_rearmed/libpcsxcore/pad.c.o CMakeFiles/retropack-runtime-pcsx.dir/submodules/pcsx_rearmed/libpcsxcore/gte.c.o CMakeFiles/retropack-runtime-pcsx.dir/submodules/pcsx_rearmed/libpcsxcore/gte_nf.c.o CMakeFiles/retropack-runtime-pcsx.dir/submodules/pcsx_rearmed/libpcsxcore/gte_divider.c.o CMakeFiles/retropack-runtime-pcsx.dir/submodules/pcsx_rearmed/libpcsxcore/new_dynarec/emu_if.c.o CMakeFiles/retropack-runtime-pcsx.dir/submodules/pcsx_rearmed/plugins/dfsound/dma.c.o CMakeFiles/retropack-runtime-pcsx.dir/submodules/pcsx_rearmed/plugins/dfsound/freeze.c.o CMakeFiles/retropack-runtime-pcsx.dir/submodules/pcsx_rearmed/plugins/dfsound/registers.c.o CMakeFiles/retropack-runtime-pcsx.dir/submodules/pcsx_rearmed/plugins/dfsound/spu.c.o CMakeFiles/retropack-runtime-pcsx.dir/submodules/pcsx_rearmed/plugins/dfsound/out.c.o CMakeFiles/retropack-runtime-pcsx.dir/submodules/pcsx_rearmed/plugins/dfsound/nullsnd.c.o CMakeFiles/retropack-runtime-pcsx.dir/submodules/pcsx_rearmed/plugins/gpulib/gpu.c.o CMakeFiles/retropack-runtime-pcsx.dir/submodules/pcsx_rearmed/plugins/gpulib/vout_pl.c.o CMakeFiles/retropack-runtime-pcsx.dir/submodules/pcsx_rearmed/plugins/gpulib/prim.c.o CMakeFiles/retropack-runtime-pcsx.dir/submodules/pcsx_rearmed/plugins/dfxvideo/gpulib_if.c.o CMakeFiles/retropack-runtime-pcsx.dir/submodules/pcsx_rearmed/frontend/cspace.c.o  -lGLESv2  -lEGL  -lOpenSLES  -landroid  -llog  -lm  -lz  -latomic -lm && :
C/C++: ld.lld: error: undefined symbol: rfopen
C/C++: >>> referenced by cdriso.c:1452 (/home/runner/work/retro-manager/retro-manager/runtime/retropack-runtime-pcsx/submodules/pcsx_rearmed/libpcsxcore/cdriso.c:1452)
C/C++: >>>               CMakeFiles/retropack-runtime-pcsx.dir/submodules/pcsx_rearmed/libpcsxcore/cdriso.c.o:(ISOopen)
C/C++: >>> referenced by cdriso.c:1526 (/home/runner/work/retro-manager/retro-manager/runtime/retropack-runtime-pcsx/submodules/pcsx_rearmed/libpcsxcore/cdriso.c:1526)
C/C++: >>>               CMakeFiles/retropack-runtime-pcsx.dir/submodules/pcsx_rearmed/libpcsxcore/cdriso.c.o:(ISOopen)
C/C++: >>> referenced by cdriso.c:216 (/home/runner/work/retro-manager/retro-manager/runtime/retropack-runtime-pcsx/submodules/pcsx_rearmed/libpcsxcore/cdriso.c:216)
C/C++: >>>               CMakeFiles/retropack-runtime-pcsx.dir/submodules/pcsx_rearmed/libpcsxcore/cdriso.c.o:(parsetoc)
C/C++: >>> referenced 21 more times
C/C++: >>> did you mean: fopen
C/C++: >>> defined in: /usr/local/lib/android/sdk/ndk/27.0.12077973/toolchains/llvm/prebuilt/linux-x86_64/sysroot/usr/lib/aarch64-linux-android/26/libc.so
C/C++: ld.lld: error: undefined symbol: SysPrintf
C/C++: >>> referenced by cdriso.c:1454 (/home/runner/work/retro-manager/retro-manager/runtime/retropack-runtime-pcsx/submodules/pcsx_rearmed/libpcsxcore/cdriso.c:1454)
C/C++: >>>               CMakeFiles/retropack-runtime-pcsx.dir/submodules/pcsx_rearmed/libpcsxcore/cdriso.c.o:(ISOopen)
C/C++: >>> referenced by cdriso.c:1544 (/home/runner/work/retro-manager/retro-manager/runtime/retropack-runtime-pcsx/submodules/pcsx_rearmed/libpcsxcore/cdriso.c:1544)
C/C++: >>>               CMakeFiles/retropack-runtime-pcsx.dir/submodules/pcsx_rearmed/libpcsxcore/cdriso.c.o:(ISOopen)
C/C++: >>> referenced by cdriso.c:1560 (/home/runner/work/retro-manager/retro-manager/runtime/retropack-runtime-pcsx/submodules/pcsx_rearmed/libpcsxcore/cdriso.c:1560)
C/C++: >>>               CMakeFiles/retropack-runtime-pcsx.dir/submodules/pcsx_rearmed/libpcsxcore/cdriso.c.o:(ISOopen)
C/C++: >>> referenced 92 more times
C/C++: ld.lld: error: undefined symbol: rfclose
C/C++: >>> referenced by cdriso.c:1533 (/home/runner/work/retro-manager/retro-manager/runtime/retropack-runtime-pcsx/submodules/pcsx_rearmed/libpcsxcore/cdriso.c:1533)
C/C++: >>>               CMakeFiles/retropack-runtime-pcsx.dir/submodules/pcsx_rearmed/libpcsxcore/cdriso.c.o:(ISOopen)
C/C++: >>> referenced by cdriso.c:238 (/home/runner/work/retro-manager/retro-manager/runtime/retropack-runtime-pcsx/submodules/pcsx_rearmed/libpcsxcore/cdriso.c:238)
C/C++: >>>               CMakeFiles/retropack-runtime-pcsx.dir/submodules/pcsx_rearmed/libpcsxcore/cdriso.c.o:(parsetoc)
C/C++: >>> referenced by cdriso.c:334 (/home/runner/work/retro-manager/retro-manager/runtime/retropack-runtime-pcsx/submodules/pcsx_rearmed/libpcsxcore/cdriso.c:334)
C/C++: >>>               CMakeFiles/retropack-runtime-pcsx.dir/submodules/pcsx_rearmed/libpcsxcore/cdriso.c.o:(parsetoc)
C/C++: >>> referenced 26 more times
C/C++: ld.lld: error: undefined symbol: rfread
C/C++: >>> referenced by cdriso.c:1543 (/home/runner/work/retro-manager/retro-manager/runtime/retropack-runtime-pcsx/submodules/pcsx_rearmed/libpcsxcore/cdriso.c:1543)
C/C++: >>>               CMakeFiles/retropack-runtime-pcsx.dir/submodules/pcsx_rearmed/libpcsxcore/cdriso.c.o:(ISOopen)
C/C++: >>> referenced by cdriso.c:1169 (/home/runner/work/retro-manager/retro-manager/runtime/retropack-runtime-pcsx/submodules/pcsx_rearmed/libpcsxcore/cdriso.c:1169)
C/C++: >>>               CMakeFiles/retropack-runtime-pcsx.dir/submodules/pcsx_rearmed/libpcsxcore/cdriso.c.o:(cdread_normal)
C/C++: >>> referenced by cdriso.c:648 (/home/runner/work/retro-manager/retro-manager/runtime/retropack-runtime-pcsx/submodules/pcsx_rearmed/libpcsxcore/cdriso.c:648)
C/C++: >>>               CMakeFiles/retropack-runtime-pcsx.dir/submodules/pcsx_rearmed/libpcsxcore/cdriso.c.o:(parsemds)
C/C++: >>> referenced 44 more times
C/C++: ld.lld: error: undefined symbol: rftell
C/C++: >>> referenced by cdriso.c:168 (/home/runner/work/retro-manager/retro-manager/runtime/retropack-runtime-pcsx/submodules/pcsx_rearmed/libpcsxcore/cdriso.c:168)
C/C++: >>>               CMakeFiles/retropack-runtime-pcsx.dir/submodules/pcsx_rearmed/libpcsxcore/cdriso.c.o:(get_size)
C/C++: >>> referenced by cdriso.c:170 (/home/runner/work/retro-manager/retro-manager/runtime/retropack-runtime-pcsx/submodules/pcsx_rearmed/libpcsxcore/cdriso.c:170)
C/C++: >>>               CMakeFiles/retropack-runtime-pcsx.dir/submodules/pcsx_rearmed/libpcsxcore/cdriso.c.o:(get_size)
C/C++: >>> referenced by ppf.c:246 (/home/runner/work/retro-manager/retro-manager/runtime/retropack-runtime-pcsx/submodules/pcsx_rearmed/libpcsxcore/ppf.c:246)
C/C++: >>>               CMakeFiles/retropack-runtime-pcsx.dir/submodules/pcsx_rearmed/libpcsxcore/ppf.c.o:(BuildPPFCache)
C/C++: >>> referenced 5 more times
C/C++: ld.lld: error: undefined symbol: rfseek
C/C++: >>> referenced by cdriso.c:169 (/home/runner/work/retro-manager/retro-manager/runtime/retropack-runtime-pcsx/submodules/pcsx_rearmed/libpcsxcore/cdriso.c:169)
C/C++: >>>               CMakeFiles/retropack-runtime-pcsx.dir/submodules/pcsx_rearmed/libpcsxcore/cdriso.c.o:(get_size)
C/C++: >>> referenced by cdriso.c:171 (/home/runner/work/retro-manager/retro-manager/runtime/retropack-runtime-pcsx/submodules/pcsx_rearmed/libpcsxcore/cdriso.c:171)
C/C++: >>>               CMakeFiles/retropack-runtime-pcsx.dir/submodules/pcsx_rearmed/libpcsxcore/cdriso.c.o:(get_size)
C/C++: >>> referenced by cdriso.c:1167 (/home/runner/work/retro-manager/retro-manager/runtime/retropack-runtime-pcsx/submodules/pcsx_rearmed/libpcsxcore/cdriso.c:1167)
C/C++: >>>               CMakeFiles/retropack-runtime-pcsx.dir/submodules/pcsx_rearmed/libpcsxcore/cdriso.c.o:(cdread_normal)
C/C++: >>> referenced 47 more times
C/C++: ld.lld: error: undefined symbol: rfgets
C/C++: >>> referenced by cdriso.c:234 (/home/runner/work/retro-manager/retro-manager/runtime/retropack-runtime-pcsx/submodules/pcsx_rearmed/libpcsxcore/cdriso.c:234)
C/C++: >>>               CMakeFiles/retropack-runtime-pcsx.dir/submodules/pcsx_rearmed/libpcsxcore/cdriso.c.o:(parsetoc)
C/C++: >>> referenced by cdriso.c:252 (/home/runner/work/retro-manager/retro-manager/runtime/retropack-runtime-pcsx/submodules/pcsx_rearmed/libpcsxcore/cdriso.c:252)
C/C++: >>>               CMakeFiles/retropack-runtime-pcsx.dir/submodules/pcsx_rearmed/libpcsxcore/cdriso.c.o:(parsetoc)
C/C++: >>> referenced by cdriso.c:589 (/home/runner/work/retro-manager/retro-manager/runtime/retropack-runtime-pcsx/submodules/pcsx_rearmed/libpcsxcore/cdriso.c:589)
C/C++: >>>               CMakeFiles/retropack-runtime-pcsx.dir/submodules/pcsx_rearmed/libpcsxcore/cdriso.c.o:(parseccd)
C/C++: >>> referenced 2 more times
C/C++: ld.lld: error: undefined symbol: rfgetc
C/C++: >>> referenced by cdriso.c:680 (/home/runner/work/retro-manager/retro-manager/runtime/retropack-runtime-pcsx/submodules/pcsx_rearmed/libpcsxcore/cdriso.c:680)
C/C++: >>>               CMakeFiles/retropack-runtime-pcsx.dir/submodules/pcsx_rearmed/libpcsxcore/cdriso.c.o:(parsemds)
C/C++: >>> referenced by cdriso.c:688 (/home/runner/work/retro-manager/retro-manager/runtime/retropack-runtime-pcsx/submodules/pcsx_rearmed/libpcsxcore/cdriso.c:688)
C/C++: >>>               CMakeFiles/retropack-runtime-pcsx.dir/submodules/pcsx_rearmed/libpcsxcore/cdriso.c.o:(parsemds)
C/C++: >>> referenced by cdriso.c:696 (/home/runner/work/retro-manager/retro-manager/runtime/retropack-runtime-pcsx/submodules/pcsx_rearmed/libpcsxcore/cdriso.c:696)
C/C++: >>>               CMakeFiles/retropack-runtime-pcsx.dir/submodules/pcsx_rearmed/libpcsxcore/cdriso.c.o:(parsemds)
C/C++: >>> referenced 7 more times
C/C++: ld.lld: error: undefined symbol: PAD1_readPort
C/C++: >>> referenced by pad.c:537 (/home/runner/work/retro-manager/retro-manager/runtime/retropack-runtime-pcsx/submodules/pcsx_rearmed/libpcsxcore/pad.c:537)
C/C++: >>>               CMakeFiles/retropack-runtime-pcsx.dir/submodules/pcsx_rearmed/libpcsxcore/pad.c.o:(PAD1_startPoll)
C/C++: >>> referenced by pad.c:543 (/home/runner/work/retro-manager/retro-manager/runtime/retropack-runtime-pcsx/submodules/pcsx_rearmed/libpcsxcore/pad.c:543)
C/C++: >>>               CMakeFiles/retropack-runtime-pcsx.dir/submodules/pcsx_rearmed/libpcsxcore/pad.c.o:(PAD1_startPoll)
C/C++: ld.lld: error: undefined symbol: PAD2_readPort
C/C++: >>> referenced by pad.c:561 (/home/runner/work/retro-manager/retro-manager/runtime/retropack-runtime-pcsx/submodules/pcsx_rearmed/libpcsxcore/pad.c:561)
C/C++: >>>               CMakeFiles/retropack-runtime-pcsx.dir/submodules/pcsx_rearmed/libpcsxcore/pad.c.o:(PAD2_startPoll)
C/C++: >>> referenced by pad.c:566 (/home/runner/work/retro-manager/retro-manager/runtime/retropack-runtime-pcsx/submodules/pcsx_rearmed/libpcsxcore/pad.c:566)
C/C++: >>>               CMakeFiles/retropack-runtime-pcsx.dir/submodules/pcsx_rearmed/libpcsxcore/pad.c.o:(PAD2_startPoll)
C/C++: ld.lld: error: undefined symbol: pl_gun_byte2
C/C++: >>> referenced by pad.c:442 (/home/runner/work/retro-manager/retro-manager/runtime/retropack-runtime-pcsx/submodules/pcsx_rearmed/libpcsxcore/pad.c:442)
C/C++: >>>               CMakeFiles/retropack-runtime-pcsx.dir/submodules/pcsx_rearmed/libpcsxcore/pad.c.o:(PADpoll_)
C/C++: ld.lld: error: undefined symbol: plat_trigger_vibrate
C/C++: >>> referenced by pad.c:274 (/home/runner/work/retro-manager/retro-manager/runtime/retropack-runtime-pcsx/submodules/pcsx_rearmed/libpcsxcore/pad.c:274)
C/C++: >>>               CMakeFiles/retropack-runtime-pcsx.dir/submodules/pcsx_rearmed/libpcsxcore/pad.c.o:(ds_update_vibrate)
C/C++: ld.lld: error: undefined symbol: rfwrite
C/C++: >>> referenced by sio.c:422 (/home/runner/work/retro-manager/retro-manager/runtime/retropack-runtime-pcsx/submodules/pcsx_rearmed/libpcsxcore/sio.c:422)
C/C++: >>>               CMakeFiles/retropack-runtime-pcsx.dir/submodules/pcsx_rearmed/libpcsxcore/sio.c.o:(SaveMcd)
C/C++: >>> referenced by sio.c:606 (/home/runner/work/retro-manager/retro-manager/runtime/retropack-runtime-pcsx/submodules/pcsx_rearmed/libpcsxcore/sio.c:606)
C/C++: >>>               CMakeFiles/retropack-runtime-pcsx.dir/submodules/pcsx_rearmed/libpcsxcore/sio.c.o:(ConvertMcd)
C/C++: >>> referenced by sio.c:641 (/home/runner/work/retro-manager/retro-manager/runtime/retropack-runtime-pcsx/submodules/pcsx_rearmed/libpcsxcore/sio.c:641)
C/C++: >>>               CMakeFiles/retropack-runtime-pcsx.dir/submodules/pcsx_rearmed/libpcsxcore/sio.c.o:(ConvertMcd)
C/C++: >>> referenced 1 more times
C/C++: ld.lld: error: undefined symbol: SysMessage
C/C++: >>> referenced by sio.c:382 (/home/runner/work/retro-manager/retro-manager/runtime/retropack-runtime-pcsx/submodules/pcsx_rearmed/libpcsxcore/sio.c:382)
C/C++: >>>               CMakeFiles/retropack-runtime-pcsx.dir/submodules/pcsx_rearmed/libpcsxcore/sio.c.o:(LoadMcd)
C/C++: >>> referenced by psxmem.c:107 (/home/runner/work/retro-manager/retro-manager/runtime/retropack-runtime-pcsx/submodules/pcsx_rearmed/libpcsxcore/psxmem.c:107)
C/C++: >>>               CMakeFiles/retropack-runtime-pcsx.dir/submodules/pcsx_rearmed/libpcsxcore/psxmem.c.o:(psxMap)
C/C++: >>> referenced by psxmem.c:255 (/home/runner/work/retro-manager/retro-manager/runtime/retropack-runtime-pcsx/submodules/pcsx_rearmed/libpcsxcore/psxmem.c:255)
C/C++: >>>               CMakeFiles/retropack-runtime-pcsx.dir/submodules/pcsx_rearmed/libpcsxcore/psxmem.c.o:(psxMemInit)
C/C++: >>> referenced 35 more times
C/C++: ld.lld: error: undefined symbol: rfputc
C/C++: >>> referenced by sio.c:455 (/home/runner/work/retro-manager/retro-manager/runtime/retropack-runtime-pcsx/submodules/pcsx_rearmed/libpcsxcore/sio.c:455)
C/C++: >>>               CMakeFiles/retropack-runtime-pcsx.dir/submodules/pcsx_rearmed/libpcsxcore/sio.c.o:(CreateMcd)
C/C++: >>> referenced by sio.c:457 (/home/runner/work/retro-manager/retro-manager/runtime/retropack-runtime-pcsx/submodules/pcsx_rearmed/libpcsxcore/sio.c:457)
C/C++: >>>               CMakeFiles/retropack-runtime-pcsx.dir/submodules/pcsx_rearmed/libpcsxcore/sio.c.o:(CreateMcd)
C/C++: >>> referenced by sio.c:459 (/home/runner/work/retro-manager/retro-manager/runtime/retropack-runtime-pcsx/submodules/pcsx_rearmed/libpcsxcore/sio.c:459)
C/C++: >>>               CMakeFiles/retropack-runtime-pcsx.dir/submodules/pcsx_rearmed/libpcsxcore/sio.c.o:(CreateMcd)
C/C++: >>> referenced 89 more times
C/C++: ld.lld: error: undefined symbol: path_get_size
C/C++: >>> referenced by sio.c:44 (/home/runner/work/retro-manager/retro-manager/runtime/retropack-runtime-pcsx/submodules/pcsx_rearmed/libpcsxcore/sio.c:44)
C/C++: >>>               CMakeFiles/retropack-runtime-pcsx.dir/submodules/pcsx_rearmed/libpcsxcore/sio.c.o:(McdFileSize)
C/C++: ld.lld: error: undefined symbol: pl_frame_limit
C/C++: >>> referenced by psxcommon.c:56 (/home/runner/work/retro-manager/retro-manager/runtime/retropack-runtime-pcsx/submodules/pcsx_rearmed/libpcsxcore/psxcommon.c:56)
C/C++: >>>               CMakeFiles/retropack-runtime-pcsx.dir/submodules/pcsx_rearmed/libpcsxcore/psxcommon.c.o:(EmuUpdate)
C/C++: ld.lld: error: undefined symbol: SysLibError
C/C++: >>> referenced by plugins.c:315 (/home/runner/work/retro-manager/retro-manager/runtime/retropack-runtime-pcsx/submodules/pcsx_rearmed/libpcsxcore/plugins.c:315)
C/C++: >>>               CMakeFiles/retropack-runtime-pcsx.dir/submodules/pcsx_rearmed/libpcsxcore/plugins.c.o:(LoadPlugins)
C/C++: >>> referenced by plugins.c:139 (/home/runner/work/retro-manager/retro-manager/runtime/retropack-runtime-pcsx/submodules/pcsx_rearmed/libpcsxcore/plugins.c:139)
C/C++: >>>               CMakeFiles/retropack-runtime-pcsx.dir/submodules/pcsx_rearmed/libpcsxcore/plugins.c.o:(LoadGPUplugin)
C/C++: >>> referenced by plugins.c:140 (/home/runner/work/retro-manager/retro-manager/runtime/retropack-runtime-pcsx/submodules/pcsx_rearmed/libpcsxcore/plugins.c:140)
C/C++: >>>               CMakeFiles/retropack-runtime-pcsx.dir/submodules/pcsx_rearmed/libpcsxcore/plugins.c.o:(LoadGPUplugin)
C/C++: >>> referenced 22 more times
C/C++: ld.lld: error: undefined symbol: SysLoadLibrary
C/C++: >>> referenced by plugins.c:134 (/home/runner/work/retro-manager/retro-manager/runtime/retropack-runtime-pcsx/submodules/pcsx_rearmed/libpcsxcore/plugins.c:134)
C/C++: >>>               CMakeFiles/retropack-runtime-pcsx.dir/submodules/pcsx_rearmed/libpcsxcore/plugins.c.o:(LoadGPUplugin)
C/C++: >>> referenced by plugins.c:186 (/home/runner/work/retro-manager/retro-manager/runtime/retropack-runtime-pcsx/submodules/pcsx_rearmed/libpcsxcore/plugins.c:186)
C/C++: >>>               CMakeFiles/retropack-runtime-pcsx.dir/submodules/pcsx_rearmed/libpcsxcore/plugins.c.o:(LoadSPUplugin)
C/C++: ld.lld: error: undefined symbol: SysLoadSym
C/C++: >>> referenced by plugins.c:139 (/home/runner/work/retro-manager/retro-manager/runtime/retropack-runtime-pcsx/submodules/pcsx_rearmed/libpcsxcore/plugins.c:139)
C/C++: >>>               CMakeFiles/retropack-runtime-pcsx.dir/submodules/pcsx_rearmed/libpcsxcore/plugins.c.o:(LoadGPUplugin)
C/C++: >>> referenced by plugins.c:140 (/home/runner/work/retro-manager/retro-manager/runtime/retropack-runtime-pcsx/submodules/pcsx_rearmed/libpcsxcore/plugins.c:140)
C/C++: >>>               CMakeFiles/retropack-runtime-pcsx.dir/submodules/pcsx_rearmed/libpcsxcore/plugins.c.o:(LoadGPUplugin)
C/C++: >>> referenced by plugins.c:141 (/home/runner/work/retro-manager/retro-manager/runtime/retropack-runtime-pcsx/submodules/pcsx_rearmed/libpcsxcore/plugins.c:141)
C/C++: >>>               CMakeFiles/retropack-runtime-pcsx.dir/submodules/pcsx_rearmed/libpcsxcore/plugins.c.o:(LoadGPUplugin)
C/C++: >>> referenced 27 more times
C/C++: ld.lld: error: too many errors emitted, stopping now (use --error-limit=0 to see all errors)
C/C++: clang: error: linker command failed with exit code 1 (use -v to see invocation)
C/C++: ninja: build stopped: subcommand failed.
gradle/actions: Writing build results to /home/runner/work/_temp/.gradle-actions/build-results/__run_4-1790583678564.json

[Incubating] Problems report is available at: file:///home/runner/work/retro-manager/retro-manager/build/reports/problems/problems-report.html

FAILURE: Build failed with an exception.

* What went wrong:
Execution failed for task ':runtime:retropack-runtime-pcsx:buildCMakeDebug[arm64-v8a]' (registered by plugin 'com.android.internal.library').
> com.android.ide.common.process.ProcessException: ninja: Entering directory `/home/runner/work/retro-manager/retro-manager/runtime/retropack-runtime-pcsx/.cxx/Debug/3uf4qy72/arm64-v8a'
  [1/41] Building C object CMakeFiles/retropack-runtime-pcsx.dir/src/main/cpp/ringbuffer.c.o
  [2/41] Building C object CMakeFiles/retropack-runtime-pcsx.dir/submodules/pcsx_rearmed/libpcsxcore/cdrom-async.c.o
  [3/41] Building C object CMakeFiles/retropack-runtime-pcsx.dir/submodules/pcsx_rearmed/libpcsxcore/database.c.o
  [4/41] Building C object CMakeFiles/retropack-runtime-pcsx.dir/submodules/pcsx_rearmed/libpcsxcore/cheat.c.o
  [5/41] Building C object CMakeFiles/retropack-runtime-pcsx.dir/submodules/pcsx_rearmed/libpcsxcore/mdec.c.o
  [6/41] Building C object CMakeFiles/retropack-runtime-pcsx.dir/submodules/pcsx_rearmed/libpcsxcore/decode_xa.c.o
  [7/41] Building C object CMakeFiles/retropack-runtime-pcsx.dir/submodules/pcsx_rearmed/libpcsxcore/plugins.c.o
  [8/41] Building C object CMakeFiles/retropack-runtime-pcsx.dir/submodules/pcsx_rearmed/libpcsxcore/misc.c.o
  [9/41] Building C object CMakeFiles/retropack-runtime-pcsx.dir/submodules/pcsx_rearmed/libpcsxcore/cdrom.c.o
  [10/41] Building C object CMakeFiles/retropack-runtime-pcsx.dir/src/main/cpp/pcsx-jni.c.o
  [11/41] Building C object CMakeFiles/retropack-runtime-pcsx.dir/submodules/pcsx_rearmed/libpcsxcore/cdriso.c.o
  [12/41] Building C object CMakeFiles/retropack-runtime-pcsx.dir/submodules/pcsx_rearmed/libpcsxcore/ppf.c.o
  [13/41] Building C object CMakeFiles/retropack-runtime-pcsx.dir/submodules/pcsx_rearmed/libpcsxcore/psxdma.c.o
  [14/41] Building C object CMakeFiles/retropack-runtime-pcsx.dir/submodules/pcsx_rearmed/libpcsxcore/psxcommon.c.o
  [15/41] Building C object CMakeFiles/retropack-runtime-pcsx.dir/submodules/pcsx_rearmed/libpcsxcore/psxcounters.c.o
  [16/41] Building C object CMakeFiles/retropack-runtime-pcsx.dir/submodules/pcsx_rearmed/libpcsxcore/psxhw.c.o
  [17/41] Building C object CMakeFiles/retropack-runtime-pcsx.dir/submodules/pcsx_rearmed/libpcsxcore/r3000a.c.o
  [18/41] Building C object CMakeFiles/retropack-runtime-pcsx.dir/submodules/pcsx_rearmed/libpcsxcore/psxevents.c.o
  [19/41] Building C object CMakeFiles/retropack-runtime-pcsx.dir/submodules/pcsx_rearmed/libpcsxcore/psxmem.c.o
  [20/41] Building C object CMakeFiles/retropack-runtime-pcsx.dir/submodules/pcsx_rearmed/libpcsxcore/psxinterpreter.c.o
  [21/41] Building C object CMakeFiles/retropack-runtime-pcsx.dir/submodules/pcsx_rearmed/libpcsxcore/spu.c.o
  [22/41] Building C object CMakeFiles/retropack-runtime-pcsx.dir/submodules/pcsx_rearmed/libpcsxcore/gpu.c.o
  [23/41] Building C object CMakeFiles/retropack-runtime-pcsx.dir/submodules/pcsx_rearmed/libpcsxcore/gte_divider.c.o
  [24/41] Building C object CMakeFiles/retropack-runtime-pcsx.dir/submodules/pcsx_rearmed/libpcsxcore/new_dynarec/emu_if.c.o
  [25/41] Building C object CMakeFiles/retropack-runtime-pcsx.dir/submodules/pcsx_rearmed/libpcsxcore/pad.c.o
  [26/41] Building C object CMakeFiles/retropack-runtime-pcsx.dir/submodules/pcsx_rearmed/plugins/dfsound/dma.c.o
  [27/41] Building C object CMakeFiles/retropack-runtime-pcsx.dir/submodules/pcsx_rearmed/libpcsxcore/sio.c.o
  [28/41] Building C object CMakeFiles/retropack-runtime-pcsx.dir/submodules/pcsx_rearmed/plugins/dfsound/registers.c.o
  [29/41] Building C object CMakeFiles/retropack-runtime-pcsx.dir/submodules/pcsx_rearmed/libpcsxcore/psxbios.c.o
  [30/41] Building C object CMakeFiles/retropack-runtime-pcsx.dir/submodules/pcsx_rearmed/plugins/dfsound/freeze.c.o
  [31/41] Building C object CMakeFiles/retropack-runtime-pcsx.dir/submodules/pcsx_rearmed/plugins/dfsound/nullsnd.c.o
  [32/41] Building C object CMakeFiles/retropack-runtime-pcsx.dir/submodules/pcsx_rearmed/plugins/dfsound/out.c.o
  [33/41] Building C object CMakeFiles/retropack-runtime-pcsx.dir/submodules/pcsx_rearmed/plugins/gpulib/prim.c.o
  [34/41] Building C object CMakeFiles/retropack-runtime-pcsx.dir/submodules/pcsx_rearmed/plugins/gpulib/vout_pl.c.o
  [35/41] Building C object CMakeFiles/retropack-runtime-pcsx.dir/submodules/pcsx_rearmed/plugins/gpulib/gpu.c.o
  [36/41] Building C object CMakeFiles/retropack-runtime-pcsx.dir/submodules/pcsx_rearmed/plugins/dfsound/spu.c.o
  [37/41] Building C object CMakeFiles/retropack-runtime-pcsx.dir/submodules/pcsx_rearmed/frontend/cspace.c.o
  [38/41] Building C object CMakeFiles/retropack-runtime-pcsx.dir/submodules/pcsx_rearmed/libpcsxcore/gte_nf.c.o
  [39/41] Building C object CMakeFiles/retropack-runtime-pcsx.dir/submodules/pcsx_rearmed/libpcsxcore/gte.c.o
  [40/41] Building C object CMakeFiles/retropack-runtime-pcsx.dir/submodules/pcsx_rearmed/plugins/dfxvideo/gpulib_if.c.o
  [41/41] Linking C shared library ../../../../build/intermediates/cxx/Debug/3uf4qy72/obj/arm64-v8a/libretropack-runtime-pcsx.so
  FAILED: ../../../../build/intermediates/cxx/Debug/3uf4qy72/obj/arm64-v8a/libretropack-runtime-pcsx.so 
  : && /usr/local/lib/android/sdk/ndk/27.0.12077973/toolchains/llvm/prebuilt/linux-x86_64/bin/clang --target=aarch64-none-linux-android26 --sysroot=/usr/local/lib/android/sdk/ndk/27.0.12077973/toolchains/llvm/prebuilt/linux-x86_64/sysroot -fPIC -g -DANDROID -fdata-sections -ffunction-sections -funwind-tables -fstack-protector-strong -no-canonical-prefixes -D_FORTIFY_SOURCE=2 -Wformat -Werror=format-security  -fno-limit-debug-info  -static-libstdc++ -Wl,--build-id=sha1 -Wl,--no-rosegment -Wl,--no-undefined-version -Wl,--fatal-warnings -Wl,--no-undefined -Qunused-arguments  -Wl,-z,max-page-size=16384 -Wl,-z,common-page-size=16384   -Wl,-z,max-page-size=16384 -Wl,-z,common-page-size=16384 -shared -Wl,-soname,libretropack-runtime-pcsx.so -o ../../../../build/intermediates/cxx/Debug/3uf4qy72/obj/arm64-v8a/libretropack-runtime-pcsx.so CMakeFiles/retropack-runtime-pcsx.dir/src/main/cpp/pcsx-jni.c.o CMakeFiles/retropack-runtime-pcsx.dir/src/main/cpp/ringbuffer.c.o CMakeFiles/retropack-runtime-pcsx.dir/submodules/pcsx_rearmed/libpcsxcore/cdriso.c.o CMakeFiles/retropack-runtime-pcsx.dir/submodules/pcsx_rearmed/libpcsxcore/cdrom.c.o CMakeFiles/retropack-runtime-pcsx.dir/submodules/pcsx_rearmed/libpcsxcore/cdrom-async.c.o CMakeFiles/retropack-runtime-pcsx.dir/submodules/pcsx_rearmed/libpcsxcore/cheat.c.o CMakeFiles/retropack-runtime-pcsx.dir/submodules/pcsx_rearmed/libpcsxcore/database.c.o CMakeFiles/retropack-runtime-pcsx.dir/submodules/pcsx_rearmed/libpcsxcore/decode_xa.c.o CMakeFiles/retropack-runtime-pcsx.dir/submodules/pcsx_rearmed/libpcsxcore/mdec.c.o CMakeFiles/retropack-runtime-pcsx.dir/submodules/pcsx_rearmed/libpcsxcore/misc.c.o CMakeFiles/retropack-runtime-pcsx.dir/submodules/pcsx_rearmed/libpcsxcore/plugins.c.o CMakeFiles/retropack-runtime-pcsx.dir/submodules/pcsx_rearmed/libpcsxcore/ppf.c.o CMakeFiles/retropack-runtime-pcsx.dir/submodules/pcsx_rearmed/libpcsxcore/psxbios.c.o CMakeFiles/retropack-runtime-pcsx.dir/submodules/pcsx_rearmed/libpcsxcore/psxcommon.c.o CMakeFiles/retropack-runtime-pcsx.dir/submodules/pcsx_rearmed/libpcsxcore/psxcounters.c.o CMakeFiles/retropack-runtime-pcsx.dir/submodules/pcsx_rearmed/libpcsxcore/psxdma.c.o CMakeFiles/retropack-runtime-pcsx.dir/submodules/pcsx_rearmed/libpcsxcore/psxhw.c.o CMakeFiles/retropack-runtime-pcsx.dir/submodules/pcsx_rearmed/libpcsxcore/psxinterpreter.c.o CMakeFiles/retropack-runtime-pcsx.dir/submodules/pcsx_rearmed/libpcsxcore/psxmem.c.o CMakeFiles/retropack-runtime-pcsx.dir/submodules/pcsx_rearmed/libpcsxcore/psxevents.c.o CMakeFiles/retropack-runtime-pcsx.dir/submodules/pcsx_rearmed/libpcsxcore/r3000a.c.o CMakeFiles/retropack-runtime-pcsx.dir/submodules/pcsx_rearmed/libpcsxcore/sio.c.o CMakeFiles/retropack-runtime-pcsx.dir/submodules/pcsx_rearmed/libpcsxcore/spu.c.o CMakeFiles/retropack-runtime-pcsx.dir/submodules/pcsx_rearmed/libpcsxcore/gpu.c.o CMakeFiles/retropack-runtime-pcsx.dir/submodules/pcsx_rearmed/libpcsxcore/pad.c.o CMakeFiles/retropack-runtime-pcsx.dir/submodules/pcsx_rearmed/libpcsxcore/gte.c.o CMakeFiles/retropack-runtime-pcsx.dir/submodules/pcsx_rearmed/libpcsxcore/gte_nf.c.o CMakeFiles/retropack-runtime-pcsx.dir/submodules/pcsx_rearmed/libpcsxcore/gte_divider.c.o CMakeFiles/retropack-runtime-pcsx.dir/submodules/pcsx_rearmed/libpcsxcore/new_dynarec/emu_if.c.o CMakeFiles/retropack-runtime-pcsx.dir/submodules/pcsx_rearmed/plugins/dfsound/dma.c.o CMakeFiles/retropack-runtime-pcsx.dir/submodules/pcsx_rearmed/plugins/dfsound/freeze.c.o CMakeFiles/retropack-runtime-pcsx.dir/submodules/pcsx_rearmed/plugins/dfsound/registers.c.o CMakeFiles/retropack-runtime-pcsx.dir/submodules/pcsx_rearmed/plugins/dfsound/spu.c.o CMakeFiles/retropack-runtime-pcsx.dir/submodules/pcsx_rearmed/plugins/dfsound/out.c.o CMakeFiles/retropack-runtime-pcsx.dir/submodules/pcsx_rearmed/plugins/dfsound/nullsnd.c.o CMakeFiles/retropack-runtime-pcsx.dir/submodules/pcsx_rearmed/plugins/gpulib/gpu.c.o CMakeFiles/retropack-runtime-pcsx.dir/submodules/pcsx_rearmed/plugins/gpulib/vout_pl.c.o CMakeFiles/retropack-runtime-pcsx.dir/submodules/pcsx_rearmed/plugins/gpulib/prim.c.o CMakeFiles/retropack-runtime-pcsx.dir/submodules/pcsx_rearmed/plugins/dfxvideo/gpulib_if.c.o CMakeFiles/retropack-runtime-pcsx.dir/submodules/pcsx_rearmed/frontend/cspace.c.o  -lGLESv2  -lEGL  -lOpenSLES  -landroid  -llog  -lm  -lz  -latomic -lm && :
  ld.lld: error: undefined symbol: rfopen
  >>> referenced by cdriso.c:1452 (/home/runner/work/retro-manager/retro-manager/runtime/retropack-runtime-pcsx/submodules/pcsx_rearmed/libpcsxcore/cdriso.c:1452)
  >>>               CMakeFiles/retropack-runtime-pcsx.dir/submodules/pcsx_rearmed/libpcsxcore/cdriso.c.o:(ISOopen)
  >>> referenced by cdriso.c:1526 (/home/runner/work/retro-manager/retro-manager/runtime/retropack-runtime-pcsx/submodules/pcsx_rearmed/libpcsxcore/cdriso.c:1526)
  >>>               CMakeFiles/retropack-runtime-pcsx.dir/submodules/pcsx_rearmed/libpcsxcore/cdriso.c.o:(ISOopen)
  >>> referenced by cdriso.c:216 (/home/runner/work/retro-manager/retro-manager/runtime/retropack-runtime-pcsx/submodules/pcsx_rearmed/libpcsxcore/cdriso.c:216)
  >>>               CMakeFiles/retropack-runtime-pcsx.dir/submodules/pcsx_rearmed/libpcsxcore/cdriso.c.o:(parsetoc)
  >>> referenced 21 more times
  >>> did you mean: fopen
  >>> defined in: /usr/local/lib/android/sdk/ndk/27.0.12077973/toolchains/llvm/prebuilt/linux-x86_64/sysroot/usr/lib/aarch64-linux-android/26/libc.so
  
  ld.lld: error: undefined symbol: SysPrintf
  >>> referenced by cdriso.c:1454 (/home/runner/work/retro-manager/retro-manager/runtime/retropack-runtime-pcsx/submodules/pcsx_rearmed/libpcsxcore/cdriso.c:1454)
  >>>               CMakeFiles/retropack-runtime-pcsx.dir/submodules/pcsx_rearmed/libpcsxcore/cdriso.c.o:(ISOopen)
  >>> referenced by cdriso.c:1544 (/home/runner/work/retro-manager/retro-manager/runtime/retropack-runtime-pcsx/submodules/pcsx_rearmed/libpcsxcore/cdriso.c:1544)
  >>>               CMakeFiles/retropack-runtime-pcsx.dir/submodules/pcsx_rearmed/libpcsxcore/cdriso.c.o:(ISOopen)
  >>> referenced by cdriso.c:1560 (/home/runner/work/retro-manager/retro-manager/runtime/retropack-runtime-pcsx/submodules/pcsx_rearmed/libpcsxcore/cdriso.c:1560)
  >>>               CMakeFiles/retropack-runtime-pcsx.dir/submodules/pcsx_rearmed/libpcsxcore/cdriso.c.o:(ISOopen)
  >>> referenced 92 more times
  
  ld.lld: error: undefined symbol: rfclose
  >>> referenced by cdriso.c:1533 (/home/runner/work/retro-manager/retro-manager/runtime/retropack-runtime-pcsx/submodules/pcsx_rearmed/libpcsxcore/cdriso.c:1533)
  >>>               CMakeFiles/retropack-runtime-pcsx.dir/submodules/pcsx_rearmed/libpcsxcore/cdriso.c.o:(ISOopen)
  >>> referenced by cdriso.c:238 (/home/runner/work/retro-manager/retro-manager/runtime/retropack-runtime-pcsx/submodules/pcsx_rearmed/libpcsxcore/cdriso.c:238)
  >>>               CMakeFiles/retropack-runtime-pcsx.dir/submodules/pcsx_rearmed/libpcsxcore/cdriso.c.o:(parsetoc)
  >>> referenced by cdriso.c:334 (/home/runner/work/retro-manager/retro-manager/runtime/retropack-runtime-pcsx/submodules/pcsx_rearmed/libpcsxcore/cdriso.c:334)
  >>>               CMakeFiles/retropack-runtime-pcsx.dir/submodules/pcsx_rearmed/libpcsxcore/cdriso.c.o:(parsetoc)
  >>> referenced 26 more times
  
  ld.lld: error: undefined symbol: rfread
  >>> referenced by cdriso.c:1543 (/home/runner/work/retro-manager/retro-manager/runtime/retropack-runtime-pcsx/submodules/pcsx_rearmed/libpcsxcore/cdriso.c:1543)
  >>>               CMakeFiles/retropack-runtime-pcsx.dir/submodules/pcsx_rearmed/libpcsxcore/cdriso.c.o:(ISOopen)
  >>> referenced by cdriso.c:1169 (/home/runner/work/retro-manager/retro-manager/runtime/retropack-runtime-pcsx/submodules/pcsx_rearmed/libpcsxcore/cdriso.c:1169)
  >>>               CMakeFiles/retropack-runtime-pcsx.dir/submodules/pcsx_rearmed/libpcsxcore/cdriso.c.o:(cdread_normal)
  >>> referenced by cdriso.c:648 (/home/runner/work/retro-manager/retro-manager/runtime/retropack-runtime-pcsx/submodules/pcsx_rearmed/libpcsxcore/cdriso.c:648)
  >>>               CMakeFiles/retropack-runtime-pcsx.dir/submodules/pcsx_rearmed/libpcsxcore/cdriso.c.o:(parsemds)
  >>> referenced 44 more times
  
  ld.lld: error: undefined symbol: rftell
  >>> referenced by cdriso.c:168 (/home/runner/work/retro-manager/retro-manager/runtime/retropack-runtime-pcsx/submodules/pcsx_rearmed/libpcsxcore/cdriso.c:168)
  >>>               CMakeFiles/retropack-runtime-pcsx.dir/submodules/pcsx_rearmed/libpcsxcore/cdriso.c.o:(get_size)
  >>> referenced by cdriso.c:170 (/home/runner/work/retro-manager/retro-manager/runtime/retropack-runtime-pcsx/submodules/pcsx_rearmed/libpcsxcore/cdriso.c:170)
  >>>               CMakeFiles/retropack-runtime-pcsx.dir/submodules/pcsx_rearmed/libpcsxcore/cdriso.c.o:(get_size)
  >>> referenced by ppf.c:246 (/home/runner/work/retro-manager/retro-manager/runtime/retropack-runtime-pcsx/submodules/pcsx_rearmed/libpcsxcore/ppf.c:246)
  >>>               CMakeFiles/retropack-runtime-pcsx.dir/submodules/pcsx_rearmed/libpcsxcore/ppf.c.o:(BuildPPFCache)
  >>> referenced 5 more times
  
  ld.lld: error: undefined symbol: rfseek
  >>> referenced by cdriso.c:169 (/home/runner/work/retro-manager/retro-manager/runtime/retropack-runtime-pcsx/submodules/pcsx_rearmed/libpcsxcore/cdriso.c:169)
  >>>               CMakeFiles/retropack-runtime-pcsx.dir/submodules/pcsx_rearmed/libpcsxcore/cdriso.c.o:(get_size)
  >>> referenced by cdriso.c:171 (/home/runner/work/retro-manager/retro-manager/runtime/retropack-runtime-pcsx/submodules/pcsx_rearmed/libpcsxcore/cdriso.c:171)
  >>>               CMakeFiles/retropack-runtime-pcsx.dir/submodules/pcsx_rearmed/libpcsxcore/cdriso.c.o:(get_size)
  >>> referenced by cdriso.c:1167 (/home/runner/work/retro-manager/retro-manager/runtime/retropack-runtime-pcsx/submodules/pcsx_rearmed/libpcsxcore/cdriso.c:1167)
  >>>               CMakeFiles/retropack-runtime-pcsx.dir/submodules/pcsx_rearmed/libpcsxcore/cdriso.c.o:(cdread_normal)
  >>> referenced 47 more times
  
  ld.lld: error: undefined symbol: rfgets
  >>> referenced by cdriso.c:234 (/home/runner/work/retro-manager/retro-manager/runtime/retropack-runtime-pcsx/submodules/pcsx_rearmed/libpcsxcore/cdriso.c:234)
  >>>               CMakeFiles/retropack-runtime-pcsx.dir/submodules/pcsx_rearmed/libpcsxcore/cdriso.c.o:(parsetoc)
  >>> referenced by cdriso.c:252 (/home/runner/work/retro-manager/retro-manager/runtime/retropack-runtime-pcsx/submodules/pcsx_rearmed/libpcsxcore/cdriso.c:252)
  >>>               CMakeFiles/retropack-runtime-pcsx.dir/submodules/pcsx_rearmed/libpcsxcore/cdriso.c.o:(parsetoc)
  >>> referenced by cdriso.c:589 (/home/runner/work/retro-manager/retro-manager/runtime/retropack-runtime-pcsx/submodules/pcsx_rearmed/libpcsxcore/cdriso.c:589)
  >>>               CMakeFiles/retropack-runtime-pcsx.dir/submodules/pcsx_rearmed/libpcsxcore/cdriso.c.o:(parseccd)
  >>> referenced 2 more times
  
  ld.lld: error: undefined symbol: rfgetc
  >>> referenced by cdriso.c:680 (/home/runner/work/retro-manager/retro-manager/runtime/retropack-runtime-pcsx/submodules/pcsx_rearmed/libpcsxcore/cdriso.c:680)
  >>>               CMakeFiles/retropack-runtime-pcsx.dir/submodules/pcsx_rearmed/libpcsxcore/cdriso.c.o:(parsemds)
  >>> referenced by cdriso.c:688 (/home/runner/work/retro-manager/retro-manager/runtime/retropack-runtime-pcsx/submodules/pcsx_rearmed/libpcsxcore/cdriso.c:688)
  >>>               CMakeFiles/retropack-runtime-pcsx.dir/submodules/pcsx_rearmed/libpcsxcore/cdriso.c.o:(parsemds)
  >>> referenced by cdriso.c:696 (/home/runner/work/retro-manager/retro-manager/runtime/retropack-runtime-pcsx/submodules/pcsx_rearmed/libpcsxcore/cdriso.c:696)
  >>>               CMakeFiles/retropack-runtime-pcsx.dir/submodules/pcsx_rearmed/libpcsxcore/cdriso.c.o:(parsemds)
  >>> referenced 7 more times
  
  ld.lld: error: undefined symbol: PAD1_readPort
  >>> referenced by pad.c:537 (/home/runner/work/retro-manager/retro-manager/runtime/retropack-runtime-pcsx/submodules/pcsx_rearmed/libpcsxcore/pad.c:537)
  >>>               CMakeFiles/retropack-runtime-pcsx.dir/submodules/pcsx_rearmed/libpcsxcore/pad.c.o:(PAD1_startPoll)
  >>> referenced by pad.c:543 (/home/runner/work/retro-manager/retro-manager/runtime/retropack-runtime-pcsx/submodules/pcsx_rearmed/libpcsxcore/pad.c:543)
  >>>               CMakeFiles/retropack-runtime-pcsx.dir/submodules/pcsx_rearmed/libpcsxcore/pad.c.o:(PAD1_startPoll)
  
  ld.lld: error: undefined symbol: PAD2_readPort
  >>> referenced by pad.c:561 (/home/runner/work/retro-manager/retro-manager/runtime/retropack-runtime-pcsx/submodules/pcsx_rearmed/libpcsxcore/pad.c:561)
  >>>               CMakeFiles/retropack-runtime-pcsx.dir/submodules/pcsx_rearmed/libpcsxcore/pad.c.o:(PAD2_startPoll)
  >>> referenced by pad.c:566 (/home/runner/work/retro-manager/retro-manager/runtime/retropack-runtime-pcsx/submodules/pcsx_rearmed/libpcsxcore/pad.c:566)
  >>>               CMakeFiles/retropack-runtime-pcsx.dir/submodules/pcsx_rearmed/libpcsxcore/pad.c.o:(PAD2_startPoll)
  
  ld.lld: error: undefined symbol: pl_gun_byte2
  >>> referenced by pad.c:442 (/home/runner/work/retro-manager/retro-manager/runtime/retropack-runtime-pcsx/submodules/pcsx_rearmed/libpcsxcore/pad.c:442)
  >>>               CMakeFiles/retropack-runtime-pcsx.dir/submodules/pcsx_rearmed/libpcsxcore/pad.c.o:(PADpoll_)
  
  ld.lld: error: undefined symbol: plat_trigger_vibrate
  >>> referenced by pad.c:274 (/home/runner/work/retro-manager/retro-manager/runtime/retropack-runtime-pcsx/submodules/pcsx_rearmed/libpcsxcore/pad.c:274)
  >>>               CMakeFiles/retropack-runtime-pcsx.dir/submodules/pcsx_rearmed/libpcsxcore/pad.c.o:(ds_update_vibrate)
  
  ld.lld: error: undefined symbol: rfwrite
  >>> referenced by sio.c:422 (/home/runner/work/retro-manager/retro-manager/runtime/retropack-runtime-pcsx/submodules/pcsx_rearmed/libpcsxcore/sio.c:422)
  >>>               CMakeFiles/retropack-runtime-pcsx.dir/submodules/pcsx_rearmed/libpcsxcore/sio.c.o:(SaveMcd)
  >>> referenced by sio.c:606 (/home/runner/work/retro-manager/retro-manager/runtime/retropack-runtime-pcsx/submodules/pcsx_rearmed/libpcsxcore/sio.c:606)
  >>>               CMakeFiles/retropack-runtime-pcsx.dir/submodules/pcsx_rearmed/libpcsxcore/sio.c.o:(ConvertMcd)
  >>> referenced by sio.c:641 (/home/runner/work/retro-manager/retro-manager/runtime/retropack-runtime-pcsx/submodules/pcsx_rearmed/libpcsxcore/sio.c:641)
  >>>               CMakeFiles/retropack-runtime-pcsx.dir/submodules/pcsx_rearmed/libpcsxcore/sio.c.o:(ConvertMcd)
  >>> referenced 1 more times
  
  ld.lld: error: undefined symbol: SysMessage
  >>> referenced by sio.c:382 (/home/runner/work/retro-manager/retro-manager/runtime/retropack-runtime-pcsx/submodules/pcsx_rearmed/libpcsxcore/sio.c:382)
  >>>               CMakeFiles/retropack-runtime-pcsx.dir/submodules/pcsx_rearmed/libpcsxcore/sio.c.o:(LoadMcd)
  >>> referenced by psxmem.c:107 (/home/runner/work/retro-manager/retro-manager/runtime/retropack-runtime-pcsx/submodules/pcsx_rearmed/libpcsxcore/psxmem.c:107)
  >>>               CMakeFiles/retropack-runtime-pcsx.dir/submodules/pcsx_rearmed/libpcsxcore/psxmem.c.o:(psxMap)
  >>> referenced by psxmem.c:255 (/home/runner/work/retro-manager/retro-manager/runtime/retropack-runtime-pcsx/submodules/pcsx_rearmed/libpcsxcore/psxmem.c:255)
  >>>               CMakeFiles/retropack-runtime-pcsx.dir/submodules/pcsx_rearmed/libpcsxcore/psxmem.c.o:(psxMemInit)
  >>> referenced 35 more times
  
  ld.lld: error: undefined symbol: rfputc
  >>> referenced by sio.c:455 (/home/runner/work/retro-manager/retro-manager/runtime/retropack-runtime-pcsx/submodules/pcsx_rearmed/libpcsxcore/sio.c:455)
  >>>               CMakeFiles/retropack-runtime-pcsx.dir/submodules/pcsx_rearmed/libpcsxcore/sio.c.o:(CreateMcd)
  >>> referenced by sio.c:457 (/home/runner/work/retro-manager/retro-manager/runtime/retropack-runtime-pcsx/submodules/pcsx_rearmed/libpcsxcore/sio.c:457)
  >>>               CMakeFiles/retropack-runtime-pcsx.dir/submodules/pcsx_rearmed/libpcsxcore/sio.c.o:(CreateMcd)
  >>> referenced by sio.c:459 (/home/runner/work/retro-manager/retro-manager/runtime/retropack-runtime-pcsx/submodules/pcsx_rearmed/libpcsxcore/sio.c:459)
  >>>               CMakeFiles/retropack-runtime-pcsx.dir/submodules/pcsx_rearmed/libpcsxcore/sio.c.o:(CreateMcd)
  >>> referenced 89 more times
  
  ld.lld: error: undefined symbol: path_get_size
  >>> referenced by sio.c:44 (/home/runner/work/retro-manager/retro-manager/runtime/retropack-runtime-pcsx/submodules/pcsx_rearmed/libpcsxcore/sio.c:44)
  >>>               CMakeFiles/retropack-runtime-pcsx.dir/submodules/pcsx_rearmed/libpcsxcore/sio.c.o:(McdFileSize)
  
  ld.lld: error: undefined symbol: pl_frame_limit
  >>> referenced by psxcommon.c:56 (/home/runner/work/retro-manager/retro-manager/runtime/retropack-runtime-pcsx/submodules/pcsx_rearmed/libpcsxcore/psxcommon.c:56)
  >>>               CMakeFiles/retropack-runtime-pcsx.dir/submodules/pcsx_rearmed/libpcsxcore/psxcommon.c.o:(EmuUpdate)
  
  ld.lld: error: undefined symbol: SysLibError
  >>> referenced by plugins.c:315 (/home/runner/work/retro-manager/retro-manager/runtime/retropack-runtime-pcsx/submodules/pcsx_rearmed/libpcsxcore/plugins.c:315)
  >>>               CMakeFiles/retropack-runtime-pcsx.dir/submodules/pcsx_rearmed/libpcsxcore/plugins.c.o:(LoadPlugins)
  >>> referenced by plugins.c:139 (/home/runner/work/retro-manager/retro-manager/runtime/retropack-runtime-pcsx/submodules/pcsx_rearmed/libpcsxcore/plugins.c:139)
  >>>               CMakeFiles/retropack-runtime-pcsx.dir/submodules/pcsx_rearmed/libpcsxcore/plugins.c.o:(LoadGPUplugin)
  >>> referenced by plugins.c:140 (/home/runner/work/retro-manager/retro-manager/runtime/retropack-runtime-pcsx/submodules/pcsx_rearmed/libpcsxcore/plugins.c:140)
  >>>               CMakeFiles/retropack-runtime-pcsx.dir/submodules/pcsx_rearmed/libpcsxcore/plugins.c.o:(LoadGPUplugin)
  >>> referenced 22 more times
  
  ld.lld: error: undefined symbol: SysLoadLibrary
  >>> referenced by plugins.c:134 (/home/runner/work/retro-manager/retro-manager/runtime/retropack-runtime-pcsx/submodules/pcsx_rearmed/libpcsxcore/plugins.c:134)
  >>>               CMakeFiles/retropack-runtime-pcsx.dir/submodules/pcsx_rearmed/libpcsxcore/plugins.c.o:(LoadGPUplugin)
  >>> referenced by plugins.c:186 (/home/runner/work/retro-manager/retro-manager/runtime/retropack-runtime-pcsx/submodules/pcsx_rearmed/libpcsxcore/plugins.c:186)
  >>>               CMakeFiles/retropack-runtime-pcsx.dir/submodules/pcsx_rearmed/libpcsxcore/plugins.c.o:(LoadSPUplugin)
  
  ld.lld: error: undefined symbol: SysLoadSym
  >>> referenced by plugins.c:139 (/home/runner/work/retro-manager/retro-manager/runtime/retropack-runtime-pcsx/submodules/pcsx_rearmed/libpcsxcore/plugins.c:139)
  >>>               CMakeFiles/retropack-runtime-pcsx.dir/submodules/pcsx_rearmed/libpcsxcore/plugins.c.o:(LoadGPUplugin)
  >>> referenced by plugins.c:140 (/home/runner/work/retro-manager/retro-manager/runtime/retropack-runtime-pcsx/submodules/pcsx_rearmed/libpcsxcore/plugins.c:140)
  >>>               CMakeFiles/retropack-runtime-pcsx.dir/submodules/pcsx_rearmed/libpcsxcore/plugins.c.o:(LoadGPUplugin)
  >>> referenced by plugins.c:141 (/home/runner/work/retro-manager/retro-manager/runtime/retropack-runtime-pcsx/submodules/pcsx_rearmed/libpcsxcore/plugins.c:141)
  >>>               CMakeFiles/retropack-runtime-pcsx.dir/submodules/pcsx_rearmed/libpcsxcore/plugins.c.o:(LoadGPUplugin)
  >>> referenced 27 more times
  
  ld.lld: error: too many errors emitted, stopping now (use --error-limit=0 to see all errors)
  clang: error: linker command failed with exit code 1 (use -v to see invocation)
  ninja: build stopped: subcommand failed.
  
  C++ build system [build] failed while executing:
      /usr/local/lib/android/sdk/cmake/3.22.1/bin/ninja \
        -C \
        /home/runner/work/retro-manager/retro-manager/runtime/retropack-runtime-pcsx/.cxx/Debug/3uf4qy72/arm64-v8a \
        retropack-runtime-pcsx
    from /home/runner/work/retro-manager/retro-manager/runtime/retropack-runtime-pcsx

* Try:
> Run with --info or --debug option to get more log output.
> Run with --scan to get full insights from a Build Scan (powered by Develocity).
> Get more help at https://help.gradle.org.

* Exception is:
org.gradle.api.tasks.TaskExecutionException: Execution failed for task ':runtime:retropack-runtime-pcsx:buildCMakeDebug[arm64-v8a]' (registered by plugin 'com.android.internal.library').
	at org.gradle.api.internal.tasks.execution.ExecuteActionsTaskExecuter.lambda$executeIfValid$1(ExecuteActionsTaskExecuter.java:135)
	at org.gradle.internal.Try$Failure.ifSuccessfulOrElse(Try.java:288)
	at org.gradle.api.internal.tasks.execution.ExecuteActionsTaskExecuter.executeIfValid(ExecuteActionsTaskExecuter.java:133)
	at org.gradle.api.internal.tasks.execution.ExecuteActionsTaskExecuter.execute(ExecuteActionsTaskExecuter.java:121)
	at org.gradle.api.internal.tasks.execution.ProblemsTaskPathTrackingTaskExecuter.execute(ProblemsTaskPathTrackingTaskExecuter.java:41)
	at org.gradle.api.internal.tasks.execution.ResolveTaskExecutionModeExecuter.execute(ResolveTaskExecutionModeExecuter.java:51)
	at org.gradle.api.internal.tasks.execution.FinalizePropertiesTaskExecuter.execute(FinalizePropertiesTaskExecuter.java:46)
	at org.gradle.api.internal.tasks.execution.SkipTaskWithNoActionsExecuter.execute(SkipTaskWithNoActionsExecuter.java:57)
	at org.gradle.api.internal.tasks.execution.SkipOnlyIfTaskExecuter.execute(SkipOnlyIfTaskExecuter.java:74)
	at org.gradle.api.internal.tasks.execution.CatchExceptionTaskExecuter.execute(CatchExceptionTaskExecuter.java:36)
	at org.gradle.api.internal.tasks.execution.EventFiringTaskExecuter$1.executeTask(EventFiringTaskExecuter.java:77)
	at org.gradle.api.internal.tasks.execution.EventFiringTaskExecuter$1.call(EventFiringTaskExecuter.java:55)
	at org.gradle.api.internal.tasks.execution.EventFiringTaskExecuter$1.call(EventFiringTaskExecuter.java:52)
	at org.gradle.internal.operations.DefaultBuildOperationRunner$CallableBuildOperationWorker.execute(DefaultBuildOperationRunner.java:210)
	at org.gradle.internal.operations.DefaultBuildOperationRunner$CallableBuildOperationWorker.execute(DefaultBuildOperationRunner.java:205)
	at org.gradle.internal.operations.DefaultBuildOperationRunner$2.execute(DefaultBuildOperationRunner.java:67)
	at org.gradle.internal.operations.DefaultBuildOperationRunner$2.execute(DefaultBuildOperationRunner.java:60)
	at org.gradle.internal.operations.DefaultBuildOperationRunner.execute(DefaultBuildOperationRunner.java:167)
	at org.gradle.internal.operations.DefaultBuildOperationRunner.execute(DefaultBuildOperationRunner.java:60)
	at org.gradle.internal.operations.DefaultBuildOperationRunner.call(DefaultBuildOperationRunner.java:54)
	at org.gradle.api.internal.tasks.execution.EventFiringTaskExecuter.execute(EventFiringTaskExecuter.java:52)
	at org.gradle.execution.plan.DefaultNodeExecutor.executeLocalTaskNode(DefaultNodeExecutor.java:55)
	at org.gradle.execution.plan.DefaultNodeExecutor.execute(DefaultNodeExecutor.java:34)
	at org.gradle.execution.taskgraph.DefaultTaskExecutionGraph$InvokeNodeExecutorsAction.execute(DefaultTaskExecutionGraph.java:355)
	at org.gradle.execution.taskgraph.DefaultTaskExecutionGraph$InvokeNodeExecutorsAction.execute(DefaultTaskExecutionGraph.java:343)
	at org.gradle.execution.taskgraph.DefaultTaskExecutionGraph$BuildOperationAwareExecutionAction.lambda$execute$0(DefaultTaskExecutionGraph.java:339)
	at org.gradle.internal.operations.CurrentBuildOperationRef.with(CurrentBuildOperationRef.java:84)
	at org.gradle.execution.taskgraph.DefaultTaskExecutionGraph$BuildOperationAwareExecutionAction.execute(DefaultTaskExecutionGraph.java:339)
	at org.gradle.execution.taskgraph.DefaultTaskExecutionGraph$BuildOperationAwareExecutionAction.execute(DefaultTaskExecutionGraph.java:328)
	at org.gradle.execution.plan.DefaultPlanExecutor$ExecutorWorker.execute(DefaultPlanExecutor.java:459)
	at org.gradle.execution.plan.DefaultPlanExecutor$ExecutorWorker.run(DefaultPlanExecutor.java:376)
	at org.gradle.internal.concurrent.ExecutorPolicy$CatchAndRecordFailures.onExecute(ExecutorPolicy.java:64)
	at org.gradle.internal.concurrent.AbstractManagedExecutor$1.run(AbstractManagedExecutor.java:47)
Caused by: org.gradle.internal.UncheckedException: com.android.ide.common.process.ProcessException: ninja: Entering directory `/home/runner/work/retro-manager/retro-manager/runtime/retropack-runtime-pcsx/.cxx/Debug/3uf4qy72/arm64-v8a'
[1/41] Building C object CMakeFiles/retropack-runtime-pcsx.dir/src/main/cpp/ringbuffer.c.o
[2/41] Building C object CMakeFiles/retropack-runtime-pcsx.dir/submodules/pcsx_rearmed/libpcsxcore/cdrom-async.c.o
[3/41] Building C object CMakeFiles/retropack-runtime-pcsx.dir/submodules/pcsx_rearmed/libpcsxcore/database.c.o
[4/41] Building C object CMakeFiles/retropack-runtime-pcsx.dir/submodules/pcsx_rearmed/libpcsxcore/cheat.c.o
[5/41] Building C object CMakeFiles/retropack-runtime-pcsx.dir/submodules/pcsx_rearmed/libpcsxcore/mdec.c.o
[6/41] Building C object CMakeFiles/retropack-runtime-pcsx.dir/submodules/pcsx_rearmed/libpcsxcore/decode_xa.c.o
[7/41] Building C object CMakeFiles/retropack-runtime-pcsx.dir/submodules/pcsx_rearmed/libpcsxcore/plugins.c.o
[8/41] Building C object CMakeFiles/retropack-runtime-pcsx.dir/submodules/pcsx_rearmed/libpcsxcore/misc.c.o
[9/41] Building C object CMakeFiles/retropack-runtime-pcsx.dir/submodules/pcsx_rearmed/libpcsxcore/cdrom.c.o
[10/41] Building C object CMakeFiles/retropack-runtime-pcsx.dir/src/main/cpp/pcsx-jni.c.o
[11/41] Building C object CMakeFiles/retropack-runtime-pcsx.dir/submodules/pcsx_rearmed/libpcsxcore/cdriso.c.o
[12/41] Building C object CMakeFiles/retropack-runtime-pcsx.dir/submodules/pcsx_rearmed/libpcsxcore/ppf.c.o
[13/41] Building C object CMakeFiles/retropack-runtime-pcsx.dir/submodules/pcsx_rearmed/libpcsxcore/psxdma.c.o
[14/41] Building C object CMakeFiles/retropack-runtime-pcsx.dir/submodules/pcsx_rearmed/libpcsxcore/psxcommon.c.o
[15/41] Building C object CMakeFiles/retropack-runtime-pcsx.dir/submodules/pcsx_rearmed/libpcsxcore/psxcounters.c.o
[16/41] Building C object CMakeFiles/retropack-runtime-pcsx.dir/submodules/pcsx_rearmed/libpcsxcore/psxhw.c.o
[17/41] Building C object CMakeFiles/retropack-runtime-pcsx.dir/submodules/pcsx_rearmed/libpcsxcore/r3000a.c.o
[18/41] Building C object CMakeFiles/retropack-runtime-pcsx.dir/submodules/pcsx_rearmed/libpcsxcore/psxevents.c.o
[19/41] Building C object CMakeFiles/retropack-runtime-pcsx.dir/submodules/pcsx_rearmed/libpcsxcore/psxmem.c.o
[20/41] Building C object CMakeFiles/retropack-runtime-pcsx.dir/submodules/pcsx_rearmed/libpcsxcore/psxinterpreter.c.o
[21/41] Building C object CMakeFiles/retropack-runtime-pcsx.dir/submodules/pcsx_rearmed/libpcsxcore/spu.c.o
[22/41] Building C object CMakeFiles/retropack-runtime-pcsx.dir/submodules/pcsx_rearmed/libpcsxcore/gpu.c.o
[23/41] Building C object CMakeFiles/retropack-runtime-pcsx.dir/submodules/pcsx_rearmed/libpcsxcore/gte_divider.c.o
[24/41] Building C object CMakeFiles/retropack-runtime-pcsx.dir/submodules/pcsx_rearmed/libpcsxcore/new_dynarec/emu_if.c.o
[25/41] Building C object CMakeFiles/retropack-runtime-pcsx.dir/submodules/pcsx_rearmed/libpcsxcore/pad.c.o
[26/41] Building C object CMakeFiles/retropack-runtime-pcsx.dir/submodules/pcsx_rearmed/plugins/dfsound/dma.c.o
[27/41] Building C object CMakeFiles/retropack-runtime-pcsx.dir/submodules/pcsx_rearmed/libpcsxcore/sio.c.o
[28/41] Building C object CMakeFiles/retropack-runtime-pcsx.dir/submodules/pcsx_rearmed/plugins/dfsound/registers.c.o
[29/41] Building C object CMakeFiles/retropack-runtime-pcsx.dir/submodules/pcsx_rearmed/libpcsxcore/psxbios.c.o
[30/41] Building C object CMakeFiles/retropack-runtime-pcsx.dir/submodules/pcsx_rearmed/plugins/dfsound/freeze.c.o
[31/41] Building C object CMakeFiles/retropack-runtime-pcsx.dir/submodules/pcsx_rearmed/plugins/dfsound/nullsnd.c.o
[32/41] Building C object CMakeFiles/retropack-runtime-pcsx.dir/submodules/pcsx_rearmed/plugins/dfsound/out.c.o
[33/41] Building C object CMakeFiles/retropack-runtime-pcsx.dir/submodules/pcsx_rearmed/plugins/gpulib/prim.c.o
[34/41] Building C object CMakeFiles/retropack-runtime-pcsx.dir/submodules/pcsx_rearmed/plugins/gpulib/vout_pl.c.o
[35/41] Building C object CMakeFiles/retropack-runtime-pcsx.dir/submodules/pcsx_rearmed/plugins/gpulib/gpu.c.o
[36/41] Building C object CMakeFiles/retropack-runtime-pcsx.dir/submodules/pcsx_rearmed/plugins/dfsound/spu.c.o
[37/41] Building C object CMakeFiles/retropack-runtime-pcsx.dir/submodules/pcsx_rearmed/frontend/cspace.c.o
[38/41] Building C object CMakeFiles/retropack-runtime-pcsx.dir/submodules/pcsx_rearmed/libpcsxcore/gte_nf.c.o
[39/41] Building C object CMakeFiles/retropack-runtime-pcsx.dir/submodules/pcsx_rearmed/libpcsxcore/gte.c.o
[40/41] Building C object CMakeFiles/retropack-runtime-pcsx.dir/submodules/pcsx_rearmed/plugins/dfxvideo/gpulib_if.c.o
[41/41] Linking C shared library ../../../../build/intermediates/cxx/Debug/3uf4qy72/obj/arm64-v8a/libretropack-runtime-pcsx.so
FAILED: ../../../../build/intermediates/cxx/Debug/3uf4qy72/obj/arm64-v8a/libretropack-runtime-pcsx.so 
: && /usr/local/lib/android/sdk/ndk/27.0.12077973/toolchains/llvm/prebuilt/linux-x86_64/bin/clang --target=aarch64-none-linux-android26 --sysroot=/usr/local/lib/android/sdk/ndk/27.0.12077973/toolchains/llvm/prebuilt/linux-x86_64/sysroot -fPIC -g -DANDROID -fdata-sections -ffunction-sections -funwind-tables -fstack-protector-strong -no-canonical-prefixes -D_FORTIFY_SOURCE=2 -Wformat -Werror=format-security  -fno-limit-debug-info  -static-libstdc++ -Wl,--build-id=sha1 -Wl,--no-rosegment -Wl,--no-undefined-version -Wl,--fatal-warnings -Wl,--no-undefined -Qunused-arguments  -Wl,-z,max-page-size=16384 -Wl,-z,common-page-size=16384   -Wl,-z,max-page-size=16384 -Wl,-z,common-page-size=16384 -shared -Wl,-soname,libretropack-runtime-pcsx.so -o ../../../../build/intermediates/cxx/Debug/3uf4qy72/obj/arm64-v8a/libretropack-runtime-pcsx.so CMakeFiles/retropack-runtime-pcsx.dir/src/main/cpp/pcsx-jni.c.o CMakeFiles/retropack-runtime-pcsx.dir/src/main/cpp/ringbuffer.c.o CMakeFiles/retropack-runtime-pcsx.dir/submodules/pcsx_rearmed/libpcsxcore/cdriso.c.o CMakeFiles/retropack-runtime-pcsx.dir/submodules/pcsx_rearmed/libpcsxcore/cdrom.c.o CMakeFiles/retropack-runtime-pcsx.dir/submodules/pcsx_rearmed/libpcsxcore/cdrom-async.c.o CMakeFiles/retropack-runtime-pcsx.dir/submodules/pcsx_rearmed/libpcsxcore/cheat.c.o CMakeFiles/retropack-runtime-pcsx.dir/submodules/pcsx_rearmed/libpcsxcore/database.c.o CMakeFiles/retropack-runtime-pcsx.dir/submodules/pcsx_rearmed/libpcsxcore/decode_xa.c.o CMakeFiles/retropack-runtime-pcsx.dir/submodules/pcsx_rearmed/libpcsxcore/mdec.c.o CMakeFiles/retropack-runtime-pcsx.dir/submodules/pcsx_rearmed/libpcsxcore/misc.c.o CMakeFiles/retropack-runtime-pcsx.dir/submodules/pcsx_rearmed/libpcsxcore/plugins.c.o CMakeFiles/retropack-runtime-pcsx.dir/submodules/pcsx_rearmed/libpcsxcore/ppf.c.o CMakeFiles/retropack-runtime-pcsx.dir/submodules/pcsx_rearmed/libpcsxcore/psxbios.c.o CMakeFiles/retropack-runtime-pcsx.dir/submodules/pcsx_rearmed/libpcsxcore/psxcommon.c.o CMakeFiles/retropack-runtime-pcsx.dir/submodules/pcsx_rearmed/libpcsxcore/psxcounters.c.o CMakeFiles/retropack-runtime-pcsx.dir/submodules/pcsx_rearmed/libpcsxcore/psxdma.c.o CMakeFiles/retropack-runtime-pcsx.dir/submodules/pcsx_rearmed/libpcsxcore/psxhw.c.o CMakeFiles/retropack-runtime-pcsx.dir/submodules/pcsx_rearmed/libpcsxcore/psxinterpreter.c.o CMakeFiles/retropack-runtime-pcsx.dir/submodules/pcsx_rearmed/libpcsxcore/psxmem.c.o CMakeFiles/retropack-runtime-pcsx.dir/submodules/pcsx_rearmed/libpcsxcore/psxevents.c.o CMakeFiles/retropack-runtime-pcsx.dir/submodules/pcsx_rearmed/libpcsxcore/r3000a.c.o CMakeFiles/retropack-runtime-pcsx.dir/submodules/pcsx_rearmed/libpcsxcore/sio.c.o CMakeFiles/retropack-runtime-pcsx.dir/submodules/pcsx_rearmed/libpcsxcore/spu.c.o CMakeFiles/retropack-runtime-pcsx.dir/submodules/pcsx_rearmed/libpcsxcore/gpu.c.o CMakeFiles/retropack-runtime-pcsx.dir/submodules/pcsx_rearmed/libpcsxcore/pad.c.o CMakeFiles/retropack-runtime-pcsx.dir/submodules/pcsx_rearmed/libpcsxcore/gte.c.o CMakeFiles/retropack-runtime-pcsx.dir/submodules/pcsx_rearmed/libpcsxcore/gte_nf.c.o CMakeFiles/retropack-runtime-pcsx.dir/submodules/pcsx_rearmed/libpcsxcore/gte_divider.c.o CMakeFiles/retropack-runtime-pcsx.dir/submodules/pcsx_rearmed/libpcsxcore/new_dynarec/emu_if.c.o CMakeFiles/retropack-runtime-pcsx.dir/submodules/pcsx_rearmed/plugins/dfsound/dma.c.o CMakeFiles/retropack-runtime-pcsx.dir/submodules/pcsx_rearmed/plugins/dfsound/freeze.c.o CMakeFiles/retropack-runtime-pcsx.dir/submodules/pcsx_rearmed/plugins/dfsound/registers.c.o CMakeFiles/retropack-runtime-pcsx.dir/submodules/pcsx_rearmed/plugins/dfsound/spu.c.o CMakeFiles/retropack-runtime-pcsx.dir/submodules/pcsx_rearmed/plugins/dfsound/out.c.o CMakeFiles/retropack-runtime-pcsx.dir/submodules/pcsx_rearmed/plugins/dfsound/nullsnd.c.o CMakeFiles/retropack-runtime-pcsx.dir/submodules/pcsx_rearmed/plugins/gpulib/gpu.c.o CMakeFiles/retropack-runtime-pcsx.dir/submodules/pcsx_rearmed/plugins/gpulib/vout_pl.c.o CMakeFiles/retropack-runtime-pcsx.dir/submodules/pcsx_rearmed/plugins/gpulib/prim.c.o CMakeFiles/retropack-runtime-pcsx.dir/submodules/pcsx_rearmed/plugins/dfxvideo/gpulib_if.c.o CMakeFiles/retropack-runtime-pcsx.dir/submodules/pcsx_rearmed/frontend/cspace.c.o  -lGLESv2  -lEGL  -lOpenSLES  -landroid  -llog  -lm  -lz  -latomic -lm && :
ld.lld: error: undefined symbol: rfopen
>>> referenced by cdriso.c:1452 (/home/runner/work/retro-manager/retro-manager/runtime/retropack-runtime-pcsx/submodules/pcsx_rearmed/libpcsxcore/cdriso.c:1452)
>>>               CMakeFiles/retropack-runtime-pcsx.dir/submodules/pcsx_rearmed/libpcsxcore/cdriso.c.o:(ISOopen)
>>> referenced by cdriso.c:1526 (/home/runner/work/retro-manager/retro-manager/runtime/retropack-runtime-pcsx/submodules/pcsx_rearmed/libpcsxcore/cdriso.c:1526)
>>>               CMakeFiles/retropack-runtime-pcsx.dir/submodules/pcsx_rearmed/libpcsxcore/cdriso.c.o:(ISOopen)
>>> referenced by cdriso.c:216 (/home/runner/work/retro-manager/retro-manager/runtime/retropack-runtime-pcsx/submodules/pcsx_rearmed/libpcsxcore/cdriso.c:216)
>>>               CMakeFiles/retropack-runtime-pcsx.dir/submodules/pcsx_rearmed/libpcsxcore/cdriso.c.o:(parsetoc)
>>> referenced 21 more times
>>> did you mean: fopen
>>> defined in: /usr/local/lib/android/sdk/ndk/27.0.12077973/toolchains/llvm/prebuilt/linux-x86_64/sysroot/usr/lib/aarch64-linux-android/26/libc.so

ld.lld: error: undefined symbol: SysPrintf
>>> referenced by cdriso.c:1454 (/home/runner/work/retro-manager/retro-manager/runtime/retropack-runtime-pcsx/submodules/pcsx_rearmed/libpcsxcore/cdriso.c:1454)
>>>               CMakeFiles/retropack-runtime-pcsx.dir/submodules/pcsx_rearmed/libpcsxcore/cdriso.c.o:(ISOopen)
>>> referenced by cdriso.c:1544 (/home/runner/work/retro-manager/retro-manager/runtime/retropack-runtime-pcsx/submodules/pcsx_rearmed/libpcsxcore/cdriso.c:1544)
>>>               CMakeFiles/retropack-runtime-pcsx.dir/submodules/pcsx_rearmed/libpcsxcore/cdriso.c.o:(ISOopen)
>>> referenced by cdriso.c:1560 (/home/runner/work/retro-manager/retro-manager/runtime/retropack-runtime-pcsx/submodules/pcsx_rearmed/libpcsxcore/cdriso.c:1560)
>>>               CMakeFiles/retropack-runtime-pcsx.dir/submodules/pcsx_rearmed/libpcsxcore/cdriso.c.o:(ISOopen)
>>> referenced 92 more times

ld.lld: error: undefined symbol: rfclose
>>> referenced by cdriso.c:1533 (/home/runner/work/retro-manager/retro-manager/runtime/retropack-runtime-pcsx/submodules/pcsx_rearmed/libpcsxcore/cdriso.c:1533)
>>>               CMakeFiles/retropack-runtime-pcsx.dir/submodules/pcsx_rearmed/libpcsxcore/cdriso.c.o:(ISOopen)
>>> referenced by cdriso.c:238 (/home/runner/work/retro-manager/retro-manager/runtime/retropack-runtime-pcsx/submodules/pcsx_rearmed/libpcsxcore/cdriso.c:238)
>>>               CMakeFiles/retropack-runtime-pcsx.dir/submodules/pcsx_rearmed/libpcsxcore/cdriso.c.o:(parsetoc)
>>> referenced by cdriso.c:334 (/home/runner/work/retro-manager/retro-manager/runtime/retropack-runtime-pcsx/submodules/pcsx_rearmed/libpcsxcore/cdriso.c:334)
>>>               CMakeFiles/retropack-runtime-pcsx.dir/submodules/pcsx_rearmed/libpcsxcore/cdriso.c.o:(parsetoc)
>>> referenced 26 more times

ld.lld: error: undefined symbol: rfread
>>> referenced by cdriso.c:1543 (/home/runner/work/retro-manager/retro-manager/runtime/retropack-runtime-pcsx/submodules/pcsx_rearmed/libpcsxcore/cdriso.c:1543)
>>>               CMakeFiles/retropack-runtime-pcsx.dir/submodules/pcsx_rearmed/libpcsxcore/cdriso.c.o:(ISOopen)
>>> referenced by cdriso.c:1169 (/home/runner/work/retro-manager/retro-manager/runtime/retropack-runtime-pcsx/submodules/pcsx_rearmed/libpcsxcore/cdriso.c:1169)
>>>               CMakeFiles/retropack-runtime-pcsx.dir/submodules/pcsx_rearmed/libpcsxcore/cdriso.c.o:(cdread_normal)
>>> referenced by cdriso.c:648 (/home/runner/work/retro-manager/retro-manager/runtime/retropack-runtime-pcsx/submodules/pcsx_rearmed/libpcsxcore/cdriso.c:648)
>>>               CMakeFiles/retropack-runtime-pcsx.dir/submodules/pcsx_rearmed/libpcsxcore/cdriso.c.o:(parsemds)
>>> referenced 44 more times

ld.lld: error: undefined symbol: rftell
>>> referenced by cdriso.c:168 (/home/runner/work/retro-manager/retro-manager/runtime/retropack-runtime-pcsx/submodules/pcsx_rearmed/libpcsxcore/cdriso.c:168)
>>>               CMakeFiles/retropack-runtime-pcsx.dir/submodules/pcsx_rearmed/libpcsxcore/cdriso.c.o:(get_size)
>>> referenced by cdriso.c:170 (/home/runner/work/retro-manager/retro-manager/runtime/retropack-runtime-pcsx/submodules/pcsx_rearmed/libpcsxcore/cdriso.c:170)
>>>               CMakeFiles/retropack-runtime-pcsx.dir/submodules/pcsx_rearmed/libpcsxcore/cdriso.c.o:(get_size)
>>> referenced by ppf.c:246 (/home/runner/work/retro-manager/retro-manager/runtime/retropack-runtime-pcsx/submodules/pcsx_rearmed/libpcsxcore/ppf.c:246)
>>>               CMakeFiles/retropack-runtime-pcsx.dir/submodules/pcsx_rearmed/libpcsxcore/ppf.c.o:(BuildPPFCache)
>>> referenced 5 more times

ld.lld: error: undefined symbol: rfseek
>>> referenced by cdriso.c:169 (/home/runner/work/retro-manager/retro-manager/runtime/retropack-runtime-pcsx/submodules/pcsx_rearmed/libpcsxcore/cdriso.c:169)
>>>               CMakeFiles/retropack-runtime-pcsx.dir/submodules/pcsx_rearmed/libpcsxcore/cdriso.c.o:(get_size)
>>> referenced by cdriso.c:171 (/home/runner/work/retro-manager/retro-manager/runtime/retropack-runtime-pcsx/submodules/pcsx_rearmed/libpcsxcore/cdriso.c:171)
>>>               CMakeFiles/retropack-runtime-pcsx.dir/submodules/pcsx_rearmed/libpcsxcore/cdriso.c.o:(get_size)
>>> referenced by cdriso.c:1167 (/home/runner/work/retro-manager/retro-manager/runtime/retropack-runtime-pcsx/submodules/pcsx_rearmed/libpcsxcore/cdriso.c:1167)
>>>               CMakeFiles/retropack-runtime-pcsx.dir/submodules/pcsx_rearmed/libpcsxcore/cdriso.c.o:(cdread_normal)
>>> referenced 47 more times

ld.lld: error: undefined symbol: rfgets
>>> referenced by cdriso.c:234 (/home/runner/work/retro-manager/retro-manager/runtime/retropack-runtime-pcsx/submodules/pcsx_rearmed/libpcsxcore/cdriso.c:234)
>>>               CMakeFiles/retropack-runtime-pcsx.dir/submodules/pcsx_rearmed/libpcsxcore/cdriso.c.o:(parsetoc)
>>> referenced by cdriso.c:252 (/home/runner/work/retro-manager/retro-manager/runtime/retropack-runtime-pcsx/submodules/pcsx_rearmed/libpcsxcore/cdriso.c:252)
>>>               CMakeFiles/retropack-runtime-pcsx.dir/submodules/pcsx_rearmed/libpcsxcore/cdriso.c.o:(parsetoc)
>>> referenced by cdriso.c:589 (/home/runner/work/retro-manager/retro-manager/runtime/retropack-runtime-pcsx/submodules/pcsx_rearmed/libpcsxcore/cdriso.c:589)
>>>               CMakeFiles/retropack-runtime-pcsx.dir/submodules/pcsx_rearmed/libpcsxcore/cdriso.c.o:(parseccd)
>>> referenced 2 more times

ld.lld: error: undefined symbol: rfgetc
>>> referenced by cdriso.c:680 (/home/runner/work/retro-manager/retro-manager/runtime/retropack-runtime-pcsx/submodules/pcsx_rearmed/libpcsxcore/cdriso.c:680)
>>>               CMakeFiles/retropack-runtime-pcsx.dir/submodules/pcsx_rearmed/libpcsxcore/cdriso.c.o:(parsemds)
>>> referenced by cdriso.c:688 (/home/runner/work/retro-manager/retro-manager/runtime/retropack-runtime-pcsx/submodules/pcsx_rearmed/libpcsxcore/cdriso.c:688)
>>>               CMakeFiles/retropack-runtime-pcsx.dir/submodules/pcsx_rearmed/libpcsxcore/cdriso.c.o:(parsemds)
>>> referenced by cdriso.c:696 (/home/runner/work/retro-manager/retro-manager/runtime/retropack-runtime-pcsx/submodules/pcsx_rearmed/libpcsxcore/cdriso.c:696)
>>>               CMakeFiles/retropack-runtime-pcsx.dir/submodules/pcsx_rearmed/libpcsxcore/cdriso.c.o:(parsemds)
>>> referenced 7 more times

ld.lld: error: undefined symbol: PAD1_readPort
>>> referenced by pad.c:537 (/home/runner/work/retro-manager/retro-manager/runtime/retropack-runtime-pcsx/submodules/pcsx_rearmed/libpcsxcore/pad.c:537)
>>>               CMakeFiles/retropack-runtime-pcsx.dir/submodules/pcsx_rearmed/libpcsxcore/pad.c.o:(PAD1_startPoll)
>>> referenced by pad.c:543 (/home/runner/work/retro-manager/retro-manager/runtime/retropack-runtime-pcsx/submodules/pcsx_rearmed/libpcsxcore/pad.c:543)
>>>               CMakeFiles/retropack-runtime-pcsx.dir/submodules/pcsx_rearmed/libpcsxcore/pad.c.o:(PAD1_startPoll)

ld.lld: error: undefined symbol: PAD2_readPort
>>> referenced by pad.c:561 (/home/runner/work/retro-manager/retro-manager/runtime/retropack-runtime-pcsx/submodules/pcsx_rearmed/libpcsxcore/pad.c:561)
>>>               CMakeFiles/retropack-runtime-pcsx.dir/submodules/pcsx_rearmed/libpcsxcore/pad.c.o:(PAD2_startPoll)
>>> referenced by pad.c:566 (/home/runner/work/retro-manager/retro-manager/runtime/retropack-runtime-pcsx/submodules/pcsx_rearmed/libpcsxcore/pad.c:566)
>>>               CMakeFiles/retropack-runtime-pcsx.dir/submodules/pcsx_rearmed/libpcsxcore/pad.c.o:(PAD2_startPoll)

ld.lld: error: undefined symbol: pl_gun_byte2
>>> referenced by pad.c:442 (/home/runner/work/retro-manager/retro-manager/runtime/retropack-runtime-pcsx/submodules/pcsx_rearmed/libpcsxcore/pad.c:442)
>>>               CMakeFiles/retropack-runtime-pcsx.dir/submodules/pcsx_rearmed/libpcsxcore/pad.c.o:(PADpoll_)

ld.lld: error: undefined symbol: plat_trigger_vibrate
>>> referenced by pad.c:274 (/home/runner/work/retro-manager/retro-manager/runtime/retropack-runtime-pcsx/submodules/pcsx_rearmed/libpcsxcore/pad.c:274)
>>>               CMakeFiles/retropack-runtime-pcsx.dir/submodules/pcsx_rearmed/libpcsxcore/pad.c.o:(ds_update_vibrate)

ld.lld: error: undefined symbol: rfwrite
>>> referenced by sio.c:422 (/home/runner/work/retro-manager/retro-manager/runtime/retropack-runtime-pcsx/submodules/pcsx_rearmed/libpcsxcore/sio.c:422)
>>>               CMakeFiles/retropack-runtime-pcsx.dir/submodules/pcsx_rearmed/libpcsxcore/sio.c.o:(SaveMcd)
>>> referenced by sio.c:606 (/home/runner/work/retro-manager/retro-manager/runtime/retropack-runtime-pcsx/submodules/pcsx_rearmed/libpcsxcore/sio.c:606)
>>>               CMakeFiles/retropack-runtime-pcsx.dir/submodules/pcsx_rearmed/libpcsxcore/sio.c.o:(ConvertMcd)
>>> referenced by sio.c:641 (/home/runner/work/retro-manager/retro-manager/runtime/retropack-runtime-pcsx/submodules/pcsx_rearmed/libpcsxcore/sio.c:641)
>>>               CMakeFiles/retropack-runtime-pcsx.dir/submodules/pcsx_rearmed/libpcsxcore/sio.c.o:(ConvertMcd)
>>> referenced 1 more times

ld.lld: error: undefined symbol: SysMessage
>>> referenced by sio.c:382 (/home/runner/work/retro-manager/retro-manager/runtime/retropack-runtime-pcsx/submodules/pcsx_rearmed/libpcsxcore/sio.c:382)
>>>               CMakeFiles/retropack-runtime-pcsx.dir/submodules/pcsx_rearmed/libpcsxcore/sio.c.o:(LoadMcd)
>>> referenced by psxmem.c:107 (/home/runner/work/retro-manager/retro-manager/runtime/retropack-runtime-pcsx/submodules/pcsx_rearmed/libpcsxcore/psxmem.c:107)
>>>               CMakeFiles/retropack-runtime-pcsx.dir/submodules/pcsx_rearmed/libpcsxcore/psxmem.c.o:(psxMap)
>>> referenced by psxmem.c:255 (/home/runner/work/retro-manager/retro-manager/runtime/retropack-runtime-pcsx/submodules/pcsx_rearmed/libpcsxcore/psxmem.c:255)
>>>               CMakeFiles/retropack-runtime-pcsx.dir/submodules/pcsx_rearmed/libpcsxcore/psxmem.c.o:(psxMemInit)
>>> referenced 35 more times

ld.lld: error: undefined symbol: rfputc
>>> referenced by sio.c:455 (/home/runner/work/retro-manager/retro-manager/runtime/retropack-runtime-pcsx/submodules/pcsx_rearmed/libpcsxcore/sio.c:455)
>>>               CMakeFiles/retropack-runtime-pcsx.dir/submodules/pcsx_rearmed/libpcsxcore/sio.c.o:(CreateMcd)
>>> referenced by sio.c:457 (/home/runner/work/retro-manager/retro-manager/runtime/retropack-runtime-pcsx/submodules/pcsx_rearmed/libpcsxcore/sio.c:457)
>>>               CMakeFiles/retropack-runtime-pcsx.dir/submodules/pcsx_rearmed/libpcsxcore/sio.c.o:(CreateMcd)
>>> referenced by sio.c:459 (/home/runner/work/retro-manager/retro-manager/runtime/retropack-runtime-pcsx/submodules/pcsx_rearmed/libpcsxcore/sio.c:459)
>>>               CMakeFiles/retropack-runtime-pcsx.dir/submodules/pcsx_rearmed/libpcsxcore/sio.c.o:(CreateMcd)
>>> referenced 89 more times

ld.lld: error: undefined symbol: path_get_size
>>> referenced by sio.c:44 (/home/runner/work/retro-manager/retro-manager/runtime/retropack-runtime-pcsx/submodules/pcsx_rearmed/libpcsxcore/sio.c:44)
>>>               CMakeFiles/retropack-runtime-pcsx.dir/submodules/pcsx_rearmed/libpcsxcore/sio.c.o:(McdFileSize)

ld.lld: error: undefined symbol: pl_frame_limit
>>> referenced by psxcommon.c:56 (/home/runner/work/retro-manager/retro-manager/runtime/retropack-runtime-pcsx/submodules/pcsx_rearmed/libpcsxcore/psxcommon.c:56)
>>>               CMakeFiles/retropack-runtime-pcsx.dir/submodules/pcsx_rearmed/libpcsxcore/psxcommon.c.o:(EmuUpdate)

ld.lld: error: undefined symbol: SysLibError
>>> referenced by plugins.c:315 (/home/runner/work/retro-manager/retro-manager/runtime/retropack-runtime-pcsx/submodules/pcsx_rearmed/libpcsxcore/plugins.c:315)
>>>               CMakeFiles/retropack-runtime-pcsx.dir/submodules/pcsx_rearmed/libpcsxcore/plugins.c.o:(LoadPlugins)
>>> referenced by plugins.c:139 (/home/runner/work/retro-manager/retro-manager/runtime/retropack-runtime-pcsx/submodules/pcsx_rearmed/libpcsxcore/plugins.c:139)
>>>               CMakeFiles/retropack-runtime-pcsx.dir/submodules/pcsx_rearmed/libpcsxcore/plugins.c.o:(LoadGPUplugin)
>>> referenced by plugins.c:140 (/home/runner/work/retro-manager/retro-manager/runtime/retropack-runtime-pcsx/submodules/pcsx_rearmed/libpcsxcore/plugins.c:140)
>>>               CMakeFiles/retropack-runtime-pcsx.dir/submodules/pcsx_rearmed/libpcsxcore/plugins.c.o:(LoadGPUplugin)
>>> referenced 22 more times

ld.lld: error: undefined symbol: SysLoadLibrary
>>> referenced by plugins.c:134 (/home/runner/work/retro-manager/retro-manager/runtime/retropack-runtime-pcsx/submodules/pcsx_rearmed/libpcsxcore/plugins.c:134)
>>>               CMakeFiles/retropack-runtime-pcsx.dir/submodules/pcsx_rearmed/libpcsxcore/plugins.c.o:(LoadGPUplugin)
>>> referenced by plugins.c:186 (/home/runner/work/retro-manager/retro-manager/runtime/retropack-runtime-pcsx/submodules/pcsx_rearmed/libpcsxcore/plugins.c:186)
>>>               CMakeFiles/retropack-runtime-pcsx.dir/submodules/pcsx_rearmed/libpcsxcore/plugins.c.o:(LoadSPUplugin)

ld.lld: error: undefined symbol: SysLoadSym
>>> referenced by plugins.c:139 (/home/runner/work/retro-manager/retro-manager/runtime/retropack-runtime-pcsx/submodules/pcsx_rearmed/libpcsxcore/plugins.c:139)
>>>               CMakeFiles/retropack-runtime-pcsx.dir/submodules/pcsx_rearmed/libpcsxcore/plugins.c.o:(LoadGPUplugin)
>>> referenced by plugins.c:140 (/home/runner/work/retro-manager/retro-manager/runtime/retropack-runtime-pcsx/submodules/pcsx_rearmed/libpcsxcore/plugins.c:140)
>>>               CMakeFiles/retropack-runtime-pcsx.dir/submodules/pcsx_rearmed/libpcsxcore/plugins.c.o:(LoadGPUplugin)
>>> referenced by plugins.c:141 (/home/runner/work/retro-manager/retro-manager/runtime/retropack-runtime-pcsx/submodules/pcsx_rearmed/libpcsxcore/plugins.c:141)
>>>               CMakeFiles/retropack-runtime-pcsx.dir/submodules/pcsx_rearmed/libpcsxcore/plugins.c.o:(LoadGPUplugin)
>>> referenced 27 more times

ld.lld: error: too many errors emitted, stopping now (use --error-limit=0 to see all errors)
clang: error: linker command failed with exit code 1 (use -v to see invocation)
ninja: build stopped: subcommand failed.

C++ build system [build] failed while executing:
    /usr/local/lib/android/sdk/cmake/3.22.1/bin/ninja \
      -C \
      /home/runner/work/retro-manager/retro-manager/runtime/retropack-runtime-pcsx/.cxx/Debug/3uf4qy72/arm64-v8a \
      retropack-runtime-pcsx
  from /home/runner/work/retro-manager/retro-manager/runtime/retropack-runtime-pcsx
	at org.gradle.internal.UncheckedException.throwAsUncheckedException(UncheckedException.java:69)
	at org.gradle.internal.UncheckedException.throwAsUncheckedException(UncheckedException.java:42)
	at org.gradle.internal.reflect.JavaMethod.invoke(JavaMethod.java:129)
	at org.gradle.api.internal.project.taskfactory.StandardTaskAction.doExecute(StandardTaskAction.java:58)
	at org.gradle.api.internal.project.taskfactory.StandardTaskAction.execute(StandardTaskAction.java:51)
	at org.gradle.api.internal.project.taskfactory.StandardTaskAction.execute(StandardTaskAction.java:29)
	at org.gradle.api.internal.tasks.execution.TaskExecution$3.run(TaskExecution.java:259)
	at org.gradle.internal.operations.DefaultBuildOperationRunner$1.execute(DefaultBuildOperationRunner.java:30)
	at org.gradle.internal.operations.DefaultBuildOperationRunner$1.execute(DefaultBuildOperationRunner.java:27)
	at org.gradle.internal.operations.DefaultBuildOperationRunner$2.execute(DefaultBuildOperationRunner.java:67)
	at org.gradle.internal.operations.DefaultBuildOperationRunner$2.execute(DefaultBuildOperationRunner.java:60)
	at org.gradle.internal.operations.DefaultBuildOperationRunner.execute(DefaultBuildOperationRunner.java:167)
	at org.gradle.internal.operations.DefaultBuildOperationRunner.execute(DefaultBuildOperationRunner.java:60)
	at org.gradle.internal.operations.DefaultBuildOperationRunner.run(DefaultBuildOperationRunner.java:48)
	at org.gradle.api.internal.tasks.execution.TaskExecution.executeAction(TaskExecution.java:244)
	at org.gradle.api.internal.tasks.execution.TaskExecution.executeActions(TaskExecution.java:227)
	at org.gradle.api.internal.tasks.execution.TaskExecution.executeWithPreviousOutputFiles(TaskExecution.java:210)
	at org.gradle.api.internal.tasks.execution.TaskExecution.execute(TaskExecution.java:176)
	at org.gradle.internal.execution.steps.ExecuteStep.executeInternal(ExecuteStep.java:167)
	at org.gradle.internal.execution.steps.ExecuteStep.access$000(ExecuteStep.java:47)
	at org.gradle.internal.execution.steps.ExecuteStep$1.call(ExecuteStep.java:137)
	at org.gradle.internal.execution.steps.ExecuteStep$1.call(ExecuteStep.java:134)
	at org.gradle.internal.operations.DefaultBuildOperationRunner$CallableBuildOperationWorker.execute(DefaultBuildOperationRunner.java:210)
	at org.gradle.internal.operations.DefaultBuildOperationRunner$CallableBuildOperationWorker.execute(DefaultBuildOperationRunner.java:205)
	at org.gradle.internal.operations.DefaultBuildOperationRunner$2.execute(DefaultBuildOperationRunner.java:67)
	at org.gradle.internal.operations.DefaultBuildOperationRunner$2.execute(DefaultBuildOperationRunner.java:60)
	at org.gradle.internal.operations.DefaultBuildOperationRunner.execute(DefaultBuildOperationRunner.java:167)
	at org.gradle.internal.operations.DefaultBuildOperationRunner.execute(DefaultBuildOperationRunner.java:60)
	at org.gradle.internal.operations.DefaultBuildOperationRunner.call(DefaultBuildOperationRunner.java:54)
	at org.gradle.internal.execution.steps.ExecuteStep.execute(ExecuteStep.java:134)
	at org.gradle.internal.execution.steps.ExecuteStep$Mutable.execute(ExecuteStep.java:80)
	at org.gradle.internal.execution.steps.CancelExecutionStep.execute(CancelExecutionStep.java:42)
	at org.gradle.internal.execution.steps.TimeoutStep.executeWithoutTimeout(TimeoutStep.java:75)
	at org.gradle.internal.execution.steps.TimeoutStep.execute(TimeoutStep.java:55)
	at org.gradle.internal.execution.steps.PreCreateOutputParentsStep.execute(PreCreateOutputParentsStep.java:51)
	at org.gradle.internal.execution.steps.PreCreateOutputParentsStep.execute(PreCreateOutputParentsStep.java:29)
	at org.gradle.internal.execution.steps.RemovePreviousOutputsStep.executeMutable(RemovePreviousOutputsStep.java:67)
	at org.gradle.internal.execution.steps.RemovePreviousOutputsStep.executeMutable(RemovePreviousOutputsStep.java:39)
	at org.gradle.internal.execution.steps.MutableStep.execute(MutableStep.java:26)
	at org.gradle.internal.execution.steps.BroadcastChangingOutputsStep.execute(BroadcastChangingOutputsStep.java:42)
	at org.gradle.internal.execution.steps.BroadcastChangingOutputsStep.execute(BroadcastChangingOutputsStep.java:24)
	at org.gradle.internal.execution.steps.CaptureOutputsAfterExecutionStep.execute(CaptureOutputsAfterExecutionStep.java:69)
	at org.gradle.internal.execution.steps.CaptureOutputsAfterExecutionStep.execute(CaptureOutputsAfterExecutionStep.java:46)
	at org.gradle.internal.execution.steps.ResolveInputChangesStep.executeMutable(ResolveInputChangesStep.java:39)
	at org.gradle.internal.execution.steps.ResolveInputChangesStep.executeMutable(ResolveInputChangesStep.java:28)
	at org.gradle.internal.execution.steps.MutableStep.execute(MutableStep.java:26)
	at org.gradle.internal.execution.steps.BuildCacheStep.executeWithoutCache(BuildCacheStep.java:189)
	at org.gradle.internal.execution.steps.BuildCacheStep.lambda$execute$1(BuildCacheStep.java:76)
	at org.gradle.internal.Either$Right.fold(Either.java:176)
	at org.gradle.internal.execution.caching.CachingState.fold(CachingState.java:62)
	at org.gradle.internal.execution.steps.BuildCacheStep.execute(BuildCacheStep.java:74)
	at org.gradle.internal.execution.steps.BuildCacheStep.execute(BuildCacheStep.java:49)
	at org.gradle.internal.execution.steps.StoreExecutionStateStep.executeMutable(StoreExecutionStateStep.java:46)
	at org.gradle.internal.execution.steps.StoreExecutionStateStep.executeMutable(StoreExecutionStateStep.java:35)
	at org.gradle.internal.execution.steps.MutableStep.execute(MutableStep.java:26)
	at org.gradle.internal.execution.steps.SkipUpToDateStep.executeBecause(SkipUpToDateStep.java:75)
	at org.gradle.internal.execution.steps.SkipUpToDateStep.lambda$execute$2(SkipUpToDateStep.java:53)
	at org.gradle.internal.execution.steps.SkipUpToDateStep.execute(SkipUpToDateStep.java:53)
	at org.gradle.internal.execution.steps.SkipUpToDateStep.execute(SkipUpToDateStep.java:35)
	at org.gradle.internal.execution.steps.legacy.MarkSnapshottingInputsFinishedStep.execute(MarkSnapshottingInputsFinishedStep.java:37)
	at org.gradle.internal.execution.steps.legacy.MarkSnapshottingInputsFinishedStep.execute(MarkSnapshottingInputsFinishedStep.java:27)
	at org.gradle.internal.execution.steps.ResolveMutableCachingStateStep.executeDelegate(ResolveMutableCachingStateStep.java:70)
	at org.gradle.internal.execution.steps.ResolveMutableCachingStateStep.executeDelegate(ResolveMutableCachingStateStep.java:32)
	at org.gradle.internal.execution.steps.AbstractResolveCachingStateStep.execute(AbstractResolveCachingStateStep.java:69)
	at org.gradle.internal.execution.steps.AbstractResolveCachingStateStep.execute(AbstractResolveCachingStateStep.java:37)
	at org.gradle.internal.execution.steps.ResolveChangesStep.executeMutable(ResolveChangesStep.java:63)
	at org.gradle.internal.execution.steps.ResolveChangesStep.executeMutable(ResolveChangesStep.java:34)
	at org.gradle.internal.execution.steps.MutableStep.execute(MutableStep.java:26)
	at org.gradle.internal.execution.steps.ValidateStep$Mutable.executeDelegate(ValidateStep.java:79)
	at org.gradle.internal.execution.steps.ValidateStep$Mutable.executeDelegate(ValidateStep.java:65)
	at org.gradle.internal.execution.steps.ValidateStep.execute(ValidateStep.java:99)
	at org.gradle.internal.execution.steps.ValidateStep$Mutable.execute(ValidateStep.java:65)
	at org.gradle.internal.execution.steps.CaptureMutableStateBeforeExecutionStep.executeMutable(CaptureMutableStateBeforeExecutionStep.java:86)
	at org.gradle.internal.execution.steps.CaptureMutableStateBeforeExecutionStep.execute(CaptureMutableStateBeforeExecutionStep.java:65)
	at org.gradle.internal.execution.steps.CaptureMutableStateBeforeExecutionStep.execute(CaptureMutableStateBeforeExecutionStep.java:45)
	at org.gradle.internal.execution.steps.SkipEmptyMutableWorkStep.executeWithNonEmptySources(SkipEmptyMutableWorkStep.java:210)
	at org.gradle.internal.execution.steps.SkipEmptyMutableWorkStep.executeMutable(SkipEmptyMutableWorkStep.java:85)
	at org.gradle.internal.execution.steps.SkipEmptyMutableWorkStep.executeMutable(SkipEmptyMutableWorkStep.java:53)
	at org.gradle.internal.execution.steps.MutableStep.execute(MutableStep.java:26)
	at org.gradle.internal.execution.steps.legacy.MarkSnapshottingInputsStartedStep.execute(MarkSnapshottingInputsStartedStep.java:38)
	at org.gradle.internal.execution.steps.LoadPreviousExecutionStateStep.executeMutable(LoadPreviousExecutionStateStep.java:36)
	at org.gradle.internal.execution.steps.LoadPreviousExecutionStateStep.executeMutable(LoadPreviousExecutionStateStep.java:23)
	at org.gradle.internal.execution.steps.MutableStep.execute(MutableStep.java:26)
	at org.gradle.internal.execution.steps.HandleStaleOutputsStep.executeMutable(HandleStaleOutputsStep.java:77)
	at org.gradle.internal.execution.steps.HandleStaleOutputsStep.executeMutable(HandleStaleOutputsStep.java:43)
	at org.gradle.internal.execution.steps.MutableStep.execute(MutableStep.java:26)
	at org.gradle.internal.execution.steps.AssignMutableWorkspaceStep.lambda$executeMutable$0(AssignMutableWorkspaceStep.java:34)
	at org.gradle.api.internal.tasks.execution.TaskExecution$4.withWorkspace(TaskExecution.java:305)
	at org.gradle.internal.execution.steps.AssignMutableWorkspaceStep.executeMutable(AssignMutableWorkspaceStep.java:30)
	at org.gradle.internal.execution.steps.AssignMutableWorkspaceStep.executeMutable(AssignMutableWorkspaceStep.java:21)
	at org.gradle.internal.execution.steps.MutableStep.execute(MutableStep.java:26)
	at org.gradle.internal.execution.steps.ChoosePipelineStep.execute(ChoosePipelineStep.java:40)
	at org.gradle.internal.execution.steps.ChoosePipelineStep.execute(ChoosePipelineStep.java:23)
	at org.gradle.internal.execution.steps.ExecuteWorkBuildOperationFiringStep.lambda$execute$2(ExecuteWorkBuildOperationFiringStep.java:67)
	at org.gradle.internal.execution.steps.ExecuteWorkBuildOperationFiringStep.execute(ExecuteWorkBuildOperationFiringStep.java:67)
	at org.gradle.internal.execution.steps.ExecuteWorkBuildOperationFiringStep.execute(ExecuteWorkBuildOperationFiringStep.java:39)
	at org.gradle.internal.execution.steps.IdentityCacheStep.execute(IdentityCacheStep.java:46)
	at org.gradle.internal.execution.steps.IdentityCacheStep.execute(IdentityCacheStep.java:34)
	at org.gradle.internal.execution.steps.IdentifyStep.execute(IdentifyStep.java:56)
	at org.gradle.internal.execution.steps.IdentifyStep.execute(IdentifyStep.java:38)
	at org.gradle.internal.execution.impl.DefaultExecutionEngine$1.execute(DefaultExecutionEngine.java:68)
	at org.gradle.api.internal.tasks.execution.ExecuteActionsTaskExecuter.executeIfValid(ExecuteActionsTaskExecuter.java:132)
	... 30 more
Caused by: com.android.ide.common.process.ProcessException: ninja: Entering directory `/home/runner/work/retro-manager/retro-manager/runtime/retropack-runtime-pcsx/.cxx/Debug/3uf4qy72/arm64-v8a'
[1/41] Building C object CMakeFiles/retropack-runtime-pcsx.dir/src/main/cpp/ringbuffer.c.o
[2/41] Building C object CMakeFiles/retropack-runtime-pcsx.dir/submodules/pcsx_rearmed/libpcsxcore/cdrom-async.c.o
[3/41] Building C object CMakeFiles/retropack-runtime-pcsx.dir/submodules/pcsx_rearmed/libpcsxcore/database.c.o
[4/41] Building C object CMakeFiles/retropack-runtime-pcsx.dir/submodules/pcsx_rearmed/libpcsxcore/cheat.c.o
[5/41] Building C object CMakeFiles/retropack-runtime-pcsx.dir/submodules/pcsx_rearmed/libpcsxcore/mdec.c.o
[6/41] Building C object CMakeFiles/retropack-runtime-pcsx.dir/submodules/pcsx_rearmed/libpcsxcore/decode_xa.c.o
[7/41] Building C object CMakeFiles/retropack-runtime-pcsx.dir/submodules/pcsx_rearmed/libpcsxcore/plugins.c.o
[8/41] Building C object CMakeFiles/retropack-runtime-pcsx.dir/submodules/pcsx_rearmed/libpcsxcore/misc.c.o
[9/41] Building C object CMakeFiles/retropack-runtime-pcsx.dir/submodules/pcsx_rearmed/libpcsxcore/cdrom.c.o
[10/41] Building C object CMakeFiles/retropack-runtime-pcsx.dir/src/main/cpp/pcsx-jni.c.o
[11/41] Building C object CMakeFiles/retropack-runtime-pcsx.dir/submodules/pcsx_rearmed/libpcsxcore/cdriso.c.o
[12/41] Building C object CMakeFiles/retropack-runtime-pcsx.dir/submodules/pcsx_rearmed/libpcsxcore/ppf.c.o
[13/41] Building C object CMakeFiles/retropack-runtime-pcsx.dir/submodules/pcsx_rearmed/libpcsxcore/psxdma.c.o
[14/41] Building C object CMakeFiles/retropack-runtime-pcsx.dir/submodules/pcsx_rearmed/libpcsxcore/psxcommon.c.o
[15/41] Building C object CMakeFiles/retropack-runtime-pcsx.dir/submodules/pcsx_rearmed/libpcsxcore/psxcounters.c.o
[16/41] Building C object CMakeFiles/retropack-runtime-pcsx.dir/submodules/pcsx_rearmed/libpcsxcore/psxhw.c.o
[17/41] Building C object CMakeFiles/retropack-runtime-pcsx.dir/submodules/pcsx_rearmed/libpcsxcore/r3000a.c.o
[18/41] Building C object CMakeFiles/retropack-runtime-pcsx.dir/submodules/pcsx_rearmed/libpcsxcore/psxevents.c.o
[19/41] Building C object CMakeFiles/retropack-runtime-pcsx.dir/submodules/pcsx_rearmed/libpcsxcore/psxmem.c.o
[20/41] Building C object CMakeFiles/retropack-runtime-pcsx.dir/submodules/pcsx_rearmed/libpcsxcore/psxinterpreter.c.o
[21/41] Building C object CMakeFiles/retropack-runtime-pcsx.dir/submodules/pcsx_rearmed/libpcsxcore/spu.c.o
[22/41] Building C object CMakeFiles/retropack-runtime-pcsx.dir/submodules/pcsx_rearmed/libpcsxcore/gpu.c.o
[23/41] Building C object CMakeFiles/retropack-runtime-pcsx.dir/submodules/pcsx_rearmed/libpcsxcore/gte_divider.c.o
[24/41] Building C object CMakeFiles/retropack-runtime-pcsx.dir/submodules/pcsx_rearmed/libpcsxcore/new_dynarec/emu_if.c.o
[25/41] Building C object CMakeFiles/retropack-runtime-pcsx.dir/submodules/pcsx_rearmed/libpcsxcore/pad.c.o
[26/41] Building C object CMakeFiles/retropack-runtime-pcsx.dir/submodules/pcsx_rearmed/plugins/dfsound/dma.c.o
[27/41] Building C object CMakeFiles/retropack-runtime-pcsx.dir/submodules/pcsx_rearmed/libpcsxcore/sio.c.o
[28/41] Building C object CMakeFiles/retropack-runtime-pcsx.dir/submodules/pcsx_rearmed/plugins/dfsound/registers.c.o
[29/41] Building C object CMakeFiles/retropack-runtime-pcsx.dir/submodules/pcsx_rearmed/libpcsxcore/psxbios.c.o
[30/41] Building C object CMakeFiles/retropack-runtime-pcsx.dir/submodules/pcsx_rearmed/plugins/dfsound/freeze.c.o
[31/41] Building C object CMakeFiles/retropack-runtime-pcsx.dir/submodules/pcsx_rearmed/plugins/dfsound/nullsnd.c.o
[32/41] Building C object CMakeFiles/retropack-runtime-pcsx.dir/submodules/pcsx_rearmed/plugins/dfsound/out.c.o
[33/41] Building C object CMakeFiles/retropack-runtime-pcsx.dir/submodules/pcsx_rearmed/plugins/gpulib/prim.c.o
[34/41] Building C object CMakeFiles/retropack-runtime-pcsx.dir/submodules/pcsx_rearmed/plugins/gpulib/vout_pl.c.o
[35/41] Building C object CMakeFiles/retropack-runtime-pcsx.dir/submodules/pcsx_rearmed/plugins/gpulib/gpu.c.o
[36/41] Building C object CMakeFiles/retropack-runtime-pcsx.dir/submodules/pcsx_rearmed/plugins/dfsound/spu.c.o
[37/41] Building C object CMakeFiles/retropack-runtime-pcsx.dir/submodules/pcsx_rearmed/frontend/cspace.c.o
[38/41] Building C object CMakeFiles/retropack-runtime-pcsx.dir/submodules/pcsx_rearmed/libpcsxcore/gte_nf.c.o
[39/41] Building C object CMakeFiles/retropack-runtime-pcsx.dir/submodules/pcsx_rearmed/libpcsxcore/gte.c.o
[40/41] Building C object CMakeFiles/retropack-runtime-pcsx.dir/submodules/pcsx_rearmed/plugins/dfxvideo/gpulib_if.c.o
[41/41] Linking C shared library ../../../../build/intermediates/cxx/Debug/3uf4qy72/obj/arm64-v8a/libretropack-runtime-pcsx.so
FAILED: ../../../../build/intermediates/cxx/Debug/3uf4qy72/obj/arm64-v8a/libretropack-runtime-pcsx.so 
: && /usr/local/lib/android/sdk/ndk/27.0.12077973/toolchains/llvm/prebuilt/linux-x86_64/bin/clang --target=aarch64-none-linux-android26 --sysroot=/usr/local/lib/android/sdk/ndk/27.0.12077973/toolchains/llvm/prebuilt/linux-x86_64/sysroot -fPIC -g -DANDROID -fdata-sections -ffunction-sections -funwind-tables -fstack-protector-strong -no-canonical-prefixes -D_FORTIFY_SOURCE=2 -Wformat -Werror=format-security  -fno-limit-debug-info  -static-libstdc++ -Wl,--build-id=sha1 -Wl,--no-rosegment -Wl,--no-undefined-version -Wl,--fatal-warnings -Wl,--no-undefined -Qunused-arguments  -Wl,-z,max-page-size=16384 -Wl,-z,common-page-size=16384   -Wl,-z,max-page-size=16384 -Wl,-z,common-page-size=16384 -shared -Wl,-soname,libretropack-runtime-pcsx.so -o ../../../../build/intermediates/cxx/Debug/3uf4qy72/obj/arm64-v8a/libretropack-runtime-pcsx.so CMakeFiles/retropack-runtime-pcsx.dir/src/main/cpp/pcsx-jni.c.o CMakeFiles/retropack-runtime-pcsx.dir/src/main/cpp/ringbuffer.c.o CMakeFiles/retropack-runtime-pcsx.dir/submodules/pcsx_rearmed/libpcsxcore/cdriso.c.o CMakeFiles/retropack-runtime-pcsx.dir/submodules/pcsx_rearmed/libpcsxcore/cdrom.c.o CMakeFiles/retropack-runtime-pcsx.dir/submodules/pcsx_rearmed/libpcsxcore/cdrom-async.c.o CMakeFiles/retropack-runtime-pcsx.dir/submodules/pcsx_rearmed/libpcsxcore/cheat.c.o CMakeFiles/retropack-runtime-pcsx.dir/submodules/pcsx_rearmed/libpcsxcore/database.c.o CMakeFiles/retropack-runtime-pcsx.dir/submodules/pcsx_rearmed/libpcsxcore/decode_xa.c.o CMakeFiles/retropack-runtime-pcsx.dir/submodules/pcsx_rearmed/libpcsxcore/mdec.c.o CMakeFiles/retropack-runtime-pcsx.dir/submodules/pcsx_rearmed/libpcsxcore/misc.c.o CMakeFiles/retropack-runtime-pcsx.dir/submodules/pcsx_rearmed/libpcsxcore/plugins.c.o CMakeFiles/retropack-runtime-pcsx.dir/submodules/pcsx_rearmed/libpcsxcore/ppf.c.o CMakeFiles/retropack-runtime-pcsx.dir/submodules/pcsx_rearmed/libpcsxcore/psxbios.c.o CMakeFiles/retropack-runtime-pcsx.dir/submodules/pcsx_rearmed/libpcsxcore/psxcommon.c.o CMakeFiles/retropack-runtime-pcsx.dir/submodules/pcsx_rearmed/libpcsxcore/psxcounters.c.o CMakeFiles/retropack-runtime-pcsx.dir/submodules/pcsx_rearmed/libpcsxcore/psxdma.c.o CMakeFiles/retropack-runtime-pcsx.dir/submodules/pcsx_rearmed/libpcsxcore/psxhw.c.o CMakeFiles/retropack-runtime-pcsx.dir/submodules/pcsx_rearmed/libpcsxcore/psxinterpreter.c.o CMakeFiles/retropack-runtime-pcsx.dir/submodules/pcsx_rearmed/libpcsxcore/psxmem.c.o CMakeFiles/retropack-runtime-pcsx.dir/submodules/pcsx_rearmed/libpcsxcore/psxevents.c.o CMakeFiles/retropack-runtime-pcsx.dir/submodules/pcsx_rearmed/libpcsxcore/r3000a.c.o CMakeFiles/retropack-runtime-pcsx.dir/submodules/pcsx_rearmed/libpcsxcore/sio.c.o CMakeFiles/retropack-runtime-pcsx.dir/submodules/pcsx_rearmed/libpcsxcore/spu.c.o CMakeFiles/retropack-runtime-pcsx.dir/submodules/pcsx_rearmed/libpcsxcore/gpu.c.o CMakeFiles/retropack-runtime-pcsx.dir/submodules/pcsx_rearmed/libpcsxcore/pad.c.o CMakeFiles/retropack-runtime-pcsx.dir/submodules/pcsx_rearmed/libpcsxcore/gte.c.o CMakeFiles/retropack-runtime-pcsx.dir/submodules/pcsx_rearmed/libpcsxcore/gte_nf.c.o CMakeFiles/retropack-runtime-pcsx.dir/submodules/pcsx_rearmed/libpcsxcore/gte_divider.c.o CMakeFiles/retropack-runtime-pcsx.dir/submodules/pcsx_rearmed/libpcsxcore/new_dynarec/emu_if.c.o CMakeFiles/retropack-runtime-pcsx.dir/submodules/pcsx_rearmed/plugins/dfsound/dma.c.o CMakeFiles/retropack-runtime-pcsx.dir/submodules/pcsx_rearmed/plugins/dfsound/freeze.c.o CMakeFiles/retropack-runtime-pcsx.dir/submodules/pcsx_rearmed/plugins/dfsound/registers.c.o CMakeFiles/retropack-runtime-pcsx.dir/submodules/pcsx_rearmed/plugins/dfsound/spu.c.o CMakeFiles/retropack-runtime-pcsx.dir/submodules/pcsx_rearmed/plugins/dfsound/out.c.o CMakeFiles/retropack-runtime-pcsx.dir/submodules/pcsx_rearmed/plugins/dfsound/nullsnd.c.o CMakeFiles/retropack-runtime-pcsx.dir/submodules/pcsx_rearmed/plugins/gpulib/gpu.c.o CMakeFiles/retropack-runtime-pcsx.dir/submodules/pcsx_rearmed/plugins/gpulib/vout_pl.c.o CMakeFiles/retropack-runtime-pcsx.dir/submodules/pcsx_rearmed/plugins/gpulib/prim.c.o CMakeFiles/retropack-runtime-pcsx.dir/submodules/pcsx_rearmed/plugins/dfxvideo/gpulib_if.c.o CMakeFiles/retropack-runtime-pcsx.dir/submodules/pcsx_rearmed/frontend/cspace.c.o  -lGLESv2  -lEGL  -lOpenSLES  -landroid  -llog  -lm  -lz  -latomic -lm && :
ld.lld: error: undefined symbol: rfopen
>>> referenced by cdriso.c:1452 (/home/runner/work/retro-manager/retro-manager/runtime/retropack-runtime-pcsx/submodules/pcsx_rearmed/libpcsxcore/cdriso.c:1452)
>>>               CMakeFiles/retropack-runtime-pcsx.dir/submodules/pcsx_rearmed/libpcsxcore/cdriso.c.o:(ISOopen)
>>> referenced by cdriso.c:1526 (/home/runner/work/retro-manager/retro-manager/runtime/retropack-runtime-pcsx/submodules/pcsx_rearmed/libpcsxcore/cdriso.c:1526)
>>>               CMakeFiles/retropack-runtime-pcsx.dir/submodules/pcsx_rearmed/libpcsxcore/cdriso.c.o:(ISOopen)
>>> referenced by cdriso.c:216 (/home/runner/work/retro-manager/retro-manager/runtime/retropack-runtime-pcsx/submodules/pcsx_rearmed/libpcsxcore/cdriso.c:216)
>>>               CMakeFiles/retropack-runtime-pcsx.dir/submodules/pcsx_rearmed/libpcsxcore/cdriso.c.o:(parsetoc)
>>> referenced 21 more times
>>> did you mean: fopen
>>> defined in: /usr/local/lib/android/sdk/ndk/27.0.12077973/toolchains/llvm/prebuilt/linux-x86_64/sysroot/usr/lib/aarch64-linux-android/26/libc.so

ld.lld: error: undefined symbol: SysPrintf
>>> referenced by cdriso.c:1454 (/home/runner/work/retro-manager/retro-manager/runtime/retropack-runtime-pcsx/submodules/pcsx_rearmed/libpcsxcore/cdriso.c:1454)
>>>               CMakeFiles/retropack-runtime-pcsx.dir/submodules/pcsx_rearmed/libpcsxcore/cdriso.c.o:(ISOopen)
>>> referenced by cdriso.c:1544 (/home/runner/work/retro-manager/retro-manager/runtime/retropack-runtime-pcsx/submodules/pcsx_rearmed/libpcsxcore/cdriso.c:1544)
>>>               CMakeFiles/retropack-runtime-pcsx.dir/submodules/pcsx_rearmed/libpcsxcore/cdriso.c.o:(ISOopen)
>>> referenced by cdriso.c:1560 (/home/runner/work/retro-manager/retro-manager/runtime/retropack-runtime-pcsx/submodules/pcsx_rearmed/libpcsxcore/cdriso.c:1560)
>>>               CMakeFiles/retropack-runtime-pcsx.dir/submodules/pcsx_rearmed/libpcsxcore/cdriso.c.o:(ISOopen)
>>> referenced 92 more times

ld.lld: error: undefined symbol: rfclose
>>> referenced by cdriso.c:1533 (/home/runner/work/retro-manager/retro-manager/runtime/retropack-runtime-pcsx/submodules/pcsx_rearmed/libpcsxcore/cdriso.c:1533)
>>>               CMakeFiles/retropack-runtime-pcsx.dir/submodules/pcsx_rearmed/libpcsxcore/cdriso.c.o:(ISOopen)
>>> referenced by cdriso.c:238 (/home/runner/work/retro-manager/retro-manager/runtime/retropack-runtime-pcsx/submodules/pcsx_rearmed/libpcsxcore/cdriso.c:238)
>>>               CMakeFiles/retropack-runtime-pcsx.dir/submodules/pcsx_rearmed/libpcsxcore/cdriso.c.o:(parsetoc)
>>> referenced by cdriso.c:334 (/home/runner/work/retro-manager/retro-manager/runtime/retropack-runtime-pcsx/submodules/pcsx_rearmed/libpcsxcore/cdriso.c:334)
>>>               CMakeFiles/retropack-runtime-pcsx.dir/submodules/pcsx_rearmed/libpcsxcore/cdriso.c.o:(parsetoc)
>>> referenced 26 more times

ld.lld: error: undefined symbol: rfread
>>> referenced by cdriso.c:1543 (/home/runner/work/retro-manager/retro-manager/runtime/retropack-runtime-pcsx/submodules/pcsx_rearmed/libpcsxcore/cdriso.c:1543)
>>>               CMakeFiles/retropack-runtime-pcsx.dir/submodules/pcsx_rearmed/libpcsxcore/cdriso.c.o:(ISOopen)
>>> referenced by cdriso.c:1169 (/home/runner/work/retro-manager/retro-manager/runtime/retropack-runtime-pcsx/submodules/pcsx_rearmed/libpcsxcore/cdriso.c:1169)
>>>               CMakeFiles/retropack-runtime-pcsx.dir/submodules/pcsx_rearmed/libpcsxcore/cdriso.c.o:(cdread_normal)
>>> referenced by cdriso.c:648 (/home/runner/work/retro-manager/retro-manager/runtime/retropack-runtime-pcsx/submodules/pcsx_rearmed/libpcsxcore/cdriso.c:648)
>>>               CMakeFiles/retropack-runtime-pcsx.dir/submodules/pcsx_rearmed/libpcsxcore/cdriso.c.o:(parsemds)
>>> referenced 44 more times

ld.lld: error: undefined symbol: rftell
>>> referenced by cdriso.c:168 (/home/runner/work/retro-manager/retro-manager/runtime/retropack-runtime-pcsx/submodules/pcsx_rearmed/libpcsxcore/cdriso.c:168)
>>>               CMakeFiles/retropack-runtime-pcsx.dir/submodules/pcsx_rearmed/libpcsxcore/cdriso.c.o:(get_size)
>>> referenced by cdriso.c:170 (/home/runner/work/retro-manager/retro-manager/runtime/retropack-runtime-pcsx/submodules/pcsx_rearmed/libpcsxcore/cdriso.c:170)
>>>               CMakeFiles/retropack-runtime-pcsx.dir/submodules/pcsx_rearmed/libpcsxcore/cdriso.c.o:(get_size)
>>> referenced by ppf.c:246 (/home/runner/work/retro-manager/retro-manager/runtime/retropack-runtime-pcsx/submodules/pcsx_rearmed/libpcsxcore/ppf.c:246)
>>>               CMakeFiles/retropack-runtime-pcsx.dir/submodules/pcsx_rearmed/libpcsxcore/ppf.c.o:(BuildPPFCache)
>>> referenced 5 more times

ld.lld: error: undefined symbol: rfseek
>>> referenced by cdriso.c:169 (/home/runner/work/retro-manager/retro-manager/runtime/retropack-runtime-pcsx/submodules/pcsx_rearmed/libpcsxcore/cdriso.c:169)
>>>               CMakeFiles/retropack-runtime-pcsx.dir/submodules/pcsx_rearmed/libpcsxcore/cdriso.c.o:(get_size)
>>> referenced by cdriso.c:171 (/home/runner/work/retro-manager/retro-manager/runtime/retropack-runtime-pcsx/submodules/pcsx_rearmed/libpcsxcore/cdriso.c:171)
>>>               CMakeFiles/retropack-runtime-pcsx.dir/submodules/pcsx_rearmed/libpcsxcore/cdriso.c.o:(get_size)
>>> referenced by cdriso.c:1167 (/home/runner/work/retro-manager/retro-manager/runtime/retropack-runtime-pcsx/submodules/pcsx_rearmed/libpcsxcore/cdriso.c:1167)
>>>               CMakeFiles/retropack-runtime-pcsx.dir/submodules/pcsx_rearmed/libpcsxcore/cdriso.c.o:(cdread_normal)
>>> referenced 47 more times

ld.lld: error: undefined symbol: rfgets
>>> referenced by cdriso.c:234 (/home/runner/work/retro-manager/retro-manager/runtime/retropack-runtime-pcsx/submodules/pcsx_rearmed/libpcsxcore/cdriso.c:234)
>>>               CMakeFiles/retropack-runtime-pcsx.dir/submodules/pcsx_rearmed/libpcsxcore/cdriso.c.o:(parsetoc)
>>> referenced by cdriso.c:252 (/home/runner/work/retro-manager/retro-manager/runtime/retropack-runtime-pcsx/submodules/pcsx_rearmed/libpcsxcore/cdriso.c:252)
>>>               CMakeFiles/retropack-runtime-pcsx.dir/submodules/pcsx_rearmed/libpcsxcore/cdriso.c.o:(parsetoc)
>>> referenced by cdriso.c:589 (/home/runner/work/retro-manager/retro-manager/runtime/retropack-runtime-pcsx/submodules/pcsx_rearmed/libpcsxcore/cdriso.c:589)
>>>               CMakeFiles/retropack-runtime-pcsx.dir/submodules/pcsx_rearmed/libpcsxcore/cdriso.c.o:(parseccd)
>>> referenced 2 more times

ld.lld: error: undefined symbol: rfgetc
>>> referenced by cdriso.c:680 (/home/runner/work/retro-manager/retro-manager/runtime/retropack-runtime-pcsx/submodules/pcsx_rearmed/libpcsxcore/cdriso.c:680)
>>>               CMakeFiles/retropack-runtime-pcsx.dir/submodules/pcsx_rearmed/libpcsxcore/cdriso.c.o:(parsemds)
>>> referenced by cdriso.c:688 (/home/runner/work/retro-manager/retro-manager/runtime/retropack-runtime-pcsx/submodules/pcsx_rearmed/libpcsxcore/cdriso.c:688)
>>>               CMakeFiles/retropack-runtime-pcsx.dir/submodules/pcsx_rearmed/libpcsxcore/cdriso.c.o:(parsemds)
>>> referenced by cdriso.c:696 (/home/runner/work/retro-manager/retro-manager/runtime/retropack-runtime-pcsx/submodules/pcsx_rearmed/libpcsxcore/cdriso.c:696)
>>>               CMakeFiles/retropack-runtime-pcsx.dir/submodules/pcsx_rearmed/libpcsxcore/cdriso.c.o:(parsemds)
>>> referenced 7 more times

ld.lld: error: undefined symbol: PAD1_readPort
>>> referenced by pad.c:537 (/home/runner/work/retro-manager/retro-manager/runtime/retropack-runtime-pcsx/submodules/pcsx_rearmed/libpcsxcore/pad.c:537)
>>>               CMakeFiles/retropack-runtime-pcsx.dir/submodules/pcsx_rearmed/libpcsxcore/pad.c.o:(PAD1_startPoll)
>>> referenced by pad.c:543 (/home/runner/work/retro-manager/retro-manager/runtime/retropack-runtime-pcsx/submodules/pcsx_rearmed/libpcsxcore/pad.c:543)
>>>               CMakeFiles/retropack-runtime-pcsx.dir/submodules/pcsx_rearmed/libpcsxcore/pad.c.o:(PAD1_startPoll)

ld.lld: error: undefined symbol: PAD2_readPort
>>> referenced by pad.c:561 (/home/runner/work/retro-manager/retro-manager/runtime/retropack-runtime-pcsx/submodules/pcsx_rearmed/libpcsxcore/pad.c:561)
>>>               CMakeFiles/retropack-runtime-pcsx.dir/submodules/pcsx_rearmed/libpcsxcore/pad.c.o:(PAD2_startPoll)
>>> referenced by pad.c:566 (/home/runner/work/retro-manager/retro-manager/runtime/retropack-runtime-pcsx/submodules/pcsx_rearmed/libpcsxcore/pad.c:566)
>>>               CMakeFiles/retropack-runtime-pcsx.dir/submodules/pcsx_rearmed/libpcsxcore/pad.c.o:(PAD2_startPoll)

ld.lld: error: undefined symbol: pl_gun_byte2
>>> referenced by pad.c:442 (/home/runner/work/retro-manager/retro-manager/runtime/retropack-runtime-pcsx/submodules/pcsx_rearmed/libpcsxcore/pad.c:442)
>>>               CMakeFiles/retropack-runtime-pcsx.dir/submodules/pcsx_rearmed/libpcsxcore/pad.c.o:(PADpoll_)

ld.lld: error: undefined symbol: plat_trigger_vibrate
>>> referenced by pad.c:274 (/home/runner/work/retro-manager/retro-manager/runtime/retropack-runtime-pcsx/submodules/pcsx_rearmed/libpcsxcore/pad.c:274)
>>>               CMakeFiles/retropack-runtime-pcsx.dir/submodules/pcsx_rearmed/libpcsxcore/pad.c.o:(ds_update_vibrate)

ld.lld: error: undefined symbol: rfwrite
>>> referenced by sio.c:422 (/home/runner/work/retro-manager/retro-manager/runtime/retropack-runtime-pcsx/submodules/pcsx_rearmed/libpcsxcore/sio.c:422)
>>>               CMakeFiles/retropack-runtime-pcsx.dir/submodules/pcsx_rearmed/libpcsxcore/sio.c.o:(SaveMcd)
>>> referenced by sio.c:606 (/home/runner/work/retro-manager/retro-manager/runtime/retropack-runtime-pcsx/submodules/pcsx_rearmed/libpcsxcore/sio.c:606)
>>>               CMakeFiles/retropack-runtime-pcsx.dir/submodules/pcsx_rearmed/libpcsxcore/sio.c.o:(ConvertMcd)
>>> referenced by sio.c:641 (/home/runner/work/retro-manager/retro-manager/runtime/retropack-runtime-pcsx/submodules/pcsx_rearmed/libpcsxcore/sio.c:641)
>>>               CMakeFiles/retropack-runtime-pcsx.dir/submodules/pcsx_rearmed/libpcsxcore/sio.c.o:(ConvertMcd)
>>> referenced 1 more times

ld.lld: error: undefined symbol: SysMessage
>>> referenced by sio.c:382 (/home/runner/work/retro-manager/retro-manager/runtime/retropack-runtime-pcsx/submodules/pcsx_rearmed/libpcsxcore/sio.c:382)
>>>               CMakeFiles/retropack-runtime-pcsx.dir/submodules/pcsx_rearmed/libpcsxcore/sio.c.o:(LoadMcd)
>>> referenced by psxmem.c:107 (/home/runner/work/retro-manager/retro-manager/runtime/retropack-runtime-pcsx/submodules/pcsx_rearmed/libpcsxcore/psxmem.c:107)
>>>               CMakeFiles/retropack-runtime-pcsx.dir/submodules/pcsx_rearmed/libpcsxcore/psxmem.c.o:(psxMap)
>>> referenced by psxmem.c:255 (/home/runner/work/retro-manager/retro-manager/runtime/retropack-runtime-pcsx/submodules/pcsx_rearmed/libpcsxcore/psxmem.c:255)
>>>               CMakeFiles/retropack-runtime-pcsx.dir/submodules/pcsx_rearmed/libpcsxcore/psxmem.c.o:(psxMemInit)
>>> referenced 35 more times

ld.lld: error: undefined symbol: rfputc
>>> referenced by sio.c:455 (/home/runner/work/retro-manager/retro-manager/runtime/retropack-runtime-pcsx/submodules/pcsx_rearmed/libpcsxcore/sio.c:455)
>>>               CMakeFiles/retropack-runtime-pcsx.dir/submodules/pcsx_rearmed/libpcsxcore/sio.c.o:(CreateMcd)
>>> referenced by sio.c:457 (/home/runner/work/retro-manager/retro-manager/runtime/retropack-runtime-pcsx/submodules/pcsx_rearmed/libpcsxcore/sio.c:457)
>>>               CMakeFiles/retropack-runtime-pcsx.dir/submodules/pcsx_rearmed/libpcsxcore/sio.c.o:(CreateMcd)
>>> referenced by sio.c:459 (/home/runner/work/retro-manager/retro-manager/runtime/retropack-runtime-pcsx/submodules/pcsx_rearmed/libpcsxcore/sio.c:459)
>>>               CMakeFiles/retropack-runtime-pcsx.dir/submodules/pcsx_rearmed/libpcsxcore/sio.c.o:(CreateMcd)
>>> referenced 89 more times

ld.lld: error: undefined symbol: path_get_size
>>> referenced by sio.c:44 (/home/runner/work/retro-manager/retro-manager/runtime/retropack-runtime-pcsx/submodules/pcsx_rearmed/libpcsxcore/sio.c:44)
>>>               CMakeFiles/retropack-runtime-pcsx.dir/submodules/pcsx_rearmed/libpcsxcore/sio.c.o:(McdFileSize)

ld.lld: error: undefined symbol: pl_frame_limit
>>> referenced by psxcommon.c:56 (/home/runner/work/retro-manager/retro-manager/runtime/retropack-runtime-pcsx/submodules/pcsx_rearmed/libpcsxcore/psxcommon.c:56)
>>>               CMakeFiles/retropack-runtime-pcsx.dir/submodules/pcsx_rearmed/libpcsxcore/psxcommon.c.o:(EmuUpdate)

ld.lld: error: undefined symbol: SysLibError
>>> referenced by plugins.c:315 (/home/runner/work/retro-manager/retro-manager/runtime/retropack-runtime-pcsx/submodules/pcsx_rearmed/libpcsxcore/plugins.c:315)
>>>               CMakeFiles/retropack-runtime-pcsx.dir/submodules/pcsx_rearmed/libpcsxcore/plugins.c.o:(LoadPlugins)
>>> referenced by plugins.c:139 (/home/runner/work/retro-manager/retro-manager/runtime/retropack-runtime-pcsx/submodules/pcsx_rearmed/libpcsxcore/plugins.c:139)
>>>               CMakeFiles/retropack-runtime-pcsx.dir/submodules/pcsx_rearmed/libpcsxcore/plugins.c.o:(LoadGPUplugin)
>>> referenced by plugins.c:140 (/home/runner/work/retro-manager/retro-manager/runtime/retropack-runtime-pcsx/submodules/pcsx_rearmed/libpcsxcore/plugins.c:140)
>>>               CMakeFiles/retropack-runtime-pcsx.dir/submodules/pcsx_rearmed/libpcsxcore/plugins.c.o:(LoadGPUplugin)
>>> referenced 22 more times

ld.lld: error: undefined symbol: SysLoadLibrary
>>> referenced by plugins.c:134 (/home/runner/work/retro-manager/retro-manager/runtime/retropack-runtime-pcsx/submodules/pcsx_rearmed/libpcsxcore/plugins.c:134)
>>>               CMakeFiles/retropack-runtime-pcsx.dir/submodules/pcsx_rearmed/libpcsxcore/plugins.c.o:(LoadGPUplugin)
>>> referenced by plugins.c:186 (/home/runner/work/retro-manager/retro-manager/runtime/retropack-runtime-pcsx/submodules/pcsx_rearmed/libpcsxcore/plugins.c:186)
>>>               CMakeFiles/retropack-runtime-pcsx.dir/submodules/pcsx_rearmed/libpcsxcore/plugins.c.o:(LoadSPUplugin)

ld.lld: error: undefined symbol: SysLoadSym
>>> referenced by plugins.c:139 (/home/runner/work/retro-manager/retro-manager/runtime/retropack-runtime-pcsx/submodules/pcsx_rearmed/libpcsxcore/plugins.c:139)
>>>               CMakeFiles/retropack-runtime-pcsx.dir/submodules/pcsx_rearmed/libpcsxcore/plugins.c.o:(LoadGPUplugin)
>>> referenced by plugins.c:140 (/home/runner/work/retro-manager/retro-manager/runtime/retropack-runtime-pcsx/submodules/pcsx_rearmed/libpcsxcore/plugins.c:140)
>>>               CMakeFiles/retropack-runtime-pcsx.dir/submodules/pcsx_rearmed/libpcsxcore/plugins.c.o:(LoadGPUplugin)
>>> referenced by plugins.c:141 (/home/runner/work/retro-manager/retro-manager/runtime/retropack-runtime-pcsx/submodules/pcsx_rearmed/libpcsxcore/plugins.c:141)
>>>               CMakeFiles/retropack-runtime-pcsx.dir/submodules/pcsx_rearmed/libpcsxcore/plugins.c.o:(LoadGPUplugin)
>>> referenced 27 more times

ld.lld: error: too many errors emitted, stopping now (use --error-limit=0 to see all errors)
clang: error: linker command failed with exit code 1 (use -v to see invocation)
ninja: build stopped: subcommand failed.

C++ build system [build] failed while executing:
    /usr/local/lib/android/sdk/cmake/3.22.1/bin/ninja \
      -C \
      /home/runner/work/retro-manager/retro-manager/runtime/retropack-runtime-pcsx/.cxx/Debug/3uf4qy72/arm64-v8a \
      retropack-runtime-pcsx
  from /home/runner/work/retro-manager/retro-manager/runtime/retropack-runtime-pcsx
	at com.android.build.gradle.internal.cxx.process.ExecuteProcessKt.execute(ExecuteProcess.kt:288)
	at com.android.build.gradle.internal.cxx.process.ExecuteProcessKt$executeProcess$1.invoke(ExecuteProcess.kt:108)
	at com.android.build.gradle.internal.cxx.process.ExecuteProcessKt$executeProcess$1.invoke(ExecuteProcess.kt:106)
	at com.android.build.gradle.internal.cxx.timing.TimingEnvironmentKt.time(TimingEnvironment.kt:32)
	at com.android.build.gradle.internal.cxx.process.ExecuteProcessKt.executeProcess(ExecuteProcess.kt:106)
	at com.android.build.gradle.internal.cxx.process.ExecuteProcessKt.executeProcess$default(ExecuteProcess.kt:85)
	at com.android.build.gradle.internal.cxx.build.CxxRegularBuilder.executeProcessBatch(CxxRegularBuilder.kt:332)
	at com.android.build.gradle.internal.cxx.build.CxxRegularBuilder.build(CxxRegularBuilder.kt:129)
	at com.android.build.gradle.tasks.ExternalNativeBuildTask.doTaskAction(ExternalNativeBuildTask.kt:72)
	at com.android.build.gradle.internal.tasks.UnsafeOutputsTask$taskAction$$inlined$recordTaskAction$1.invoke(BaseTask.kt:78)
	at com.android.build.gradle.internal.tasks.Blocks.recordSpan(Blocks.java:51)
	at com.android.build.gradle.internal.tasks.UnsafeOutputsTask.taskAction(UnsafeOutputsTask.kt:81)
	at org.gradle.internal.reflect.JavaMethod.invoke(JavaMethod.java:125)
	... 129 more
Caused by: com.android.ide.common.process.ProcessException: Error while executing process /usr/local/lib/android/sdk/cmake/3.22.1/bin/ninja with arguments {-C /home/runner/work/retro-manager/retro-manager/runtime/retropack-runtime-pcsx/.cxx/Debug/3uf4qy72/arm64-v8a retropack-runtime-pcsx}
	at com.android.build.gradle.internal.process.GradleProcessResult.buildProcessException(GradleProcessResult.java:73)
	at com.android.build.gradle.internal.process.GradleProcessResult.assertNormalExitValue(GradleProcessResult.java:48)
	at com.android.build.gradle.internal.cxx.process.ExecuteProcessKt.execute(ExecuteProcess.kt:277)
	... 141 more
Caused by: org.gradle.process.ProcessExecutionException: Process 'command '/usr/local/lib/android/sdk/cmake/3.22.1/bin/ninja'' finished with non-zero exit value 1
	at org.gradle.process.internal.DefaultExecHandle$ExecResultImpl.assertNormalExitValue(DefaultExecHandle.java:459)
	at com.android.build.gradle.internal.process.GradleProcessResult.assertNormalExitValue(GradleProcessResult.java:46)
	... 142 more


Deprecated Gradle features were used in this build, making it incompatible with Gradle 10.

You can use '--warning-mode all' to show the individual deprecation warnings and determine if they come from your own scripts or plugins.

For more on this, please refer to https://docs.gradle.org/9.5.1/userguide/command_line_interface.html#sec:command_line_warnings in the Gradle documentation.

BUILD FAILED in 3s
2 actionable tasks: 2 executed
